# Blender 4.5.2 LTS
# www.blender.org
mtllib car.mtl
o Pony_cartoon2
v -1.040365 -1.623338 -0.231623
v 1.464688 -1.333536 -0.231623
v -1.383524 1.342925 -0.231623
v 1.121530 1.632728 -0.231623
v -0.068660 0.593494 0.729204
v 0.220187 0.595492 0.719012
v 0.139931 0.601510 0.725459
v 0.033148 0.599592 0.728469
v 0.213987 0.672897 0.577456
v -0.081441 0.703979 0.527649
v 0.026908 0.710943 0.524733
v 0.035066 0.573826 0.763313
v -0.065474 0.565958 0.766223
v 0.140616 0.576436 0.759450
v 0.219877 0.574398 0.748238
v 0.187098 0.572095 0.757225
v 0.235835 0.581668 0.731130
v 0.237488 0.591690 0.715594
v 0.236106 0.669379 0.574551
v 0.236968 0.615485 0.672445
v 0.137948 0.711674 0.524491
v 0.201950 0.703313 0.524196
v 0.211891 0.699071 0.529589
v 0.228166 0.691592 0.538056
v 0.030259 -0.261562 0.822076
v 0.379245 -0.176622 0.785755
v 0.290296 -0.207268 0.802124
v 0.164298 -0.237142 0.814101
v 0.410371 -0.164682 0.777500
v 0.193501 -0.391393 0.521769
v 0.048133 -0.416058 0.532636
v 0.338629 -0.359853 0.503077
v 0.028299 -0.244619 0.842283
v 0.160005 -0.221788 0.834293
v 0.285017 -0.192736 0.823356
v 0.373910 -0.162776 0.807706
v 0.449078 -0.323940 0.478355
v 0.403857 -0.149898 0.800984
v 0.418474 -0.147464 0.789085
v 0.427918 -0.155756 0.768579
v 0.476239 -0.311501 0.473366
v 0.486256 -0.301917 0.476610
v 0.489953 -0.284182 0.499661
v -0.350333 0.529491 0.719012
v -0.273570 0.553674 0.725459
v -0.169170 0.576187 0.728469
v -0.361970 0.606266 0.577456
v -0.188519 0.686020 0.524733
v -0.165155 0.550663 0.763313
v -0.268513 0.529105 0.759450
v -0.345215 0.509024 0.748238
v -0.312776 0.514266 0.757225
v -0.362411 0.512459 0.731130
v -0.366309 0.521839 0.715594
v -0.382701 0.597791 0.574551
v -0.371235 0.545124 0.672445
v -0.296792 0.661380 0.524491
v -0.357195 0.638627 0.524196
v -0.365905 0.632228 0.529589
v -0.380042 0.621230 0.538056
v -0.328902 -0.258546 0.785755
v -0.235305 -0.268073 0.802124
v -0.105815 -0.268390 0.814101
v -0.361932 -0.254027 0.777500
v -0.099027 -0.425235 0.521769
v -0.247524 -0.427663 0.503077
v -0.105140 -0.252462 0.834293
v -0.233484 -0.252720 0.823356
v -0.326869 -0.243847 0.807706
v -0.363255 -0.417916 0.478355
v -0.358965 -0.238146 0.800984
v -0.373751 -0.239114 0.789085
v -0.381053 -0.249344 0.768579
v -0.392539 -0.412007 0.473366
v -0.404479 -0.404964 0.476610
v -0.412128 -0.388541 0.499661
v 0.412429 0.165034 0.721684
v 0.423115 0.145658 0.673733
v 0.437492 0.013886 0.693024
v 0.407172 0.150149 0.777149
v 0.395755 0.238878 0.768246
v 0.419403 0.047647 0.781685
v 0.462387 0.119508 0.456428
v 0.484344 -0.055263 0.463867
v 0.426229 -0.000584 0.773273
v 0.434613 -0.043624 0.754704
v 0.448378 -0.085923 0.707636
v 0.501896 -0.194992 0.469813
v 0.438258 0.311536 0.448251
v 0.405587 0.306222 0.650226
v 0.388834 0.303498 0.757761
v 0.398669 0.305097 0.692752
v 0.389542 0.398001 0.673561
v 0.394516 0.407642 0.635379
v 0.381398 0.396743 0.726935
v 0.382312 0.422127 0.699470
v 0.384892 0.445271 0.663797
v 0.382409 0.364073 0.747078
v 0.394886 0.343598 0.684799
v 0.384265 0.340685 0.755151
v 0.388388 0.463755 0.627164
v 0.432960 0.353775 0.446385
v 0.401320 0.345318 0.644503
v 0.419029 0.462952 0.443051
v 0.404817 0.517856 0.484799
v 0.410192 0.518650 0.451754
v 0.413265 0.508097 0.441672
v -0.439215 0.066510 0.721684
v -0.445195 0.045206 0.673733
v -0.429107 -0.086368 0.693024
v -0.430699 0.053218 0.777149
v -0.439842 0.142210 0.768246
v -0.419204 -0.049369 0.781685
v -0.477460 0.010780 0.456428
v -0.458933 -0.164388 0.463867
v -0.414837 -0.097884 0.773273
v -0.413174 -0.141702 0.754704
v -0.416917 -0.186027 0.707636
v -0.444119 -0.304434 0.469813
v -0.497811 0.203245 0.448251
v -0.464791 0.205530 0.650226
v -0.447858 0.206703 0.757761
v -0.457798 0.206015 0.692752
v -0.470124 0.298548 0.673561
v -0.477168 0.306799 0.635379
v -0.461908 0.299183 0.726935
v -0.468593 0.323688 0.699470
v -0.476390 0.345632 0.663797
v -0.455433 0.267146 0.747078
v -0.462906 0.244363 0.684799
v -0.451900 0.243951 0.755151
v -0.484014 0.362829 0.627164
v -0.502297 0.245578 0.446385
v -0.469562 0.244568 0.644503
v -0.513661 0.355051 0.443051
v -0.512361 0.411751 0.484799
v -0.517775 0.411296 0.451754
v -0.518357 0.400320 0.441672
v 0.536091 -0.457045 -0.219753
v 0.566721 -0.516611 -0.230727
v 0.598542 -0.576436 -0.223685
v 0.626711 -0.627411 -0.187929
v 0.646938 -0.661777 -0.131965
v 0.656145 -0.674302 -0.065029
v 0.652930 -0.663078 0.002690
v 0.637782 -0.629815 0.060882
v 0.613007 -0.579576 0.100687
v 0.582378 -0.520011 0.116045
v 0.550556 -0.460186 0.104619
v 0.522388 -0.409210 0.068148
v 0.502160 -0.374844 0.012184
v 0.492953 -0.362320 -0.054753
v 0.496168 -0.373544 -0.122472
v 0.511316 -0.406807 -0.180663
v 0.440024 -0.507421 -0.215965
v 0.470653 -0.566987 -0.226939
v 0.502475 -0.626811 -0.219897
v 0.530644 -0.677787 -0.184141
v 0.550871 -0.712153 -0.128177
v 0.560078 -0.724678 -0.061241
v 0.556863 -0.713454 0.006478
v 0.541715 -0.680191 0.064670
v 0.516940 -0.629952 0.104474
v 0.486311 -0.570386 0.119833
v 0.454489 -0.510562 0.108407
v 0.426321 -0.459586 0.071936
v 0.406093 -0.425220 0.015972
v 0.396886 -0.412696 -0.050965
v 0.400101 -0.423919 -0.118684
v 0.415249 -0.457182 -0.176875
v 0.559803 -0.463749 -0.182924
v 0.583234 -0.509316 -0.192431
v 0.607577 -0.555081 -0.185933
v 0.629126 -0.594077 -0.158417
v 0.644600 -0.620367 -0.115605
v 0.651643 -0.629948 -0.064400
v 0.649183 -0.621362 -0.012596
v 0.637595 -0.595916 0.031920
v 0.618643 -0.557484 0.062370
v 0.595212 -0.511917 0.074119
v 0.570868 -0.466152 0.065379
v 0.549320 -0.427156 0.037478
v 0.533846 -0.400866 -0.005333
v 0.526803 -0.391285 -0.056539
v 0.529262 -0.399871 -0.108343
v 0.540850 -0.425317 -0.152859
v 0.434388 -0.529514 -0.177979
v 0.457820 -0.575081 -0.187486
v 0.482163 -0.620846 -0.180987
v 0.503711 -0.659842 -0.153472
v 0.519185 -0.686131 -0.110660
v 0.526228 -0.695713 -0.059455
v 0.523769 -0.687127 -0.007650
v 0.512181 -0.661681 0.036865
v 0.493229 -0.623249 0.067316
v 0.469797 -0.577681 0.079065
v 0.445454 -0.531916 0.070324
v 0.423905 -0.492921 0.042424
v 0.408432 -0.466631 -0.000388
v 0.401388 -0.457050 -0.051594
v 0.403848 -0.465636 -0.103398
v 0.415436 -0.491082 -0.147914
v 0.552011 -0.481307 -0.156175
v 0.570375 -0.517019 -0.164786
v 0.589454 -0.552887 -0.158533
v 0.606342 -0.583450 -0.136677
v 0.618470 -0.604054 -0.103124
v 0.623990 -0.611563 -0.062992
v 0.622062 -0.604834 -0.022391
v 0.612980 -0.584891 0.012498
v 0.598126 -0.554770 0.036363
v 0.579762 -0.519058 0.045571
v 0.560684 -0.483190 0.038721
v 0.543795 -0.452627 0.016854
v 0.531668 -0.432023 -0.016699
v 0.526148 -0.424514 -0.056831
v 0.528075 -0.431243 -0.097432
v 0.537157 -0.451186 -0.132320
v 0.473722 -0.542344 -0.113320
v 0.484569 -0.563439 -0.118759
v 0.478842 -0.568498 -0.056117
v 0.495839 -0.584625 -0.114713
v 0.505815 -0.602678 -0.101796
v 0.512978 -0.614849 -0.081977
v 0.516239 -0.619285 -0.058272
v 0.515100 -0.615310 -0.034289
v 0.509735 -0.603530 -0.013681
v 0.500962 -0.585738 0.000416
v 0.490114 -0.564643 0.005855
v 0.478845 -0.543456 0.001808
v 0.468869 -0.525403 -0.011108
v 0.461705 -0.513233 -0.030927
v 0.458445 -0.508797 -0.054632
v 0.459583 -0.512772 -0.078615
v 0.464948 -0.524552 -0.099223
v 0.459973 -0.428908 -0.182748
v 0.444320 -0.394536 -0.122616
v 0.440998 -0.382938 -0.052640
v 0.450512 -0.395880 0.016528
v 0.471413 -0.431392 0.074357
v 0.500521 -0.484067 0.112044
v 0.533403 -0.545885 0.123851
v 0.565054 -0.607437 0.107981
v 0.590654 -0.659350 0.066849
v 0.606307 -0.693722 0.006718
v 0.609630 -0.705320 -0.063258
v 0.600116 -0.692378 -0.132426
v 0.579214 -0.656866 -0.190256
v 0.550106 -0.604191 -0.227362
v 0.517224 -0.542372 -0.234651
v 0.485574 -0.480821 -0.223298
v 0.562829 -0.477566 -0.152766
v 0.580466 -0.511866 -0.161261
v 0.598790 -0.546314 -0.155031
v 0.615010 -0.575667 -0.134029
v 0.626657 -0.595456 -0.101804
v 0.631959 -0.602668 -0.063260
v 0.630108 -0.596205 -0.024266
v 0.621385 -0.577051 0.009242
v 0.607119 -0.548123 0.032163
v 0.589482 -0.513823 0.041006
v 0.571158 -0.479375 0.034427
v 0.554938 -0.450021 0.013426
v 0.543291 -0.430233 -0.018800
v 0.537989 -0.423021 -0.057343
v 0.539840 -0.429484 -0.096337
v 0.548563 -0.448637 -0.129845
v 0.553548 -0.492828 -0.131708
v 0.567275 -0.519524 -0.138591
v 0.581536 -0.546335 -0.133471
v 0.594161 -0.569181 -0.117125
v 0.603226 -0.584583 -0.092044
v 0.607352 -0.590196 -0.062045
v 0.605911 -0.585166 -0.031695
v 0.599122 -0.570258 -0.005616
v 0.588019 -0.547743 0.012224
v 0.574292 -0.521047 0.019107
v 0.560031 -0.494236 0.013986
v 0.547406 -0.471390 -0.002359
v 0.538341 -0.455988 -0.027441
v 0.534215 -0.450375 -0.057440
v 0.535655 -0.455405 -0.087789
v 0.542444 -0.470313 -0.113869
v 0.573250 -0.497048 -0.103519
v 0.581504 -0.513100 -0.107657
v 0.590079 -0.529221 -0.104579
v 0.597669 -0.542957 -0.094751
v 0.603120 -0.552218 -0.079670
v 0.605601 -0.555593 -0.061633
v 0.604735 -0.552568 -0.043384
v 0.600653 -0.543605 -0.027704
v 0.593977 -0.530067 -0.016977
v 0.585723 -0.514016 -0.012839
v 0.577148 -0.497895 -0.015918
v 0.569558 -0.484158 -0.025745
v 0.564107 -0.474898 -0.040826
v 0.561626 -0.471523 -0.058864
v 0.562492 -0.474547 -0.077112
v 0.566574 -0.483511 -0.092793
v 0.593051 -0.508609 -0.060620
v -0.465256 -0.606526 -0.219753
v -0.433676 -0.665594 -0.230727
v -0.402562 -0.725789 -0.223685
v -0.376649 -0.777948 -0.187929
v -0.359883 -0.814129 -0.131965
v -0.354816 -0.828825 -0.065029
v -0.362220 -0.819797 0.002690
v -0.380967 -0.788422 0.060882
v -0.408204 -0.739474 0.100687
v -0.439783 -0.680406 0.116045
v -0.470898 -0.620211 0.104619
v -0.496811 -0.568052 0.068148
v -0.513577 -0.531871 0.012184
v -0.518644 -0.517176 -0.054753
v -0.511240 -0.526203 -0.122472
v -0.492492 -0.557579 -0.180663
v -0.369189 -0.556151 -0.215965
v -0.337609 -0.615218 -0.226939
v -0.306494 -0.675413 -0.219897
v -0.280582 -0.727572 -0.184141
v -0.263816 -0.763753 -0.128177
v -0.258749 -0.778449 -0.061241
v -0.266153 -0.769422 0.006478
v -0.284900 -0.738046 0.064670
v -0.312137 -0.689098 0.104474
v -0.343716 -0.630031 0.119833
v -0.374831 -0.569835 0.108407
v -0.400744 -0.517677 0.071936
v -0.417510 -0.481496 0.015972
v -0.422577 -0.466800 -0.050965
v -0.415173 -0.475827 -0.118684
v -0.396425 -0.507203 -0.176875
v -0.473225 -0.629843 -0.182924
v -0.449067 -0.675029 -0.192431
v -0.425265 -0.721078 -0.185933
v -0.405442 -0.760978 -0.158417
v -0.392616 -0.788657 -0.115605
v -0.388740 -0.799899 -0.064400
v -0.394404 -0.792993 -0.012596
v -0.408746 -0.768991 0.031920
v -0.429581 -0.731546 0.062370
v -0.453739 -0.686360 0.074120
v -0.477542 -0.640312 0.065379
v -0.497365 -0.600411 0.037478
v -0.510191 -0.572733 -0.005333
v -0.514067 -0.561491 -0.056539
v -0.508403 -0.568396 -0.108343
v -0.494061 -0.592399 -0.152859
v -0.347811 -0.564078 -0.177979
v -0.323653 -0.609264 -0.187486
v -0.299851 -0.655313 -0.180987
v -0.280028 -0.695213 -0.153472
v -0.267202 -0.722892 -0.110660
v -0.263326 -0.734134 -0.059455
v -0.268990 -0.727228 -0.007650
v -0.283331 -0.703226 0.036865
v -0.304167 -0.665782 0.067316
v -0.328325 -0.620595 0.079065
v -0.352127 -0.574547 0.070324
v -0.371950 -0.534646 0.042424
v -0.384776 -0.506968 -0.000388
v -0.388652 -0.495726 -0.051594
v -0.382988 -0.502632 -0.103398
v -0.368647 -0.526634 -0.147914
v -0.454352 -0.633418 -0.156175
v -0.435419 -0.668832 -0.164786
v -0.416764 -0.704922 -0.158533
v -0.401228 -0.736194 -0.136677
v -0.391176 -0.757886 -0.103124
v -0.388138 -0.766697 -0.062992
v -0.392577 -0.761285 -0.022391
v -0.403817 -0.742474 0.012498
v -0.420147 -0.713127 0.036363
v -0.439080 -0.677713 0.045571
v -0.457735 -0.641623 0.038721
v -0.473271 -0.610351 0.016854
v -0.483323 -0.588659 -0.016699
v -0.486361 -0.579848 -0.056831
v -0.481922 -0.585260 -0.097432
v -0.470682 -0.604072 -0.132320
v -0.359625 -0.603729 -0.113320
v -0.348441 -0.624647 -0.118759
v -0.341023 -0.622813 -0.056117
v -0.337422 -0.645965 -0.114713
v -0.328245 -0.664437 -0.101796
v -0.322307 -0.677250 -0.081977
v -0.320513 -0.682455 -0.058272
v -0.323135 -0.679258 -0.034289
v -0.329774 -0.668146 -0.013681
v -0.339420 -0.650812 0.000416
v -0.350604 -0.629893 0.005855
v -0.361623 -0.608575 0.001808
v -0.370800 -0.590103 -0.011108
v -0.376737 -0.577290 -0.030927
v -0.378532 -0.572086 -0.054632
v -0.375910 -0.575283 -0.078615
v -0.369271 -0.586394 -0.099223
v -0.445116 -0.527913 -0.182748
v -0.464488 -0.495491 -0.122616
v -0.472139 -0.486163 -0.052640
v -0.466903 -0.501349 0.016528
v -0.449578 -0.538736 0.074357
v -0.422802 -0.592633 0.112044
v -0.390650 -0.654835 0.123851
v -0.358018 -0.715872 0.107981
v -0.329873 -0.766451 0.066849
v -0.310501 -0.798873 0.006718
v -0.302850 -0.808201 -0.063258
v -0.308086 -0.793015 -0.132426
v -0.325411 -0.755628 -0.190256
v -0.352187 -0.701731 -0.227362
v -0.384339 -0.639529 -0.234651
v -0.416971 -0.578492 -0.223298
v -0.463581 -0.640189 -0.152766
v -0.445396 -0.674202 -0.161261
v -0.427480 -0.708864 -0.155031
v -0.412558 -0.738898 -0.134029
v -0.402904 -0.759732 -0.101804
v -0.399987 -0.768194 -0.063260
v -0.404250 -0.762996 -0.024266
v -0.415045 -0.744929 0.009242
v -0.430729 -0.716744 0.032163
v -0.448913 -0.682731 0.041006
v -0.466830 -0.648070 0.034427
v -0.481751 -0.618035 0.013426
v -0.491405 -0.597201 -0.018799
v -0.494323 -0.588739 -0.057343
v -0.490059 -0.593937 -0.096337
v -0.479264 -0.612004 -0.129845
v -0.445749 -0.641234 -0.131708
v -0.431596 -0.667706 -0.138591
v -0.417651 -0.694684 -0.133471
v -0.406037 -0.718060 -0.117125
v -0.398523 -0.734275 -0.092044
v -0.396253 -0.740861 -0.062045
v -0.399571 -0.736816 -0.031695
v -0.407973 -0.722754 -0.005616
v -0.420180 -0.700817 0.012224
v -0.434333 -0.674345 0.019107
v -0.448277 -0.647367 0.013986
v -0.459891 -0.623991 -0.002359
v -0.467405 -0.607776 -0.027441
v -0.469675 -0.601190 -0.057440
v -0.466357 -0.605235 -0.087789
v -0.457955 -0.619297 -0.113869
v -0.453481 -0.659841 -0.103519
v -0.444971 -0.675758 -0.107657
v -0.436587 -0.691978 -0.104579
v -0.429604 -0.706034 -0.094751
v -0.425086 -0.715783 -0.079670
v -0.423721 -0.719743 -0.061633
v -0.425716 -0.717311 -0.043384
v -0.430768 -0.708856 -0.027704
v -0.438107 -0.695666 -0.016977
v -0.446617 -0.679749 -0.012839
v -0.455002 -0.663528 -0.015918
v -0.461984 -0.649473 -0.025745
v -0.466502 -0.639723 -0.040826
v -0.467868 -0.635763 -0.058864
v -0.465873 -0.638196 -0.077112
v -0.460820 -0.646651 -0.092793
v -0.455232 -0.682702 -0.060620
v -0.580221 0.585829 -0.219753
v -0.571991 0.519357 -0.230728
v -0.564601 0.452000 -0.223685
v -0.559174 0.394013 -0.187929
v -0.556538 0.354223 -0.131965
v -0.557094 0.338688 -0.065029
v -0.560757 0.349774 0.002690
v -0.566970 0.385792 0.060882
v -0.574786 0.441259 0.100686
v -0.583016 0.507731 0.116045
v -0.590407 0.575088 0.104619
v -0.595833 0.633076 0.068147
v -0.598469 0.672865 0.012184
v -0.597913 0.688400 -0.054753
v -0.594250 0.677314 -0.122472
v -0.588037 0.641296 -0.180663
v -0.472466 0.598295 -0.215965
v -0.464236 0.531823 -0.226940
v -0.456845 0.464466 -0.219897
v -0.451419 0.406479 -0.184141
v -0.448783 0.366689 -0.128177
v -0.449339 0.351154 -0.061241
v -0.453002 0.362240 0.006478
v -0.459214 0.398258 0.064669
v -0.467030 0.453725 0.104474
v -0.475260 0.520197 0.119833
v -0.482651 0.587554 0.108407
v -0.488077 0.645541 0.071935
v -0.490713 0.685331 0.015972
v -0.490157 0.700866 -0.050965
v -0.486494 0.689780 -0.118684
v -0.480282 0.653762 -0.176875
v -0.596041 0.566937 -0.182925
v -0.589745 0.516087 -0.192431
v -0.584092 0.464560 -0.185933
v -0.579941 0.420200 -0.158417
v -0.577924 0.389761 -0.115606
v -0.578349 0.377877 -0.064400
v -0.581152 0.386358 -0.012596
v -0.585904 0.413911 0.031920
v -0.591883 0.456343 0.062370
v -0.598179 0.507193 0.074119
v -0.603833 0.558720 0.065378
v -0.607984 0.603080 0.037478
v -0.610000 0.633519 -0.005333
v -0.609575 0.645403 -0.056539
v -0.606773 0.636922 -0.108343
v -0.602020 0.609369 -0.152859
v -0.455368 0.583211 -0.177979
v -0.449072 0.532361 -0.187486
v -0.443419 0.480834 -0.180988
v -0.439268 0.436474 -0.153472
v -0.437251 0.406035 -0.110660
v -0.437676 0.394151 -0.059455
v -0.440479 0.402632 -0.007650
v -0.445231 0.430185 0.036865
v -0.451210 0.472617 0.067316
v -0.457506 0.523467 0.079065
v -0.463160 0.574995 0.070324
v -0.467311 0.619354 0.042424
v -0.469327 0.649793 -0.000388
v -0.468902 0.661677 -0.051594
v -0.466100 0.653196 -0.103398
v -0.461347 0.625643 -0.147914
v -0.579715 0.556815 -0.156175
v -0.574781 0.516962 -0.164786
v -0.570350 0.476578 -0.158533
v -0.567097 0.441812 -0.136677
v -0.565516 0.417956 -0.103124
v -0.565850 0.408642 -0.062992
v -0.568046 0.415288 -0.022391
v -0.571771 0.436883 0.012498
v -0.576457 0.470138 0.036363
v -0.581391 0.509992 0.045571
v -0.585822 0.550375 0.038721
v -0.589076 0.585142 0.016854
v -0.590656 0.608998 -0.016699
v -0.590322 0.618312 -0.056831
v -0.588126 0.611665 -0.097432
v -0.584402 0.590070 -0.132320
v -0.480648 0.550460 -0.113320
v -0.477733 0.526919 -0.118759
v -0.470152 0.525963 -0.056117
v -0.475116 0.503065 -0.114713
v -0.473194 0.482529 -0.101796
v -0.472261 0.468437 -0.081977
v -0.472458 0.462936 -0.058272
v -0.473755 0.466862 -0.034289
v -0.475955 0.479617 -0.013681
v -0.478723 0.499261 0.000416
v -0.481638 0.522802 0.005855
v -0.484255 0.546656 0.001808
v -0.486177 0.567192 -0.011108
v -0.487110 0.581283 -0.030927
v -0.486914 0.586785 -0.054633
v -0.485616 0.582859 -0.078615
v -0.483416 0.570103 -0.099223
v -0.533163 0.651944 -0.182748
v -0.539582 0.689163 -0.122616
v -0.543367 0.700618 -0.052640
v -0.543942 0.684565 0.016528
v -0.541218 0.643449 0.074357
v -0.535611 0.583529 0.112044
v -0.527974 0.513926 0.123851
v -0.519470 0.445238 0.107981
v -0.511393 0.387922 0.066849
v -0.504973 0.350704 0.006718
v -0.501188 0.339248 -0.063259
v -0.500614 0.355301 -0.132426
v -0.503337 0.396417 -0.190256
v -0.508945 0.456337 -0.227362
v -0.516582 0.525940 -0.234651
v -0.525086 0.594628 -0.223298
v -0.590761 0.553815 -0.152766
v -0.586022 0.515538 -0.161261
v -0.581767 0.476753 -0.155031
v -0.578642 0.443362 -0.134029
v -0.577124 0.420450 -0.101804
v -0.577445 0.411505 -0.063260
v -0.579554 0.417888 -0.024266
v -0.583131 0.438628 0.009242
v -0.587632 0.470568 0.032163
v -0.592371 0.508844 0.041006
v -0.596626 0.547630 0.034427
v -0.599751 0.581021 0.013426
v -0.601269 0.603932 -0.018800
v -0.600949 0.612878 -0.057343
v -0.598839 0.606494 -0.096338
v -0.595262 0.585754 -0.129845
v -0.574498 0.546429 -0.131708
v -0.570809 0.516638 -0.138591
v -0.567497 0.486451 -0.133471
v -0.565065 0.460462 -0.117125
v -0.563883 0.442630 -0.092044
v -0.564133 0.435668 -0.062045
v -0.565774 0.440636 -0.031695
v -0.568559 0.456778 -0.005616
v -0.572062 0.481637 0.012224
v -0.575750 0.511428 0.019107
v -0.579062 0.541615 0.013986
v -0.581494 0.567603 -0.002359
v -0.582675 0.585436 -0.027441
v -0.582426 0.592398 -0.057440
v -0.580785 0.587430 -0.087789
v -0.578000 0.571287 -0.113869
v -0.588403 0.531846 -0.103519
v -0.586185 0.513934 -0.107658
v -0.584194 0.495784 -0.104579
v -0.582731 0.480158 -0.094751
v -0.582021 0.469435 -0.079670
v -0.582171 0.465249 -0.061633
v -0.583158 0.468236 -0.043384
v -0.584832 0.477942 -0.027704
v -0.586938 0.492889 -0.016977
v -0.589156 0.510802 -0.012839
v -0.591148 0.528952 -0.015918
v -0.592610 0.544578 -0.025746
v -0.593320 0.555300 -0.040826
v -0.593170 0.559486 -0.058864
v -0.592183 0.556499 -0.077112
v -0.590509 0.546793 -0.092793
v -0.598257 0.511143 -0.060620
v 0.431140 0.702830 -0.219753
v 0.438304 0.636235 -0.230728
v 0.446488 0.568970 -0.223685
v 0.454444 0.511275 -0.187929
v 0.460963 0.471934 -0.131965
v 0.465051 0.456937 -0.065029
v 0.466086 0.468566 0.002690
v 0.463911 0.505051 0.060882
v 0.458856 0.560838 0.100686
v 0.451692 0.627433 0.116045
v 0.443509 0.694699 0.104619
v 0.435552 0.752393 0.068147
v 0.429033 0.791734 0.012184
v 0.424945 0.806731 -0.054753
v 0.423910 0.795102 -0.122472
v 0.426085 0.758617 -0.180663
v 0.323384 0.690364 -0.215965
v 0.330549 0.623769 -0.226940
v 0.338732 0.556504 -0.219897
v 0.346689 0.498809 -0.184141
v 0.353207 0.459469 -0.128177
v 0.357295 0.444471 -0.061241
v 0.358331 0.456100 0.006478
v 0.356155 0.492586 0.064669
v 0.351101 0.548372 0.104474
v 0.343937 0.614968 0.119833
v 0.335753 0.682233 0.108407
v 0.327797 0.739928 0.071935
v 0.321278 0.779268 0.015972
v 0.317190 0.794265 -0.050965
v 0.316155 0.782636 -0.118684
v 0.318330 0.746151 -0.176875
v 0.450855 0.688049 -0.182925
v 0.456336 0.637105 -0.192431
v 0.462596 0.585648 -0.185933
v 0.468683 0.541512 -0.158417
v 0.473670 0.511417 -0.115606
v 0.476797 0.499944 -0.064400
v 0.477589 0.508840 -0.012596
v 0.475925 0.536751 0.031920
v 0.472058 0.579427 0.062370
v 0.466578 0.630372 0.074119
v 0.460317 0.681829 0.065378
v 0.454231 0.725965 0.037478
v 0.449244 0.756060 -0.005333
v 0.446117 0.767533 -0.056539
v 0.445325 0.758637 -0.108343
v 0.446989 0.730726 -0.152859
v 0.310182 0.671775 -0.177979
v 0.315663 0.620831 -0.187486
v 0.321923 0.569374 -0.180988
v 0.328010 0.525238 -0.153472
v 0.332997 0.495143 -0.110660
v 0.336124 0.483670 -0.059455
v 0.336916 0.492566 -0.007650
v 0.335252 0.520477 0.036865
v 0.331385 0.563153 0.067316
v 0.325905 0.614098 0.079064
v 0.319644 0.665555 0.070324
v 0.313557 0.709690 0.042424
v 0.308571 0.739786 -0.000388
v 0.305444 0.751259 -0.051594
v 0.304652 0.742363 -0.103398
v 0.306316 0.714452 -0.147914
v 0.437272 0.674468 -0.156175
v 0.441567 0.634540 -0.164786
v 0.446474 0.594211 -0.158533
v 0.451244 0.559620 -0.136677
v 0.455152 0.536034 -0.103124
v 0.457603 0.527042 -0.062992
v 0.458224 0.534014 -0.022391
v 0.456920 0.555889 0.012498
v 0.453889 0.589336 0.036363
v 0.449594 0.629263 0.045571
v 0.444688 0.669592 0.038721
v 0.439917 0.704183 0.016854
v 0.436009 0.727770 -0.016699
v 0.433558 0.736761 -0.056831
v 0.432937 0.729789 -0.097432
v 0.434242 0.707914 -0.132320
v 0.342273 0.645661 -0.113320
v 0.344810 0.622077 -0.118759
v 0.337647 0.619415 -0.056117
v 0.347708 0.598255 -0.114713
v 0.350526 0.577822 -0.101796
v 0.352834 0.563890 -0.081977
v 0.354282 0.558579 -0.058272
v 0.354649 0.562697 -0.034289
v 0.353878 0.575618 -0.013681
v 0.352088 0.595375 0.000416
v 0.349551 0.618959 0.005855
v 0.346653 0.642781 0.001808
v 0.343835 0.663214 -0.011108
v 0.341527 0.677146 -0.030927
v 0.340079 0.682457 -0.054633
v 0.339712 0.678339 -0.078615
v 0.340482 0.665418 -0.099223
v 0.370229 0.756454 -0.182748
v 0.367981 0.794156 -0.122616
v 0.369051 0.806173 -0.052640
v 0.373275 0.790676 0.016528
v 0.380011 0.750023 0.074357
v 0.388233 0.690405 0.112044
v 0.396689 0.620898 0.123851
v 0.404092 0.552083 0.107981
v 0.409315 0.494436 0.066849
v 0.411563 0.456735 0.006718
v 0.410493 0.444718 -0.063259
v 0.406269 0.460215 -0.132426
v 0.399533 0.500868 -0.190256
v 0.391311 0.560485 -0.227362
v 0.382855 0.629993 -0.234651
v 0.375452 0.698808 -0.223298
v 0.448711 0.674068 -0.152766
v 0.452837 0.635721 -0.161261
v 0.457549 0.596988 -0.155031
v 0.462131 0.563766 -0.134029
v 0.465884 0.541113 -0.101804
v 0.468238 0.532477 -0.063260
v 0.468834 0.539173 -0.024266
v 0.467582 0.560182 0.009242
v 0.464671 0.592306 0.032163
v 0.460546 0.630653 0.041006
v 0.455834 0.669386 0.034427
v 0.451252 0.702608 0.013426
v 0.447498 0.725261 -0.018800
v 0.445144 0.733897 -0.057343
v 0.444548 0.727201 -0.096338
v 0.445801 0.706192 -0.129845
v 0.434563 0.663164 -0.131708
v 0.437774 0.633318 -0.138591
v 0.441442 0.603172 -0.133471
v 0.445008 0.577315 -0.117125
v 0.447929 0.559683 -0.092044
v 0.449761 0.552962 -0.062045
v 0.450225 0.558174 -0.031695
v 0.449250 0.574525 -0.005616
v 0.446985 0.599527 0.012224
v 0.443774 0.629373 0.019107
v 0.440107 0.659520 0.013986
v 0.436541 0.685376 -0.002359
v 0.433619 0.703008 -0.027441
v 0.431787 0.709729 -0.057440
v 0.431323 0.704517 -0.087789
v 0.432298 0.688166 -0.113869
v 0.451431 0.652142 -0.103519
v 0.453361 0.634196 -0.107658
v 0.455567 0.616070 -0.104579
v 0.457711 0.600523 -0.094751
v 0.459467 0.589922 -0.079670
v 0.460569 0.585881 -0.061633
v 0.460848 0.589014 -0.043384
v 0.460262 0.598846 -0.027704
v 0.458900 0.613879 -0.016977
v 0.456969 0.631825 -0.012839
v 0.454764 0.649951 -0.015918
v 0.452620 0.665497 -0.025746
v 0.450863 0.676099 -0.040826
v 0.449762 0.680140 -0.058864
v 0.449483 0.677006 -0.077112
v 0.450069 0.667175 -0.092793
v 0.465751 0.634235 -0.060620
v 0.315279 1.115597 0.279293
v 0.335955 1.120029 0.296227
v 0.357469 1.120585 0.280045
v 0.367082 1.118122 0.255213
v 0.307401 1.111194 0.255079
v 0.337228 1.113398 0.245533
v 0.345917 1.039288 0.329695
v 0.381393 1.043284 0.306205
v 0.309404 1.034971 0.304731
v 0.295917 1.033293 0.267366
v 0.374526 1.109212 0.184772
v 0.338079 1.105137 0.185445
v 0.399052 1.045142 0.254489
v 0.302142 1.101019 0.186086
v 0.288644 1.032265 0.188930
v 0.401986 1.045260 0.187270
v 0.557302 -0.875176 0.131947
v 0.538682 -0.877330 0.140715
v 0.520061 -0.879485 0.131947
v 0.512349 -0.880377 0.110777
v 0.520061 -0.879485 0.089608
v 0.538682 -0.877330 0.080840
v 0.557302 -0.875176 0.089608
v 0.565015 -0.874284 0.110777
v 0.539383 -0.883390 0.110777
v 0.561383 -0.838478 0.141287
v 0.534546 -0.841582 0.153925
v 0.507710 -0.844687 0.141287
v 0.496594 -0.845973 0.110777
v 0.507710 -0.844687 0.080267
v 0.534546 -0.841582 0.067630
v 0.561383 -0.838477 0.080267
v 0.572499 -0.837192 0.110777
v -0.342763 -0.979302 0.131947
v -0.324143 -0.977148 0.140715
v -0.305522 -0.974994 0.131947
v -0.297810 -0.974102 0.110777
v -0.305522 -0.974994 0.089608
v -0.324143 -0.977148 0.080840
v -0.342763 -0.979302 0.089608
v -0.350476 -0.980195 0.110777
v -0.323442 -0.983208 0.110777
v -0.355115 -0.944504 0.141287
v -0.328278 -0.941400 0.153925
v -0.301442 -0.938295 0.141287
v -0.290326 -0.937009 0.110777
v -0.301442 -0.938295 0.080267
v -0.328278 -0.941400 0.067630
v -0.355115 -0.944504 0.080267
v -0.366231 -0.945790 0.110777
v -0.561662 1.014146 0.279293
v -0.582804 1.013741 0.296227
v -0.603877 1.009370 0.280045
v -0.612674 1.004777 0.255213
v -0.552988 1.011659 0.255079
v -0.582530 1.006994 0.245533
v -0.609520 0.928648 0.306205
v -0.574069 0.932857 0.329695
v -0.537535 0.936991 0.304731
v -0.524020 0.938437 0.267366
v -0.546459 1.002427 0.183063
v -0.581424 0.998379 0.182690
v -0.516831 0.939089 0.191705
v -0.617632 0.994263 0.183549
v -0.627136 0.926426 0.254489
v -0.629796 0.925914 0.192498
v -0.591691 0.306739 0.039743
v -0.633584 0.703344 0.031545
v -0.652016 0.638102 0.127332
v -0.631373 0.368714 0.137398
v -0.648356 0.507045 0.171371
v -0.394749 -0.871776 -0.069540
v -0.474303 -0.426897 -0.103471
v -0.570612 0.886979 -0.092776
v -0.557714 0.290894 -0.103438
v -0.603266 0.733517 -0.075526
v -0.517476 -0.496807 0.094283
v -0.463525 -0.839936 0.098149
v -0.518049 -0.609587 0.166108
v -0.496966 -0.749914 0.169385
v -0.499449 -0.454951 0.001525
v -0.436363 -0.871212 0.017456
v -0.040574 0.350721 -0.095747
v -0.091719 0.792824 -0.098810
v -0.114651 0.991047 -0.092776
v 0.042470 -0.367113 -0.096725
v -0.203319 -0.855460 -0.094740
v -0.265942 -0.402793 -0.096725
v -0.355512 0.314287 -0.095747
v -0.401152 0.757026 -0.098810
v -0.231248 -0.647744 -0.096725
v 0.070892 -0.612790 -0.096725
v 0.097485 -0.842658 -0.088183
v -0.220416 -0.846230 0.017456
v -0.247669 -0.814964 0.098149
v -0.286691 -0.725588 0.169385
v -0.312847 -0.585848 0.166108
v -0.312274 -0.473067 0.094283
v -0.294246 -0.431212 0.001525
v -0.393346 0.329685 0.039743
v -0.433028 0.391660 0.137398
v -0.450011 0.529991 0.171371
v -0.453671 0.661047 0.127332
v -0.435239 0.726290 0.031545
v -0.417489 0.915830 -0.092776
v -0.381029 0.534860 -0.095747
v -0.066091 0.571294 -0.095747
v -0.282916 0.963678 -0.092776
v -0.313490 -0.864850 -0.090238
v 0.506028 0.433730 0.039743
v 0.456262 0.829425 0.031545
v 0.489104 0.770114 0.127332
v 0.530512 0.503129 0.137398
v 0.515463 0.641684 0.171371
v 0.583365 -0.758621 -0.069540
v 0.559244 -0.307329 -0.103471
v 0.353027 0.993832 -0.092776
v 0.476566 0.410547 -0.103438
v 0.419856 0.851878 -0.075526
v 0.617238 -0.365535 0.094283
v 0.643055 -0.711919 0.098149
v 0.643546 -0.475206 0.166108
v 0.655058 -0.616640 0.169385
v 0.590130 -0.328901 0.001525
v 0.623751 -0.748571 0.017456
v 0.393265 -0.786443 -0.094740
v 0.350882 -0.331434 -0.096725
v 0.274364 0.387155 -0.095747
v 0.217713 0.828621 -0.098810
v 0.373032 -0.577836 -0.096725
v 0.407803 -0.773553 0.017456
v 0.427198 -0.736891 0.098149
v 0.444784 -0.640966 0.169385
v 0.438344 -0.498945 0.166108
v 0.412036 -0.389274 0.094283
v 0.384928 -0.352640 0.001525
v 0.307683 0.410784 0.039743
v 0.332167 0.480183 0.137398
v 0.317118 0.618738 0.171371
v 0.290759 0.747168 0.127332
v 0.257917 0.806479 0.031545
v 0.197361 0.986960 -0.092776
v 0.248846 0.607729 -0.095747
v 0.055418 1.002819 -0.092776
v 0.502671 -0.770431 -0.090238
v 0.438761 -0.149403 0.761435
v -0.064309 0.555892 0.779756
v 0.035918 0.562390 0.778780
v 0.140908 0.565740 0.773951
v 0.219661 0.559683 0.768625
v 0.052488 -0.453707 0.462102
v 0.024092 -0.208253 0.885658
v -0.043271 0.374034 0.894151
v -0.051824 0.447968 0.866209
v -0.058048 0.501767 0.836494
v -0.091827 0.793752 0.363879
v 0.514994 -0.317756 0.418545
v 0.359383 0.736483 0.360621
v 0.409471 -0.056542 0.857154
v 0.345998 0.450794 0.809528
v 0.341663 0.568055 0.684430
v 0.344438 -0.080214 0.883506
v 0.463435 -0.354227 0.415156
v 0.227494 0.799143 0.340766
v 0.231072 0.457779 0.847933
v 0.495210 -0.333831 0.418651
v 0.531172 -0.297670 0.412737
v 0.401966 0.678888 0.363795
v 0.351178 0.381415 0.839659
v 0.340619 0.499607 0.775594
v 0.371804 0.441153 0.786281
v 0.375095 0.537842 0.663871
v 0.398863 0.025640 0.871648
v 0.419888 -0.104748 0.833427
v 0.427510 -0.042472 0.838373
v 0.456734 -0.140872 0.749197
v 0.299367 0.782387 0.340498
v 0.284417 0.581377 0.706322
v 0.296702 0.454850 0.831504
v 0.384025 -0.067604 0.871355
v 0.363054 -0.134600 0.852374
v 0.320485 0.007476 0.900467
v 0.243581 0.383155 0.871388
v 0.223031 0.506151 0.823101
v 0.372031 0.482751 0.749380
v 0.376783 0.376171 0.817499
v 0.417676 0.034903 0.852273
v 0.437393 -0.089017 0.815870
v 0.306970 0.381681 0.857449
v 0.289414 0.506749 0.802183
v 0.397564 -0.120108 0.842881
v 0.366012 0.017254 0.887027
v 0.284705 0.550945 0.751805
v 0.349078 -0.392839 0.438429
v 0.274112 -0.162711 0.867222
v 0.260359 -0.106796 0.897007
v 0.239253 -0.011821 0.915008
v 0.166848 0.387481 0.883000
v 0.156009 0.459958 0.856750
v 0.147545 0.511227 0.831219
v 0.136346 0.800681 0.362119
v 0.200281 -0.427211 0.453888
v 0.150619 -0.188226 0.878431
v 0.141364 -0.135092 0.905276
v 0.124516 -0.033541 0.923795
v 0.062583 0.382561 0.890446
v 0.053077 0.455113 0.862805
v 0.043822 0.508198 0.835407
v 0.021970 0.799066 0.363495
v 0.340647 0.537952 0.728879
v 0.373210 0.513387 0.706530
v 0.017827 -0.154099 0.910071
v 0.005513 -0.047654 0.927601
v 0.405054 0.142523 0.851638
v 0.384944 0.137897 0.871148
v 0.346938 0.132468 0.886932
v 0.296053 0.125493 0.900897
v 0.215487 0.112383 0.916050
v 0.104271 0.096097 0.925165
v -0.009565 0.082684 0.929094
v -0.028002 0.242053 0.917512
v 0.080980 0.251013 0.913604
v 0.188140 0.260331 0.904912
v 0.266501 0.267511 0.890694
v 0.323734 0.270626 0.876498
v 0.367150 0.272855 0.859841
v 0.389133 0.271902 0.839359
v 0.417557 0.047562 0.796305
v 0.405424 0.145199 0.795596
v 0.421555 0.146739 0.806702
v 0.434007 0.046468 0.807437
v 0.390262 0.263204 0.783585
v 0.380878 0.356794 0.762852
v 0.396354 0.364073 0.772861
v 0.406001 0.267938 0.794292
v 0.379253 0.400984 0.737263
v 0.394733 0.409516 0.746419
v 0.434031 -0.055264 0.767188
v 0.450140 -0.102075 0.710000
v 0.450917 -0.059311 0.777395
v 0.467118 -0.105276 0.718631
v 0.427120 -0.019303 0.783856
v 0.443821 -0.022253 0.794603
v 0.540230 -0.255336 0.390615
v 0.521723 -0.246010 0.390260
v 0.403155 0.482224 0.632441
v 0.387492 0.471960 0.625962
v 0.417709 0.578670 0.358408
v 0.433956 0.591827 0.357483
v 0.380420 0.428439 0.706248
v 0.395971 0.437761 0.714416
v 0.399517 0.464930 0.669190
v 0.383916 0.455195 0.661747
v 0.429361 0.486267 0.361977
v 0.476830 0.109891 0.376514
v 0.500708 -0.079416 0.383825
v 0.426229 -0.000584 0.771288
v 0.445644 0.357165 0.366964
v 0.451134 0.313630 0.368645
v 0.405587 0.306222 0.650227
v 0.398669 0.305097 0.692752
v 0.386264 0.303080 0.774752
v 0.419345 0.565697 0.358909
v 0.388388 0.463755 0.627164
v 0.384892 0.445271 0.663797
v 0.382312 0.422127 0.699470
v 0.381398 0.396743 0.726935
v 0.382409 0.364073 0.747078
v 0.419403 0.047647 0.779700
v 0.407172 0.150149 0.777149
v 0.395755 0.238878 0.768246
v 0.388834 0.303498 0.757761
v 0.519922 -0.231729 0.389708
v 0.448378 -0.085923 0.707636
v 0.434613 -0.043624 0.752719
v 0.409887 0.534553 0.440864
v 0.419029 0.462952 0.443051
v 0.438258 0.311536 0.448251
v 0.462387 0.119508 0.456428
v 0.501896 -0.194992 0.469813
v 0.484344 -0.055263 0.463867
v 0.394886 0.343598 0.684799
v 0.384265 0.340685 0.755151
v 0.432960 0.353775 0.446385
v 0.401320 0.345318 0.644503
v 0.413265 0.508097 0.441672
v 0.410192 0.518650 0.451754
v 0.404817 0.517856 0.484799
v 0.160005 -0.221788 0.834293
v 0.028299 -0.244619 0.839931
v 0.285017 -0.192736 0.823356
v 0.373910 -0.162776 0.807706
v 0.427918 -0.155756 0.768579
v 0.508658 -0.322904 0.418579
v 0.193501 -0.391393 0.521769
v 0.048133 -0.416058 0.532636
v 0.338629 -0.359853 0.503077
v 0.449078 -0.323940 0.478355
v 0.403857 -0.149898 0.800984
v 0.418474 -0.147464 0.789085
v 0.476239 -0.311501 0.473366
v 0.486256 -0.301917 0.476610
v 0.489953 -0.284182 0.499661
v 0.035066 0.573826 0.763313
v -0.065474 0.565958 0.766223
v 0.140616 0.576436 0.759450
v 0.237488 0.591690 0.715594
v 0.291892 0.681882 0.523410
v 0.026908 0.710943 0.524733
v -0.081441 0.703979 0.527649
v 0.137948 0.711674 0.524491
v 0.187098 0.572095 0.757225
v 0.219877 0.574398 0.748238
v 0.235835 0.581668 0.731130
v 0.236106 0.669379 0.574551
v 0.228166 0.691592 0.538056
v 0.201950 0.703312 0.524196
v -0.393061 -0.245634 0.761435
v -0.163373 0.539334 0.778780
v -0.266355 0.518625 0.773951
v -0.341645 0.494747 0.768625
v -0.428841 -0.426945 0.418545
v -0.518043 0.634976 0.360621
v -0.385746 -0.148539 0.857154
v -0.439784 0.359890 0.809528
v -0.462336 0.475043 0.684430
v -0.317026 -0.156737 0.883506
v -0.370318 -0.450681 0.415156
v -0.403944 0.726094 0.340766
v -0.329488 0.392929 0.847933
v -0.405910 -0.438079 0.418651
v -0.449178 -0.411084 0.412737
v -0.546352 0.569180 0.363795
v -0.428986 0.291160 0.839659
v -0.445692 0.408641 0.775594
v -0.462706 0.344611 0.786281
v -0.487987 0.437994 0.663871
v -0.394181 -0.066105 0.871648
v -0.384881 -0.197849 0.833427
v -0.406520 -0.138959 0.838373
v -0.412506 -0.241432 0.749197
v -0.470093 0.693371 0.340498
v -0.409644 0.501083 0.706322
v -0.392715 0.375093 0.831504
v -0.358446 -0.153498 0.871355
v -0.322733 -0.213937 0.852374
v -0.313727 -0.065894 0.900467
v -0.324628 0.317420 0.871388
v -0.332704 0.441860 0.823101
v -0.472425 0.385058 0.749380
v -0.452717 0.280209 0.817499
v -0.414613 -0.061382 0.852273
v -0.405515 -0.186531 0.815870
v -0.386007 0.301513 0.857449
v -0.397469 0.427286 0.802183
v -0.359640 -0.207707 0.842881
v -0.360284 -0.066769 0.887027
v -0.402976 0.471389 0.751805
v -0.250165 -0.462163 0.438429
v -0.229722 -0.220998 0.867222
v -0.229099 -0.163420 0.897007
v -0.230234 -0.066135 0.915008
v -0.250911 0.339152 0.883000
v -0.256905 0.412189 0.856750
v -0.260370 0.464037 0.831219
v -0.315555 0.748402 0.362119
v -0.097451 -0.461655 0.453888
v -0.103666 -0.217643 0.878431
v -0.106787 -0.163800 0.905276
v -0.113569 -0.061084 0.923795
v -0.148276 0.358168 0.890446
v -0.155586 0.430973 0.862805
v -0.158696 0.484769 0.835407
v -0.203831 0.772943 0.363495
v -0.454474 0.445967 0.728879
v -0.480568 0.414616 0.706530
v -0.426896 0.046277 0.851638
v -0.406261 0.046365 0.871148
v -0.368019 0.049757 0.886932
v -0.316885 0.054584 0.900897
v -0.235455 0.060215 0.916050
v -0.123458 0.069752 0.925165
v -0.136152 0.225894 0.913604
v -0.242609 0.210498 0.904912
v -0.320540 0.199598 0.890694
v -0.376972 0.189563 0.876498
v -0.419750 0.181820 0.859841
v -0.440935 0.175873 0.839359
v -0.417387 -0.049030 0.796305
v -0.427866 0.048798 0.795596
v -0.443923 0.046614 0.806702
v -0.433153 -0.053851 0.807437
v -0.440048 0.167148 0.783585
v -0.452280 0.260408 0.762852
v -0.469009 0.263962 0.772861
v -0.456452 0.168163 0.794292
v -0.460788 0.303802 0.737263
v -0.477806 0.308575 0.746419
v -0.409949 -0.152901 0.767188
v -0.414945 -0.202154 0.710000
v -0.425465 -0.160698 0.777395
v -0.430743 -0.209147 0.718631
v -0.411431 -0.116312 0.783856
v -0.427017 -0.122998 0.794603
v -0.467663 -0.371936 0.390615
v -0.451774 -0.358631 0.390260
v -0.502607 0.377440 0.632441
v -0.485015 0.371022 0.625962
v -0.538797 0.468015 0.358408
v -0.557619 0.477115 0.357483
v -0.468192 0.330265 0.706248
v -0.485461 0.335791 0.714416
v -0.495116 0.361432 0.669190
v -0.477705 0.355516 0.661747
v -0.529044 0.375392 0.361977
v -0.489325 -0.001880 0.376514
v -0.469351 -0.191639 0.383825
v -0.414837 -0.097884 0.771288
v -0.515420 0.245982 0.366964
v -0.510826 0.202344 0.368645
v -0.464791 0.205530 0.650227
v -0.457798 0.206015 0.692752
v -0.445260 0.206883 0.774752
v -0.537427 0.455011 0.358909
v -0.484014 0.362829 0.627164
v -0.476390 0.345632 0.663797
v -0.468593 0.323688 0.699470
v -0.461908 0.299183 0.726935
v -0.455433 0.267146 0.747078
v -0.419204 -0.049369 0.779700
v -0.430699 0.053218 0.777149
v -0.439842 0.142210 0.768246
v -0.447858 0.206703 0.757761
v -0.453281 -0.344316 0.389708
v -0.416917 -0.186027 0.707636
v -0.413174 -0.141702 0.752719
v -0.521109 0.426848 0.440864
v -0.513661 0.355051 0.443051
v -0.497811 0.203245 0.448251
v -0.477460 0.010780 0.456428
v -0.444119 -0.304434 0.469813
v -0.458933 -0.164388 0.463867
v -0.462906 0.244363 0.684799
v -0.451900 0.243951 0.755151
v -0.502297 0.245578 0.446385
v -0.469562 0.244568 0.644503
v -0.518357 0.400320 0.441672
v -0.517775 0.411296 0.451754
v -0.512361 0.411751 0.484799
v -0.105140 -0.252462 0.834293
v -0.233484 -0.252720 0.823356
v -0.326869 -0.243847 0.807706
v -0.381053 -0.249344 0.768579
v -0.421497 -0.430511 0.418579
v -0.099027 -0.425235 0.521769
v -0.247524 -0.427663 0.503077
v -0.363255 -0.417916 0.478355
v -0.358965 -0.238146 0.800984
v -0.373751 -0.239114 0.789085
v -0.392539 -0.412007 0.473366
v -0.404479 -0.404964 0.476610
v -0.412128 -0.388541 0.499661
v -0.165155 0.550663 0.763313
v -0.268513 0.529105 0.759450
v -0.366309 0.521839 0.715594
v -0.439868 0.597227 0.523410
v -0.188519 0.686020 0.524733
v -0.296792 0.661380 0.524491
v -0.312776 0.514266 0.757225
v -0.345215 0.509024 0.748238
v -0.362411 0.512459 0.731130
v -0.382701 0.597791 0.574551
v -0.380042 0.621230 0.538056
v -0.357195 0.638627 0.524196
v -0.389921 -0.236345 0.758590
v -0.063744 0.551001 0.776224
v -0.161816 0.534609 0.775248
v -0.263769 0.514107 0.770419
v -0.338305 0.490467 0.765093
v 0.051173 -0.442337 0.459257
v 0.023061 -0.199338 0.871192
v -0.043035 0.371994 0.880722
v -0.051503 0.445189 0.857574
v -0.057452 0.496616 0.825052
v -0.090986 0.786482 0.360347
v -0.425343 -0.415843 0.415700
v -0.513059 0.630326 0.360621
v -0.382085 -0.145353 0.855204
v -0.435583 0.357991 0.810202
v -0.457909 0.471993 0.684430
v -0.314052 -0.153469 0.871903
v -0.367405 -0.439341 0.412311
v -0.399982 0.719501 0.337234
v -0.326390 0.390700 0.842435
v -0.402642 -0.426865 0.415806
v -0.424893 0.289948 0.838673
v -0.441219 0.404421 0.779881
v -0.390436 -0.063744 0.868900
v -0.381823 -0.189038 0.829939
v -0.465469 0.687105 0.336967
v -0.405625 0.496740 0.702790
v -0.388985 0.373042 0.828825
v -0.355059 -0.150263 0.861837
v -0.320296 -0.204964 0.843620
v -0.310786 -0.063535 0.885954
v -0.321579 0.315946 0.861865
v -0.329361 0.437308 0.815910
v -0.382343 0.300198 0.850318
v -0.393479 0.422880 0.801632
v -0.356834 -0.198797 0.835755
v -0.356877 -0.064401 0.874820
v -0.399023 0.467343 0.748273
v -0.248454 -0.450709 0.435584
v -0.228215 -0.211955 0.855920
v -0.227004 -0.160085 0.883087
v -0.228129 -0.063773 0.898000
v -0.248598 0.337461 0.871484
v -0.254533 0.409767 0.849739
v -0.257751 0.459263 0.821451
v -0.312477 0.741586 0.358587
v -0.097267 -0.450205 0.451043
v -0.103419 -0.208634 0.865205
v -0.105915 -0.160461 0.889937
v -0.112630 -0.058773 0.905279
v -0.146990 0.356286 0.877653
v -0.154226 0.428364 0.854754
v -0.157093 0.479788 0.824310
v -0.201870 0.765882 0.359963
v -0.450126 0.443207 0.728879
v 0.017452 -0.150858 0.893910
v 0.005261 -0.045477 0.908432
v -0.402395 0.047602 0.868428
v -0.364535 0.050959 0.874741
v -0.313913 0.055738 0.886310
v -0.233297 0.061313 0.898863
v -0.122420 0.070755 0.906414
v -0.009666 0.083557 0.909668
v -0.027919 0.241332 0.900074
v -0.134987 0.225335 0.896837
v -0.240380 0.210094 0.889636
v -0.317531 0.199302 0.877858
v -0.373399 0.189368 0.866098
v -0.415750 0.181702 0.857743
v -0.408453 -0.046266 0.796305
v -0.418828 0.050583 0.795596
v -0.430887 0.167750 0.783585
v -0.443433 0.263843 0.762852
v -0.451855 0.306803 0.737263
v -0.400493 -0.154248 0.767188
v -0.405439 -0.203008 0.710000
v -0.402556 -0.112875 0.783856
v -0.441901 -0.357920 0.390260
v -0.475840 0.373350 0.625962
v -0.529084 0.469373 0.358408
v -0.459186 0.333001 0.706248
v -0.468603 0.358000 0.661747
v -0.518994 0.373912 0.361977
v -0.479672 0.000412 0.376514
v -0.459897 -0.187449 0.383825
v -0.414837 -0.097884 0.771288
v -0.505506 0.245796 0.366964
v -0.500957 0.202594 0.368645
v -0.464791 0.205530 0.650227
v -0.457798 0.206015 0.692752
v -0.436047 0.207088 0.774752
v -0.527293 0.452734 0.358909
v -0.484014 0.362829 0.627164
v -0.476390 0.345632 0.663797
v -0.468593 0.323688 0.699470
v -0.461908 0.299183 0.726935
v -0.455433 0.267146 0.747078
v -0.419204 -0.049369 0.779700
v -0.430699 0.053218 0.777149
v -0.439842 0.142210 0.768246
v -0.447858 0.206703 0.757761
v -0.416917 -0.186027 0.707636
v -0.413174 -0.141702 0.754704
v -0.513661 0.355051 0.443051
v -0.497811 0.203245 0.448251
v -0.477460 0.010780 0.456428
v -0.444119 -0.304434 0.469813
v -0.458933 -0.164388 0.463867
v -0.462906 0.244363 0.684799
v -0.451900 0.243951 0.755151
v -0.502297 0.245578 0.446385
v -0.469562 0.244568 0.644503
v -0.518357 0.400320 0.441672
v -0.517775 0.411296 0.451754
v -0.512361 0.411751 0.484799
v -0.105140 -0.252462 0.834293
v 0.028299 -0.244619 0.839931
v -0.233484 -0.252720 0.823356
v -0.326869 -0.243847 0.807706
v -0.381053 -0.249344 0.768579
v -0.418073 -0.419373 0.415734
v -0.099027 -0.425235 0.521769
v 0.048133 -0.416058 0.532636
v -0.247524 -0.427663 0.503077
v -0.363255 -0.417916 0.478355
v -0.358965 -0.238146 0.800984
v -0.373751 -0.239114 0.789085
v -0.392539 -0.412007 0.473366
v -0.404479 -0.404964 0.476610
v -0.412128 -0.388541 0.499661
v -0.165155 0.550663 0.763313
v -0.065474 0.565958 0.766223
v -0.268513 0.529105 0.759450
v -0.366309 0.521839 0.715594
v -0.435547 0.591923 0.519878
v -0.188519 0.686020 0.524733
v -0.081441 0.703979 0.527649
v -0.296792 0.661380 0.524491
v -0.312776 0.514266 0.757225
v -0.345215 0.509024 0.748238
v -0.362411 0.512459 0.731130
v -0.382701 0.597791 0.574551
v -0.380042 0.621230 0.538056
v -0.357195 0.638627 0.524196
v 0.026891 -0.232449 0.842639
v -0.104760 -0.240285 0.834802
v -0.231621 -0.240675 0.824047
v -0.324038 -0.232023 0.808566
v -0.356224 -0.226278 0.801726
v -0.371582 -0.227008 0.789323
v -0.381581 -0.238921 0.763602
v -0.409655 -0.379793 0.492612
v -0.402443 -0.395909 0.469571
v -0.390411 -0.403018 0.466358
v -0.360872 -0.409033 0.471362
v -0.246006 -0.418733 0.496106
v -0.098733 -0.416336 0.514806
v 0.047112 -0.407240 0.525674
v -0.450388 -0.162575 0.457624
v -0.468906 0.011899 0.449756
v -0.504966 0.355364 0.436651
v -0.509568 0.401903 0.436609
v -0.430716 0.146983 0.770683
v -0.420802 0.053666 0.782604
v -0.409627 -0.046485 0.785471
v -0.405228 -0.098424 0.773901
v -0.403457 -0.141548 0.755871
v -0.407473 -0.186161 0.708114
v -0.435279 -0.302160 0.465695
v -0.452381 0.300285 0.729190
v -0.459157 0.325300 0.701169
v -0.445559 0.266143 0.750365
v -0.467281 0.347690 0.663306
v -0.474782 0.364548 0.626853
v -0.508651 0.413252 0.449069
v -0.441491 0.237478 0.758520
v -0.502462 0.421362 0.492185
v -0.502472 0.413712 0.487253
v -0.493146 0.240920 0.439801
v -0.489674 0.208150 0.441254
v -0.452712 0.238154 0.686064
v -0.459399 0.238612 0.645359
v -0.438375 0.212050 0.762660
v -0.449074 0.210841 0.691785
v -0.455950 0.210392 0.649539
v -0.354312 0.634054 0.518238
v -0.294177 0.656710 0.518555
v -0.186937 0.681112 0.518795
v -0.080855 0.698909 0.521719
v -0.064719 0.559434 0.764771
v -0.163342 0.544309 0.761872
v -0.265596 0.522982 0.758015
v -0.311618 0.508511 0.754448
v -0.341265 0.502302 0.748022
v -0.361549 0.505284 0.728980
v -0.366463 0.515497 0.711254
v -0.383275 0.592438 0.567112
v -0.380769 0.613900 0.533424
v 0.433583 -0.141076 0.758590
v 0.035481 0.557434 0.775248
v 0.139422 0.560751 0.770419
v 0.217387 0.554754 0.765093
v 0.509053 -0.307745 0.415700
v 0.355593 0.730818 0.360621
v 0.405180 -0.054277 0.855204
v 0.342342 0.447987 0.810202
v 0.338049 0.564075 0.684430
v 0.340797 -0.077712 0.871903
v 0.458010 -0.343851 0.412311
v 0.225141 0.791820 0.337234
v 0.228565 0.454901 0.842435
v 0.489468 -0.323659 0.415806
v 0.347470 0.379301 0.838673
v 0.337228 0.494478 0.779881
v 0.394677 0.027084 0.868900
v 0.414899 -0.096867 0.829939
v 0.296296 0.775231 0.336967
v 0.281496 0.576231 0.702790
v 0.293538 0.452001 0.828825
v 0.379988 -0.065227 0.861837
v 0.358633 -0.126421 0.843620
v 0.317083 0.009101 0.885954
v 0.240948 0.381023 0.861865
v 0.220817 0.500956 0.815910
v 0.303704 0.379564 0.850318
v 0.286535 0.501549 0.801632
v 0.392798 -0.112074 0.835755
v 0.362155 0.018782 0.874820
v 0.281781 0.546104 0.748273
v 0.344797 -0.382077 0.435584
v 0.270580 -0.154251 0.855920
v 0.257559 -0.104028 0.883087
v 0.236664 -0.010003 0.898000
v 0.164983 0.385307 0.871484
v 0.154253 0.457059 0.849739
v 0.146085 0.505982 0.821451
v 0.134905 0.793342 0.358587
v 0.197488 -0.416106 0.451043
v 0.148323 -0.179511 0.865205
v 0.139754 -0.132041 0.889937
v 0.123074 -0.031505 0.905279
v 0.061761 0.380436 0.877653
v 0.052349 0.452262 0.854754
v 0.043399 0.502983 0.824310
v 0.021673 0.791743 0.359963
v 0.337044 0.534273 0.728879
v 0.380898 0.138218 0.868428
v 0.343272 0.132843 0.874741
v 0.292896 0.125938 0.886310
v 0.213136 0.112960 0.898863
v 0.103032 0.096836 0.906414
v 0.079973 0.250203 0.896837
v 0.186062 0.259428 0.889636
v 0.263640 0.266536 0.877858
v 0.320300 0.269620 0.866098
v 0.363282 0.271826 0.857743
v 0.408228 0.048213 0.796305
v 0.396216 0.144873 0.795596
v 0.381206 0.261699 0.783585
v 0.371480 0.358118 0.762852
v 0.369871 0.401866 0.737263
v 0.425133 -0.058734 0.767188
v 0.441081 -0.105077 0.710000
v 0.417695 -0.017983 0.783856
v 0.511948 -0.247572 0.390260
v 0.378028 0.472132 0.625962
v 0.407943 0.577775 0.358408
v 0.371027 0.429046 0.706248
v 0.374488 0.455534 0.661747
v 0.419914 0.482531 0.361977
v 0.466908 0.109919 0.376514
v 0.490548 -0.077495 0.383825
v 0.426229 -0.000584 0.771288
v 0.436034 0.354720 0.366964
v 0.441469 0.311621 0.368645
v 0.405587 0.306222 0.650227
v 0.398669 0.305097 0.692752
v 0.377248 0.301176 0.774752
v 0.409998 0.561167 0.358909
v 0.388388 0.463755 0.627164
v 0.384892 0.445271 0.663797
v 0.382312 0.422127 0.699470
v 0.381398 0.396743 0.726935
v 0.382409 0.364073 0.747078
v 0.419403 0.047647 0.779700
v 0.407172 0.150149 0.777149
v 0.395755 0.238878 0.768246
v 0.388834 0.303498 0.757761
v 0.448378 -0.085923 0.707636
v 0.434613 -0.043624 0.754704
v 0.419029 0.462952 0.443051
v 0.438258 0.311536 0.448251
v 0.462387 0.119508 0.456428
v 0.501896 -0.194992 0.469813
v 0.484344 -0.055263 0.463867
v 0.394886 0.343598 0.684799
v 0.384265 0.340685 0.755151
v 0.432960 0.353775 0.446385
v 0.401320 0.345318 0.644503
v 0.413265 0.508097 0.441672
v 0.410192 0.518650 0.451754
v 0.404817 0.517856 0.484799
v 0.160005 -0.221788 0.834293
v 0.285017 -0.192736 0.823356
v 0.373910 -0.162776 0.807706
v 0.427918 -0.155756 0.768579
v 0.502781 -0.312842 0.415734
v 0.193501 -0.391393 0.521769
v 0.338629 -0.359853 0.503077
v 0.449078 -0.323940 0.478355
v 0.403857 -0.149898 0.800984
v 0.418474 -0.147464 0.789085
v 0.476239 -0.311501 0.473366
v 0.486256 -0.301917 0.476610
v 0.489953 -0.284182 0.499661
v 0.035066 0.573826 0.763313
v 0.140616 0.576436 0.759450
v 0.237488 0.591690 0.715594
v 0.288896 0.675731 0.519878
v 0.026908 0.710943 0.524733
v 0.137948 0.711674 0.524491
v 0.187098 0.572095 0.757225
v 0.219877 0.574398 0.748238
v 0.235835 0.581668 0.731130
v 0.236106 0.669379 0.574551
v 0.228166 0.691592 0.538056
v 0.201950 0.703312 0.524196
v 0.156854 -0.210020 0.834802
v 0.280454 -0.181435 0.824047
v 0.368454 -0.151911 0.808566
v 0.398479 -0.138969 0.801726
v 0.413597 -0.136173 0.789323
v 0.426053 -0.145488 0.763602
v 0.485548 -0.276230 0.492612
v 0.482206 -0.293567 0.469571
v 0.472115 -0.303234 0.466358
v 0.444730 -0.315835 0.471362
v 0.335112 -0.351506 0.496106
v 0.191182 -0.382797 0.514806
v 0.475610 -0.055449 0.457624
v 0.453804 0.118645 0.449756
v 0.410492 0.461271 0.436651
v 0.404347 0.507631 0.436609
v 0.385780 0.241441 0.770683
v 0.397435 0.148325 0.782604
v 0.409421 0.048268 0.785471
v 0.416996 -0.003303 0.773901
v 0.425118 -0.045692 0.755871
v 0.439214 -0.088210 0.708114
v 0.492770 -0.194797 0.465695
v 0.371872 0.395641 0.729190
v 0.372757 0.421542 0.701169
v 0.373025 0.360842 0.750365
v 0.375555 0.445195 0.663306
v 0.379009 0.463320 0.626853
v 0.400862 0.518471 0.449069
v 0.375609 0.332006 0.758520
v 0.392986 0.524953 0.492185
v 0.394742 0.517508 0.487253
v 0.425113 0.347151 0.439801
v 0.429215 0.314454 0.441254
v 0.386380 0.335226 0.686064
v 0.392785 0.337199 0.645359
v 0.378381 0.306538 0.762660
v 0.389074 0.307803 0.691785
v 0.395870 0.308936 0.649539
v 0.200187 0.698202 0.518238
v 0.136468 0.706530 0.518555
v 0.026489 0.705803 0.518795
v 0.034752 0.567226 0.761872
v 0.139174 0.569809 0.758015
v 0.187285 0.566228 0.754448
v 0.217566 0.566952 0.748022
v 0.236633 0.574486 0.728980
v 0.239086 0.585551 0.711254
v 0.237886 0.664299 0.567112
v 0.230547 0.684621 0.533424
v -0.115734 1.000406 0.109878
v -0.116143 1.003940 0.070985
v -0.094887 0.820203 0.387212
v -0.102314 0.884407 0.374417
v -0.111378 0.962754 0.342361
v -0.114903 0.993224 0.309210
v -0.115012 0.994164 0.177168
v -0.116210 1.004523 -0.108350
v -0.116356 1.005781 0.050727
v 0.103828 -0.897486 -0.081194
v 0.107823 -0.932023 0.042508
v 0.108273 -0.935917 0.303887
v 0.095958 -0.829464 -0.103779
v 0.095690 -0.827149 -0.096774
v -0.114158 0.986779 -0.113796
v -0.116683 1.008607 -0.048935
v 0.105541 -0.912293 -0.055422
v 0.107011 -0.925006 0.338570
v 0.107236 -0.926946 0.003856
v 0.098441 -0.850926 -0.105430
v -0.116663 1.008440 -0.072214
v 0.108812 -0.940570 0.278944
v 0.108131 -0.934689 0.063288
v 0.108113 -0.934529 0.189202
v 0.107592 -0.930026 0.269735
v 0.106912 -0.924146 0.072533
v 0.070756 -0.611620 0.456770
v 0.085682 -0.740636 0.432251
v 0.098420 -0.850746 0.401033
v 0.057520 -0.497200 0.473135
v 0.049298 -0.426131 0.483031
v -0.087124 0.753104 0.402630
v 0.102875 -0.889249 0.378998
v 0.612042 -0.908643 0.351465
v 0.554411 -0.921129 0.377915
v 0.494717 -0.922262 0.351594
v 0.468781 -0.914932 0.287530
v 0.491939 -0.904393 0.222886
v 0.550647 -0.894491 0.196041
v 0.609919 -0.890615 0.222801
v 0.635081 -0.895565 0.287374
v 0.616913 -0.872687 0.364151
v 0.553455 -0.880168 0.395086
v 0.484148 -0.888372 0.365216
v 0.453049 -0.892137 0.290177
v 0.478696 -0.889898 0.211305
v 0.548270 -0.882042 0.178124
v 0.616642 -0.872940 0.210564
v 0.643784 -0.869095 0.288860
v 0.602521 -0.908305 0.341158
v 0.553737 -0.920032 0.363424
v 0.503565 -0.919753 0.341158
v 0.481881 -0.911843 0.287216
v 0.501507 -0.901970 0.233151
v 0.550647 -0.893325 0.210748
v 0.600463 -0.890522 0.233151
v 0.621825 -0.895653 0.287216
v 0.597347 -0.888463 0.340136
v 0.550735 -0.893856 0.362086
v 0.504123 -0.899248 0.340136
v 0.484815 -0.901482 0.287143
v 0.504123 -0.899248 0.234150
v 0.550735 -0.893856 0.212200
v 0.597347 -0.888463 0.234150
v 0.616655 -0.886230 0.287143
v 0.584912 -0.904556 0.324097
v 0.552408 -0.908317 0.339403
v 0.519904 -0.912077 0.324097
v 0.506440 -0.913635 0.287143
v 0.519904 -0.912077 0.250189
v 0.552408 -0.908317 0.234883
v 0.584912 -0.904556 0.250189
v 0.598376 -0.902999 0.287143
v 0.553552 -0.918206 0.287143
v 0.101185 0.969498 0.319861
v 0.090670 1.005618 0.173837
v 0.018960 0.966703 0.326216
v 0.008906 1.003900 0.173467
v 0.114286 0.894373 0.352377
v 0.088794 1.010837 0.108611
v 0.022400 0.889105 0.359804
v -0.005800 1.008266 0.109710
v 0.216385 1.006100 0.103984
v 0.216924 1.002205 0.168745
v 0.220884 0.971201 0.301840
v 0.229791 0.895461 0.334483
v 0.087594 1.013786 0.070933
v -0.009045 1.011431 0.070964
v 0.209164 1.007101 0.078533
v 0.025117 0.828968 0.383553
v 0.127602 0.831888 0.374678
v 0.237746 0.828341 0.355322
v -0.003333 1.006140 0.300412
v 0.003280 0.967926 0.334773
v 0.014494 0.890199 0.368156
v 0.429519 0.831346 0.345700
v 0.611903 -0.737343 0.391890
v 0.600612 -0.543752 0.402939
v 0.462023 0.636168 0.365541
v 0.442973 0.862386 0.041283
v 0.590123 -0.309707 0.051938
v 0.631684 -0.756067 0.049607
v 0.460699 0.812034 0.282971
v 0.489416 0.639989 0.300245
v 0.515124 0.463509 0.307874
v 0.615372 -0.357656 0.332211
v 0.635725 -0.540599 0.334135
v 0.646647 -0.711370 0.320626
v 0.462884 0.794838 0.173149
v 0.489176 0.639985 0.227039
v 0.511696 0.477935 0.190697
v 0.612055 -0.377755 0.191205
v 0.633752 -0.542345 0.240800
v 0.641411 -0.700979 0.187427
v 0.571214 -0.806172 -0.061420
v 0.604070 -0.820525 0.044290
v 0.622303 -0.828158 0.166360
v 0.645902 -0.828760 0.297925
v 0.616680 -0.820472 0.381106
v 0.351531 -0.849709 -0.081141
v 0.472726 -0.839328 0.386066
v 0.474711 -0.755689 0.406431
v 0.483441 -0.556155 0.427729
v 0.330598 0.822020 0.369027
v 0.244516 0.975344 0.298260
v 0.371164 -0.882746 0.043019
v 0.430944 -0.874610 0.170210
v 0.422309 -0.857278 0.293472
v 0.263624 0.813616 0.355587
v 0.423229 -0.772423 0.379239
v 0.611405 -0.351584 0.025987
v 0.589713 -0.746679 -0.078564
v 0.635037 -0.725375 0.031324
v 0.638969 -0.416797 0.119075
v 0.656837 -0.658637 0.123955
v 0.655494 -0.538896 0.159376
v 0.514678 0.446790 0.020560
v 0.419070 0.851470 -0.105988
v 0.491694 0.757703 0.108536
v 0.529142 0.516071 0.118850
v 0.516236 0.641883 0.152938
v 0.309404 1.034971 0.304731
v 0.381393 1.043284 0.306205
v 0.399052 1.045142 0.254489
v 0.301047 1.033588 0.080312
v 0.401212 0.900418 -0.110265
v 0.426397 0.930259 0.055444
v 0.434572 0.935960 0.266251
v 0.405887 0.958710 0.329493
v 0.313405 0.950711 0.341967
v 0.086948 1.015373 0.050653
v 0.087751 1.011623 -0.108192
v 0.508493 -0.824581 -0.078523
v 0.549143 -0.828731 0.409183
v 0.544804 -0.746578 0.422774
v 0.540010 -0.547974 0.437057
v 0.446961 0.428997 0.408045
v 0.417059 0.630879 0.395357
v 0.386802 0.828745 0.374477
v 0.364850 0.954685 0.356343
v 0.345917 1.039288 0.329695
v 0.519820 -0.859633 0.040129
v 0.529370 -0.864879 0.125256
v 0.498092 0.446916 0.018792
v 0.414081 0.849109 -0.109052
v 0.451828 0.814811 0.010594
v 0.481742 0.755162 0.106381
v 0.517778 0.515760 0.116447
v 0.505985 0.640587 0.150420
v 0.565853 -0.318720 -0.105946
v 0.481402 0.422002 -0.092175
v 0.467033 0.422303 -0.095399
v 0.600521 -0.355209 0.024754
v 0.581755 -0.744704 -0.072714
v 0.619768 -0.724617 0.030291
v 0.627683 -0.419499 0.116677
v 0.645460 -0.658562 0.121741
v 0.644163 -0.540189 0.156500
v 0.553883 -0.322050 -0.109134
v 0.501664 0.391740 -0.015092
v 0.526301 -0.242832 0.435287
v 0.602647 -0.249674 0.331342
v 0.595628 -0.250856 0.188218
v 0.583077 -0.252298 0.057795
v 0.557914 -0.260951 -0.112605
v 0.545897 -0.262338 -0.115979
v 0.421121 0.876353 -0.068397
v 0.395110 0.897936 -0.113312
v 0.417512 0.917427 -0.024188
v 0.432313 0.863343 -0.037724
v 0.435819 0.835515 -0.070367
v 0.422621 0.831893 -0.072880
v 0.346592 -0.793097 -0.103781
v 0.505700 -0.759685 -0.101117
v 0.346245 -0.790790 -0.096787
v 0.503941 -0.757454 -0.094214
v 0.279882 1.018129 0.069373
v 0.270788 1.010084 0.247434
v 0.309267 1.009622 0.324010
v 0.352899 1.013776 0.345973
v 0.390336 1.017903 0.319577
v 0.409232 1.017478 0.253641
v 0.406101 1.009025 0.060930
v 0.373840 0.983492 -0.110735
v 0.360917 0.971979 -0.113727
v 0.508045 0.407011 0.055269
v 0.339077 1.038191 0.053754
v 0.330381 1.027969 0.030739
v 0.316108 1.006507 -0.110451
v 0.087294 0.994901 -0.113796
v 0.309679 0.988135 -0.113796
v 0.226204 1.005397 0.060668
v 0.390991 0.997504 -0.021584
v 0.328868 1.021349 -0.018481
v 0.235307 0.980258 -0.113796
v 0.237029 0.997175 -0.108421
v 0.408980 0.913596 -0.067819
v 0.382438 0.990602 -0.066871
v 0.321740 1.015903 -0.063056
v 0.087353 1.017251 -0.046851
v 0.237113 1.003470 -0.046699
v 0.403575 1.045325 0.150872
v 0.413568 1.014124 0.144319
v 0.430865 0.941876 0.150311
v 0.461352 0.818144 0.012160
v 0.001273 1.011559 -0.108267
v 0.000633 1.017146 -0.048096
v 0.000938 1.014437 0.050706
v 0.003191 0.994882 -0.113796
v 0.477777 0.527755 0.368410
v 0.503504 0.546568 0.304420
v 0.625659 -0.442388 0.335434
v 0.580336 -0.812500 -0.042738
v 0.607356 -0.743651 -0.056330
v 0.645930 -0.699529 0.078804
v 0.648921 -0.473877 0.147948
v 0.659696 -0.602717 0.151095
v 0.505570 0.704723 0.139535
v 0.526068 0.575703 0.145864
v 0.445524 0.739680 0.355847
v 0.475192 0.729885 0.293101
v 0.319936 0.895876 0.356132
v 0.346641 0.708826 0.383770
v 0.298711 0.817656 0.355947
v 0.295917 1.033293 0.267366
v 0.288279 1.032015 0.118348
v 0.295258 -0.860371 -0.081174
v 0.433463 0.520734 0.402820
v 0.401231 0.736102 0.385317
v 0.374597 0.901151 0.364614
v 0.353690 -0.863899 -0.055041
v 0.510895 -0.839746 -0.052753
v 0.467499 0.791840 0.061064
v 0.495432 0.702794 0.137137
v 0.515722 0.574963 0.143319
v 0.524812 0.473484 0.072432
v 0.534523 -0.050031 -0.112682
v 0.621735 -0.787767 0.045343
v 0.625359 -0.460152 0.228965
v 0.595858 -0.742142 -0.053203
v 0.614288 -0.379977 0.073332
v 0.634694 -0.698783 0.077198
v 0.637589 -0.475895 0.145157
v 0.648318 -0.603316 0.148435
v 0.571461 -0.339800 -0.055493
v 0.625389 -0.376705 0.075020
v 0.522946 -0.051369 -0.116059
v 0.588414 -0.251899 0.113036
v 0.316736 -0.894142 0.043165
v 0.611396 -0.735897 -0.003495
v 0.626528 -0.736816 -0.002801
v 0.597561 -0.820269 0.009338
v 0.516550 -0.856118 0.006716
v 0.362041 -0.880471 0.005089
v 0.289835 -0.800912 -0.103779
v 0.289579 -0.798595 -0.096774
v 0.599051 -0.329634 0.112695
v 0.585998 -0.305710 0.020495
v 0.591320 -0.431239 0.406088
v 0.614799 -0.789556 0.386817
v 0.607290 -0.650602 0.399426
v 0.638508 -0.770185 0.174744
v 0.640138 -0.623472 0.226690
v 0.643231 -0.634960 0.328528
v 0.289004 1.009528 0.291643
v 0.416930 0.904418 0.337301
v 0.446061 0.885344 0.274091
v 0.479543 0.400949 -0.112794
v 0.477796 0.402085 -0.116134
v 0.586497 -0.335645 -0.053887
v 0.510567 0.473425 0.070419
v 0.511283 0.433352 0.116176
v 0.384969 1.043192 0.067952
v 0.338791 0.986516 -0.113796
v 0.268202 1.015000 0.108398
v 0.254054 0.895524 0.332035
v 0.281604 0.953789 0.316799
v 0.375479 1.024157 0.035615
v 0.348643 1.002251 -0.110801
v 0.364096 1.016614 -0.023521
v 0.320051 1.014066 -0.077733
v 0.356319 1.011274 -0.066429
v 0.475738 0.715231 0.211731
v 0.402527 1.044977 0.117247
v 0.501602 0.560810 0.220705
v 0.412281 1.009834 0.103522
v 0.430366 0.936078 0.102274
v 0.446108 0.870986 0.158860
v 0.477141 0.794872 0.062821
v 0.411163 0.874508 -0.110151
v 0.416413 0.890905 -0.068206
v 0.426166 0.884927 -0.031339
v 0.436101 0.888557 0.047768
v 0.405457 0.872628 -0.113243
v 0.453534 0.839273 0.101585
v 0.349079 -0.814559 -0.105430
v 0.507406 -0.781278 -0.102353
v 0.586859 -0.769082 -0.077075
v 0.634996 -0.747085 0.040254
v 0.491623 0.769767 0.127330
v 0.435185 0.854523 -0.047246
v 0.236842 1.002374 -0.070166
v 0.380074 0.988703 -0.080770
v 0.406453 0.909960 -0.082495
v 0.420882 0.868267 -0.079315
v 0.459881 0.837107 0.025555
v 0.518179 0.643056 0.175091
v 0.532799 0.507689 0.140070
v 0.520693 0.429782 0.035990
v 0.611214 -0.331358 0.036773
v 0.641642 -0.404113 0.140646
v 0.658573 -0.538668 0.185492
v 0.660262 -0.670419 0.143538
v 0.548183 -0.798364 0.415683
v 0.541420 -0.659180 0.430565
v 0.536857 -0.425427 0.438764
v 0.479417 -0.666844 0.419547
v 0.471129 -0.808829 0.395264
v 0.364279 -0.878722 0.288540
v 0.415556 -0.839098 0.328923
v 0.430985 -0.678319 0.404211
v 0.442041 -0.442060 0.435791
v 0.237876 1.005177 0.103600
v 0.087403 1.016952 -0.070634
v 0.000655 1.016965 -0.071539
v 0.297651 -0.874823 -0.055238
v 0.594738 -0.792929 -0.045967
v 0.614597 -0.793208 0.007450
v 0.307069 -0.890961 0.004471
v 0.646988 -0.755038 0.313970
v 0.287354 0.895237 0.334989
v 0.443427 0.879194 0.102540
v 0.354232 1.009359 -0.079468
v 0.414182 0.885613 -0.084362
v 0.476201 0.811195 0.077893
v 0.506510 0.711448 0.160576
v 0.528856 0.571976 0.168338
v 0.529543 0.460287 0.090041
v 0.588147 -0.314287 -0.039500
v 0.626446 -0.359421 0.089975
v 0.652003 -0.467166 0.173263
v 0.663156 -0.608622 0.175003
v 0.648104 -0.717023 0.092839
v 0.625326 -0.759711 0.003129
v 0.604490 -0.766197 -0.053542
v 0.292317 -0.822374 -0.105430
v 0.358569 -0.868568 0.322962
v 0.583472 -0.343286 0.405081
v 0.534172 -0.348031 0.438257
v 0.484755 -0.432303 0.432519
v 0.438956 -0.561650 0.422716
v 0.368312 -0.885635 0.255169
v 0.406001 -0.881544 0.174285
v 0.405319 -0.873358 0.232342
v 0.332719 -0.895098 0.083436
v 0.362304 -0.889730 0.097510
v 0.359817 -0.883800 0.180770
v 0.365823 -0.875238 0.245960
v 0.395271 -0.872101 0.175079
v 0.330230 -0.884701 0.092681
v 0.394589 -0.863915 0.223133
v 0.351574 -0.880287 0.106755
v 0.569772 -0.305519 -0.083623
v 0.487810 0.391697 -0.089273
v 0.540454 -0.049166 -0.091587
v 0.563497 -0.259841 -0.091583
v 0.491301 0.408760 -0.068237
v 0.361960 -0.697047 0.413495
v 0.362933 -0.572401 0.436126
v 0.360905 -0.797317 0.384706
v 0.365105 -0.454293 0.449518
v 0.365798 -0.352500 0.459217
v 0.638035 -0.734589 0.107870
v 0.506117 -0.052716 0.432461
v 0.579176 -0.044201 0.324519
v 0.574991 -0.044856 0.188130
v 0.562291 -0.046320 0.060896
v 0.567288 -0.045744 0.110959
v 0.491201 0.220437 -0.116121
v 0.502508 0.221335 -0.112753
v 0.509348 0.218849 -0.090875
v 0.531940 0.222016 0.060090
v 0.536489 0.227560 0.112648
v 0.542947 0.231981 0.186601
v 0.545989 0.228665 0.316677
v 0.476371 0.215138 0.420907
v 0.287417 1.032061 0.161539
v 0.266426 1.012326 0.174198
v 0.239615 1.003189 0.171311
v 0.373884 1.101017 0.126226
v 0.364116 1.095799 0.096625
v 0.339658 1.090762 0.080302
v 0.314697 1.090082 0.096625
v 0.304733 1.093017 0.126226
v 0.302528 1.096859 0.155767
v 0.375185 1.105267 0.155780
v 0.338763 1.098502 0.137185
v 0.338411 1.101922 0.162057
v 0.095924 0.993822 0.269576
v 0.217849 0.995941 0.246278
v 0.240977 0.999006 0.243792
v 0.014498 0.989145 0.282768
v 0.208876 -0.476087 0.467721
v 0.214530 -0.592321 0.452820
v 0.222292 -0.724890 0.429229
v 0.228243 -0.830158 0.399206
v 0.231457 -0.902937 0.337097
v 0.230406 -0.913996 0.302542
v 0.237166 -0.919241 0.267245
v 0.235322 -0.908769 0.258036
v 0.232196 -0.911512 0.185053
v 0.585708 -0.915747 0.370778
v 0.588073 -0.876127 0.386658
v 0.522442 -0.923084 0.370850
v 0.516694 -0.884513 0.387248
v 0.476151 -0.919311 0.322157
v 0.462176 -0.890956 0.331062
v 0.474645 -0.909828 0.252703
v 0.459039 -0.891788 0.247950
v 0.518857 -0.899022 0.203293
v 0.510571 -0.886458 0.187162
v 0.582559 -0.891578 0.203250
v 0.585403 -0.877223 0.186788
v 0.628053 -0.891936 0.252575
v 0.636660 -0.870128 0.246859
v 0.629122 -0.901525 0.322000
v 0.636343 -0.870145 0.329755
v 0.580218 -0.915104 0.357428
v 0.526831 -0.921280 0.357428
v 0.488006 -0.916359 0.316335
v 0.486917 -0.906948 0.258057
v 0.524045 -0.897201 0.216791
v 0.577432 -0.891025 0.216791
v 0.615805 -0.892037 0.258057
v 0.616894 -0.901448 0.316335
v 0.245916 0.757828 0.371426
v 0.135377 0.767753 0.389358
v 0.270889 0.751026 0.369833
v 0.032693 0.763481 0.398587
v 0.309751 0.736327 0.370588
v 0.424528 0.426401 0.405944
v 0.478403 -0.296556 0.432672
v 0.506246 -0.249562 0.433344
v 0.436953 -0.324982 0.444356
v 0.483245 -0.055401 0.428752
v 0.450958 0.212196 0.418343
v 0.413225 0.518393 0.400942
v 0.396355 0.627607 0.393186
v 0.205381 -0.397534 0.476653
v 0.417655 -0.807933 0.357498
v 0.230318 -0.867859 0.377091
v 0.360524 -0.834191 0.362508
v 0.407813 -0.779226 0.380791
v 0.396949 -0.818321 0.359536
v 0.384118 -0.856509 0.325334
v 0.218981 0.986900 0.277677
v 0.242238 0.991333 0.272736
v 0.552195 -0.047125 -0.019154
v 0.521907 0.215150 -0.021369
v 0.573874 -0.255144 -0.018573
v 0.500313 0.448098 0.351920
v 0.587849 -0.246341 0.372906
v 0.565311 -0.045836 0.367363
v 0.532170 0.224594 0.357962
v 0.480551 0.437176 0.383226
v 0.509782 0.219886 0.396109
v 0.562329 -0.243504 0.413369
v 0.541738 -0.048589 0.407687
v -0.388416 -1.024384 0.351465
v -0.329456 -1.023381 0.377915
v -0.271080 -1.010854 0.351594
v -0.247503 -0.997797 0.287530
v -0.272456 -0.992823 0.222886
v -0.331874 -0.996588 0.196041
v -0.390465 -1.006347 0.222801
v -0.413832 -1.016911 0.287374
v -0.401368 -0.990489 0.364151
v -0.337878 -0.983284 0.395086
v -0.268528 -0.975447 0.365216
v -0.237391 -0.972012 0.290177
v -0.262872 -0.975688 0.211305
v -0.332402 -0.983924 0.178124
v -0.401046 -0.990673 0.210564
v -0.428349 -0.993127 0.288860
v -0.379223 -1.021880 0.341158
v -0.329051 -1.022159 0.363424
v -0.280267 -1.010432 0.341158
v -0.260962 -0.997780 0.287216
v -0.282325 -0.992649 0.233151
v -0.332140 -0.995452 0.210748
v -0.381280 -1.004097 0.233151
v -0.400907 -1.013970 0.287216
v -0.378717 -1.001381 0.340136
v -0.332105 -0.995989 0.362086
v -0.285492 -0.990597 0.340136
v -0.266185 -0.988363 0.287143
v -0.285492 -0.990597 0.234150
v -0.332105 -0.995989 0.212200
v -0.378717 -1.001381 0.234150
v -0.398024 -1.003615 0.287143
v -0.362936 -1.014210 0.324097
v -0.330432 -1.010450 0.339403
v -0.297927 -1.006690 0.324097
v -0.284464 -1.005132 0.287143
v -0.297927 -1.006690 0.250189
v -0.330432 -1.010450 0.234883
v -0.362936 -1.014210 0.250189
v -0.376399 -1.015768 0.287143
v -0.329287 -1.020339 0.287143
v -0.319866 0.920787 0.319861
v -0.317876 0.958355 0.173837
v -0.239175 0.936840 0.326216
v -0.237880 0.975350 0.173467
v -0.315469 0.844656 0.352377
v -0.317241 0.963864 0.108611
v -0.224807 0.860507 0.359804
v -0.224559 0.982958 0.109710
v -0.440381 0.930121 0.103984
v -0.440016 0.926205 0.168745
v -0.436793 0.895116 0.301840
v -0.428172 0.819344 0.334483
v -0.316746 0.967009 0.070933
v -0.222122 0.986781 0.070964
v -0.433579 0.932744 0.078533
v -0.213722 0.801337 0.383553
v -0.314166 0.780781 0.374678
v -0.420592 0.752179 0.355322
v -0.226475 0.980326 0.300412
v -0.224188 0.941611 0.334773
v -0.217360 0.863376 0.368156
v -0.607986 0.711320 0.345700
v -0.427392 -0.857576 0.391890
v -0.460600 -0.666520 0.402939
v -0.595068 0.513876 0.365541
v -0.628171 0.738468 0.041283
v -0.503824 -0.436263 0.051938
v -0.442375 -0.880321 0.049607
v -0.633933 0.685399 0.282971
v -0.622610 0.511342 0.300245
v -0.607346 0.333654 0.307874
v -0.517458 -0.488710 0.332211
v -0.495505 -0.671468 0.334135
v -0.467147 -0.840222 0.320626
v -0.632134 0.668159 0.173149
v -0.622375 0.511393 0.227039
v -0.607302 0.348482 0.190697
v -0.509640 -0.507521 0.191205
v -0.493186 -0.672717 0.240800
v -0.464423 -0.828910 0.187427
v -0.372062 -0.915296 -0.061420
v -0.400774 -0.936772 0.044290
v -0.416782 -0.948366 0.166360
v -0.439621 -0.954341 0.297925
v -0.413063 -0.939600 0.381106
v -0.148242 -0.907526 -0.081141
v -0.268605 -0.925090 0.386066
v -0.289634 -0.844114 0.406431
v -0.343691 -0.651843 0.427729
v -0.509548 0.724826 0.369027
v -0.460747 0.893754 0.298260
v -0.159813 -0.944173 0.043019
v -0.219871 -0.949901 0.170210
v -0.215422 -0.931055 0.293472
v -0.442424 0.731935 0.355587
v -0.235691 -0.848651 0.379239
v -0.514983 -0.481892 0.025987
v -0.403655 -0.861599 -0.078564
v -0.452647 -0.851206 0.031324
v -0.526929 -0.551677 0.119075
v -0.489109 -0.791209 0.123955
v -0.515141 -0.674323 0.159376
v -0.603094 0.317478 0.020560
v -0.602407 0.733299 -0.105988
v -0.651704 0.625427 0.108536
v -0.632994 0.381627 0.118850
v -0.649154 0.507062 0.152938
v -0.537535 0.936991 0.304731
v -0.609520 0.928648 0.306205
v -0.627136 0.926426 0.254489
v -0.529083 0.937553 0.080312
v -0.596196 0.785030 -0.110265
v -0.627529 0.808333 0.055444
v -0.636790 0.812018 0.266251
v -0.614057 0.840715 0.329493
v -0.522192 0.854043 0.341967
v -0.316480 0.968702 0.050653
v -0.316406 0.964867 -0.108192
v -0.306795 -0.918899 -0.078523
v -0.345424 -0.932221 0.409183
v -0.359956 -0.851248 0.422774
v -0.400634 -0.656794 0.437057
v -0.533103 0.315616 0.408045
v -0.550085 0.518993 0.395357
v -0.565803 0.718541 0.374477
v -0.573185 0.846167 0.356343
v -0.574069 0.932857 0.329695
v -0.309820 -0.955612 0.040129
v -0.317920 -0.962900 0.125256
v -0.586975 0.321388 0.018792
v -0.597011 0.732139 -0.109052
v -0.625930 0.690129 0.010594
v -0.641435 0.625225 0.106381
v -0.621859 0.383918 0.116447
v -0.638878 0.508141 0.150420
v -0.478137 -0.439496 -0.105946
v -0.565038 0.300943 -0.092175
v -0.551116 0.304517 -0.095399
v -0.503559 -0.482936 0.024754
v -0.396360 -0.857859 -0.072714
v -0.437955 -0.846981 0.030291
v -0.515325 -0.551730 0.116677
v -0.478049 -0.788537 0.121741
v -0.503814 -0.672995 0.156500
v -0.465723 -0.440005 -0.109134
v -0.577855 0.266854 -0.015092
v -0.456956 -0.356582 0.435287
v -0.529724 -0.380675 0.331342
v -0.522620 -0.380223 0.188218
v -0.510072 -0.378762 0.057795
v -0.483597 -0.381440 -0.112605
v -0.471581 -0.380047 -0.115979
v -0.610085 0.757056 -0.068397
v -0.589689 0.784007 -0.113312
v -0.615950 0.797869 -0.024188
v -0.618011 0.741834 -0.037724
v -0.615071 0.713941 -0.070367
v -0.601395 0.713428 -0.072880
v -0.156359 -0.851282 -0.103781
v -0.318893 -0.855080 -0.101117
v -0.156547 -0.848956 -0.096787
v -0.317690 -0.852506 -0.094214
v -0.504946 0.927334 0.069373
v -0.494256 0.921578 0.247434
v -0.531614 0.912343 0.324010
v -0.575041 0.906426 0.345973
v -0.612432 0.901895 0.319577
v -0.630731 0.897167 0.253641
v -0.625753 0.889653 0.060930
v -0.588515 0.872160 -0.110735
v -0.573304 0.863902 -0.113727
v -0.587554 0.280264 0.055269
v -0.567159 0.933351 0.053754
v -0.556359 0.925384 0.030739
v -0.537562 0.907748 -0.110451
v -0.312143 0.948691 -0.113796
v -0.527108 0.891329 -0.113796
v -0.449779 0.927194 0.060668
v -0.608412 0.881886 -0.021584
v -0.553375 0.919285 -0.018481
v -0.452903 0.900641 -0.113796
v -0.458441 0.916718 -0.108421
v -0.606769 0.796087 -0.067819
v -0.598509 0.877119 -0.066871
v -0.545191 0.915610 -0.063056
v -0.317303 0.970438 -0.046851
v -0.459961 0.922828 -0.046699
v -0.631582 0.925570 0.150872
v -0.634188 0.892912 0.144319
v -0.634532 0.818624 0.150311
v -0.635963 0.691199 0.012160
v -0.232197 0.984550 -0.108267
v -0.232849 0.990135 -0.048096
v -0.232527 0.987428 0.050706
v -0.230257 0.967875 -0.113796
v -0.585653 0.404730 0.368410
v -0.614997 0.417172 0.304420
v -0.508128 -0.573552 0.335434
v -0.379498 -0.923541 -0.042738
v -0.421524 -0.862679 -0.056330
v -0.469154 -0.828530 0.078804
v -0.523585 -0.609521 0.147948
v -0.504660 -0.737417 0.151095
v -0.653117 0.570678 0.139535
v -0.643617 0.440386 0.145864
v -0.602639 0.618421 0.355847
v -0.629287 0.602111 0.293101
v -0.516031 0.799165 0.356132
v -0.499323 0.610958 0.383770
v -0.477507 0.727858 0.355947
v -0.524020 0.938437 0.267366
v -0.516292 0.938936 0.118348
v -0.091020 -0.905058 -0.081174
v -0.540907 0.408012 0.402820
v -0.558698 0.625051 0.385317
v -0.570452 0.791821 0.364614
v -0.147104 -0.921834 -0.055041
v -0.305671 -0.934212 -0.052753
v -0.635942 0.664186 0.061064
v -0.642807 0.571114 0.137137
v -0.633375 0.442028 0.143319
v -0.619055 0.341154 0.072432
v -0.508982 -0.170751 -0.112682
v -0.425451 -0.908913 0.045343
v -0.503780 -0.590779 0.228965
v -0.410674 -0.858585 -0.053203
v -0.511307 -0.510193 0.073332
v -0.458385 -0.825238 0.077198
v -0.512093 -0.608898 0.145157
v -0.493446 -0.735403 0.148435
v -0.478784 -0.461299 -0.055493
v -0.522862 -0.509543 0.075020
v -0.497404 -0.169411 -0.116059
v -0.515359 -0.379591 0.113036
v -0.104221 -0.942842 0.043165
v -0.427228 -0.856052 -0.003495
v -0.441751 -0.860402 -0.002801
v -0.394495 -0.935037 0.009338
v -0.307438 -0.951443 0.006716
v -0.151450 -0.939875 0.005089
v -0.099317 -0.845932 -0.103779
v -0.099596 -0.843618 -0.096774
v -0.507966 -0.457702 0.112695
v -0.500721 -0.431429 0.020495
v -0.477241 -0.554858 0.406088
v -0.418290 -0.909071 0.386817
v -0.442705 -0.772073 0.399426
v -0.445796 -0.895625 0.174744
v -0.480880 -0.753159 0.226690
v -0.481268 -0.765050 0.328528
v -0.511864 0.916878 0.291643
v -0.612413 0.785336 0.337301
v -0.636419 0.760115 0.274091
v -0.558421 0.280870 -0.112794
v -0.556979 0.282375 -0.116134
v -0.494372 -0.460688 -0.053887
v -0.605172 0.344349 0.070419
v -0.596720 0.305171 0.116176
v -0.612980 0.927742 0.067952
v -0.555083 0.883107 -0.113796
v -0.492861 0.926955 0.108398
v -0.451808 0.813865 0.332035
v -0.491934 0.864301 0.316799
v -0.599396 0.911377 0.035615
v -0.568266 0.896177 -0.110801
v -0.586590 0.906632 -0.023521
v -0.543127 0.914208 -0.077733
v -0.577799 0.903208 -0.066429
v -0.626473 0.587719 0.211731
v -0.630482 0.925471 0.117247
v -0.616396 0.431472 0.220705
v -0.631954 0.889030 0.103522
v -0.632723 0.813092 0.102274
v -0.633187 0.746126 0.158860
v -0.646022 0.664936 0.062821
v -0.599969 0.757533 -0.110151
v -0.608825 0.772299 -0.068206
v -0.616954 0.764251 -0.031339
v -0.627455 0.765517 0.047768
v -0.593984 0.757006 -0.113243
v -0.633176 0.713555 0.101585
v -0.153880 -0.872744 -0.105430
v -0.315624 -0.876492 -0.102353
v -0.395762 -0.882758 -0.077075
v -0.447650 -0.872333 0.040254
v -0.654389 0.637188 0.127330
v -0.618793 0.732592 -0.047246
v -0.459447 0.921822 -0.070166
v -0.595774 0.875810 -0.080770
v -0.603478 0.793124 -0.082495
v -0.608007 0.749238 -0.079315
v -0.638861 0.709997 0.025555
v -0.651314 0.507761 0.175091
v -0.634640 0.372631 0.140070
v -0.605067 0.299546 0.035990
v -0.519415 -0.462157 0.036773
v -0.532428 -0.539938 0.140646
v -0.518190 -0.674804 0.185492
v -0.489753 -0.803461 0.143538
v -0.351423 -0.902436 0.415683
v -0.376617 -0.765385 0.430565
v -0.425544 -0.536764 0.438764
v -0.314501 -0.758690 0.419547
v -0.274015 -0.895032 0.395264
v -0.154029 -0.938683 0.288540
v -0.212999 -0.911814 0.328923
v -0.264729 -0.758804 0.404211
v -0.329435 -0.531310 0.435791
v -0.461093 0.924316 0.103600
v -0.317283 0.970135 -0.070634
v -0.232829 0.989954 -0.071539
v -0.090051 -0.919675 -0.055238
v -0.397989 -0.907774 -0.045967
v -0.417259 -0.912580 0.007450
v -0.095536 -0.937537 0.004471
v -0.457509 -0.882815 0.313970
v -0.484163 0.805982 0.334989
v -0.632451 0.754729 0.102540
v -0.575331 0.901821 -0.079468
v -0.605444 0.767655 -0.084362
v -0.648833 0.681043 0.077893
v -0.655568 0.577011 0.160576
v -0.645480 0.436120 0.168338
v -0.620648 0.327225 0.090041
v -0.500854 -0.440270 -0.039500
v -0.527837 -0.492956 0.089975
v -0.528118 -0.603690 0.173263
v -0.506680 -0.743957 0.175003
v -0.467276 -0.846058 0.092839
v -0.435353 -0.882418 0.003129
v -0.413586 -0.883976 -0.053542
v -0.096833 -0.867394 -0.105430
v -0.150788 -0.927494 0.322962
v -0.489682 -0.467436 0.405081
v -0.440600 -0.460800 0.438257
v -0.373248 -0.531563 0.432519
v -0.299126 -0.647037 0.422716
v -0.156377 -0.946335 0.255169
v -0.194004 -0.950957 0.174285
v -0.195210 -0.942831 0.232342
v -0.119564 -0.947421 0.083436
v -0.149592 -0.948950 0.097510
v -0.148525 -0.942608 0.180770
v -0.156327 -0.935644 0.245960
v -0.185714 -0.939313 0.175079
v -0.119514 -0.936730 0.092681
v -0.186919 -0.931188 0.223133
v -0.141302 -0.937306 0.106755
v -0.484966 -0.427539 -0.083623
v -0.564356 0.269975 -0.089273
v -0.514953 -0.171263 -0.091587
v -0.489287 -0.381635 -0.091583
v -0.571652 0.285790 -0.068237
v -0.193251 -0.761278 0.413495
v -0.222657 -0.640146 0.436126
v -0.169330 -0.858658 0.384706
v -0.251738 -0.525654 0.449518
v -0.275654 -0.426708 0.459217
v -0.453462 -0.860861 0.107870
v -0.480712 -0.166879 0.432461
v -0.553786 -0.175270 0.324519
v -0.549562 -0.174952 0.188130
v -0.536864 -0.173478 0.060896
v -0.541860 -0.174058 0.110959
v -0.528556 0.102464 -0.116121
v -0.539770 0.100756 -0.112753
v -0.545862 0.096775 -0.090875
v -0.568580 0.094700 0.060090
v -0.574275 0.099059 0.112648
v -0.581572 0.101889 0.186601
v -0.583776 0.097966 0.316677
v -0.512908 0.100691 0.420907
v -0.515464 0.939178 0.161539
v -0.490521 0.924757 0.174198
v -0.462332 0.921983 0.171311
v -0.615391 0.986571 0.126226
v -0.604690 0.983721 0.096625
v -0.579728 0.984401 0.080302
v -0.555270 0.989438 0.096625
v -0.545502 0.994656 0.126226
v -0.544873 0.998825 0.155767
v -0.618190 0.990346 0.155780
v -0.580624 0.992141 0.137185
v -0.581061 0.995551 0.162057
v -0.320298 0.945670 0.269576
v -0.439486 0.919896 0.246278
v -0.462704 0.917599 0.243792
v -0.239955 0.959709 0.282768
v -0.094659 -0.511202 0.467721
v -0.073626 -0.625657 0.452820
v -0.050915 -0.756496 0.429229
v -0.032674 -0.860343 0.399206
v -0.019186 -0.931933 0.337097
v -0.015638 -0.942460 0.302542
v -0.021022 -0.949110 0.267245
v -0.021617 -0.938494 0.258036
v -0.017948 -0.940450 0.185053
v -0.361156 -1.025287 0.370778
v -0.372504 -0.987253 0.386658
v -0.297885 -1.017986 0.370850
v -0.301096 -0.979121 0.387248
v -0.253678 -1.003742 0.322157
v -0.246546 -0.972946 0.331062
v -0.254378 -0.994167 0.252703
v -0.243303 -0.973039 0.247950
v -0.299888 -0.993740 0.203293
v -0.294690 -0.979616 0.187162
v -0.363608 -1.001037 0.203250
v -0.369654 -0.987711 0.186788
v -0.407818 -1.011773 0.252575
v -0.421177 -0.992506 0.246859
v -0.406670 -1.021353 0.322000
v -0.420864 -0.992451 0.329755
v -0.355957 -1.023407 0.357428
v -0.302570 -1.017231 0.357428
v -0.265894 -1.003576 0.316335
v -0.266983 -0.994165 0.258057
v -0.305356 -0.993152 0.216791
v -0.358743 -0.999328 0.216791
v -0.395871 -1.009075 0.258057
v -0.394782 -1.018486 0.316335
v -0.412447 0.681664 0.371426
v -0.307093 0.716565 0.389358
v -0.435207 0.669340 0.369833
v -0.206146 0.735851 0.398587
v -0.469686 0.646156 0.370588
v -0.510670 0.318210 0.405944
v -0.398058 -0.397951 0.432672
v -0.435895 -0.358555 0.433344
v -0.351212 -0.416163 0.444356
v -0.457832 -0.164271 0.428752
v -0.487495 0.103629 0.418343
v -0.520668 0.410353 0.400942
v -0.529181 0.520534 0.393186
v -0.109192 -0.433926 0.476653
v -0.222157 -0.881950 0.357498
v -0.026086 -0.897522 0.377091
v -0.160540 -0.894471 0.362508
v -0.219130 -0.851756 0.380791
v -0.199627 -0.887337 0.359536
v -0.178415 -0.921586 0.325334
v -0.438525 0.910835 0.277677
v -0.462179 0.909841 0.272736
v -0.526850 -0.171956 -0.019154
v -0.557245 0.090306 -0.021369
v -0.500462 -0.379430 -0.018573
v -0.589407 0.322031 0.351920
v -0.516078 -0.374051 0.372906
v -0.539914 -0.173696 0.367363
v -0.569393 0.097157 0.357962
v -0.567673 0.315910 0.383226
v -0.546520 0.097685 0.396109
v -0.491880 -0.365462 0.413369
v -0.516335 -0.170994 0.407687
v 0.121298 -0.892278 0.418431
v 0.085630 -0.896405 0.418431
v 0.106642 -0.796562 0.421065
v 0.078044 -0.799871 0.421065
v 0.120242 -0.830555 0.417209
v 0.072565 -0.836070 0.417209
v 0.096403 -0.833313 0.425977
v 0.103836 -0.897563 0.418959
v 0.091474 -0.790706 0.425328
v 0.101604 -0.878269 0.425977
v 0.076768 -0.881142 0.417209
v 0.126440 -0.875396 0.417209
v 0.097704 -0.791817 0.424002
v 0.085479 -0.793323 0.423938
v 0.085630 -0.896405 0.400934
v 0.103836 -0.897563 0.401462
v 0.121298 -0.892278 0.400934
v 0.126520 -0.876084 0.398995
v 0.120242 -0.830555 0.404807
v 0.106642 -0.796562 0.408662
v 0.097704 -0.791817 0.411600
v 0.091474 -0.790706 0.412925
v 0.085479 -0.793323 0.411536
v 0.078044 -0.799871 0.408662
v 0.072565 -0.836070 0.404807
v 0.076848 -0.881830 0.398995
v 0.075855 -0.873243 0.381656
v 0.125527 -0.867497 0.381656
v 0.088598 -0.886083 0.395374
v 0.102779 -0.888426 0.395902
v 0.103394 -0.893742 0.370876
v 0.089159 -0.890932 0.374093
v 0.116612 -0.887756 0.374093
v 0.116051 -0.882907 0.395374
v 0.082557 -0.876146 0.381656
v 0.083355 -0.883041 0.394722
v 0.119664 -0.871853 0.381656
v 0.120462 -0.878748 0.394722
v 0.126103 -0.872479 0.393746
v 0.120242 -0.830555 0.398681
v 0.072565 -0.836070 0.398681
v 0.076431 -0.878225 0.393746
v 0.082938 -0.879436 0.391575
v 0.088598 -0.886083 0.388733
v 0.102779 -0.888426 0.389160
v 0.116051 -0.882907 0.388733
v 0.120044 -0.875143 0.391575
v 0.121794 0.882893 0.357340
v 0.107881 0.881283 0.357340
v 0.144334 0.812971 0.381511
v 0.101837 0.808055 0.381511
v 0.101049 0.815420 0.382514
v 0.143448 0.820325 0.382514
v 0.108867 0.817609 0.392778
v 0.107467 0.805853 0.390295
v 0.135551 0.820688 0.392799
v 0.139636 0.809496 0.390335
v 0.121514 0.881545 0.352854
v 0.108456 0.880028 0.352856
v 0.144770 0.810305 0.373574
v 0.137447 0.858728 0.369411
v 0.102060 0.805372 0.373571
v 0.098149 0.854181 0.369411
v 0.101247 0.813353 0.371060
v 0.143771 0.818272 0.371060
v 0.105885 0.857331 0.377937
v 0.108692 0.801574 0.375030
v 0.129365 0.860023 0.377949
v 0.139385 0.805075 0.375048
v 0.100684 0.874252 0.360359
v 0.123969 0.877325 0.367811
v 0.130405 0.877691 0.360359
v 0.107154 0.875421 0.367834
v 0.129645 0.876438 0.354674
v 0.101707 0.873201 0.354676
v 0.136890 0.857094 0.360287
v 0.099078 0.852720 0.360287
v -0.320157 0.831765 0.357340
v -0.306244 0.833374 0.357340
v -0.326138 0.758544 0.381511
v -0.283641 0.763460 0.381511
v -0.284555 0.770811 0.382514
v -0.326955 0.765906 0.382514
v -0.292667 0.771156 0.392778
v -0.288619 0.760031 0.390295
v -0.319349 0.768062 0.392799
v -0.320770 0.756233 0.390335
v -0.319578 0.830517 0.352854
v -0.306518 0.832021 0.352856
v -0.325953 0.755848 0.373574
v -0.329879 0.804664 0.369411
v -0.283246 0.760797 0.373571
v -0.290582 0.809210 0.369411
v -0.284277 0.768753 0.371060
v -0.326800 0.763833 0.371060
v -0.298832 0.810510 0.377937
v -0.288835 0.755585 0.375030
v -0.322307 0.807770 0.377949
v -0.319516 0.751986 0.375048
v -0.297633 0.828172 0.360359
v -0.321004 0.825848 0.367811
v -0.327354 0.824734 0.360359
v -0.304198 0.827833 0.367834
v -0.326328 0.823688 0.354674
v -0.298389 0.826915 0.354676
v -0.328965 0.803200 0.360287
v -0.291152 0.807575 0.360287
v -0.209955 1.003337 0.282592
v -0.024671 1.024772 0.282592
v -0.228464 0.993795 0.240758
v -0.004473 1.019708 0.240758
v -0.208699 0.981608 0.294971
v -0.228103 0.977537 0.239241
v -0.001111 1.003797 0.239242
v -0.020932 1.003330 0.294971
v -0.114806 0.992471 0.300356
v -0.117325 1.014053 0.287977
v -0.189851 0.983388 0.267752
v -0.191055 1.002490 0.262435
v -0.039650 1.000764 0.267752
v -0.042839 1.019637 0.262435
v -0.114738 0.992077 0.273137
v -0.116947 1.011013 0.267820
v -0.023787 1.001115 0.240136
v -0.026850 1.017073 0.240804
v -0.206028 0.996345 0.240804
v -0.205366 0.980109 0.240136
v -0.115686 0.999988 0.035935
v -0.115686 0.999988 -0.055222
v -0.579732 0.902356 0.035949
v -0.579732 0.902356 -0.055236
v -0.602493 0.771961 -0.040816
v -0.602493 0.771963 0.021532
v -0.543042 0.925251 0.035929
v -0.543042 0.925251 -0.055216
v -0.459558 0.921261 0.035933
v -0.459558 0.921261 -0.055219
v -0.301782 0.965157 0.035938
v -0.301782 0.965157 -0.055225
v -0.594967 0.866262 0.027707
v -0.594967 0.866262 -0.046994
v -0.497705 0.926578 0.035939
v -0.497705 0.926578 -0.055225
v -0.471318 0.920874 0.035934
v -0.471318 0.920874 -0.055221
v -0.443080 0.924403 0.035940
v -0.443080 0.924403 -0.055226
v -0.121481 1.050081 0.028619
v -0.315100 1.014237 0.028624
v -0.455913 0.973438 0.028604
v -0.473184 0.970251 0.028447
v -0.486945 0.971480 0.028459
v -0.513901 0.972126 0.028163
v -0.571738 0.976041 0.028254
v -0.620457 0.943690 0.028510
v -0.641786 0.878884 0.025306
v -0.629523 0.782732 0.022317
v -0.629533 0.782722 -0.041580
v -0.641811 0.878883 -0.044559
v -0.620489 0.943714 -0.047756
v -0.571751 0.976088 -0.047496
v -0.513893 0.972167 -0.047414
v -0.486935 0.971509 -0.047712
v -0.473183 0.970271 -0.047709
v -0.455920 0.973459 -0.047863
v -0.315106 1.014261 -0.047879
v -0.121484 1.050106 -0.047874
v -0.123314 1.065927 -0.010170
v -0.316620 1.030002 -0.010170
v -0.451925 0.989752 -0.010170
v -0.471820 0.983773 -0.010163
v -0.486793 0.988376 -0.010168
v -0.514326 0.994980 -0.010169
v -0.574793 0.996631 -0.010171
v -0.633559 0.956815 -0.010171
v -0.651847 0.881244 -0.010169
v -0.628021 0.772157 -0.010063
v -0.601264 0.761642 -0.010003
v 0.358395 1.010885 0.035949
v 0.358395 1.010885 -0.055236
v 0.417633 0.889976 -0.040816
v 0.417632 0.889978 0.021532
v 0.317446 1.024798 0.035929
v 0.317446 1.024798 -0.055216
v 0.237078 1.001853 0.035933
v 0.237078 1.001853 -0.055219
v 0.073447 1.008566 0.035938
v 0.073447 1.008566 -0.055225
v 0.381469 0.979223 0.027707
v 0.381469 0.979223 -0.046994
v 0.273004 1.015740 0.035939
v 0.273004 1.015739 -0.055225
v 0.248616 1.004161 0.035934
v 0.248616 1.004161 -0.055221
v 0.220318 1.001150 0.035940
v 0.220318 1.001150 -0.055226
v 0.075208 1.059390 0.028624
v 0.221617 1.051820 0.028604
v 0.239159 1.052660 0.028447
v 0.252276 1.056999 0.028459
v 0.278373 1.063782 0.028163
v 0.333789 1.080799 0.028254
v 0.388607 1.060425 0.028510
v 0.424169 1.002201 0.025306
v 0.441489 0.906635 0.022317
v 0.441501 0.906627 -0.041580
v 0.424193 1.002206 -0.044559
v 0.388632 1.060457 -0.047756
v 0.333790 1.080848 -0.047496
v 0.278356 1.063819 -0.047414
v 0.252260 1.057025 -0.047712
v 0.239154 1.052679 -0.047709
v 0.221619 1.051841 -0.047863
v 0.075209 1.059415 -0.047879
v 0.073089 1.075086 -0.010170
v 0.214010 1.066792 -0.010170
v 0.234744 1.065513 -0.010163
v 0.248270 1.073414 -0.010168
v 0.273569 1.086129 -0.010169
v 0.332062 1.101542 -0.010171
v 0.398366 1.076195 -0.010171
v 0.433426 1.006796 -0.010169
v 0.442441 0.895996 -0.010063
v 0.418791 0.879649 -0.010003
v -0.562893 0.912863 -0.055227
v -0.600079 0.965470 -0.047636
v -0.608547 0.981986 -0.010171
v -0.600056 0.965434 0.028392
v -0.562893 0.912863 0.035940
v 0.338003 1.017814 -0.055226
v 0.364587 1.076609 -0.047626
v 0.368613 1.094815 -0.010171
v 0.364574 1.076569 0.028382
v 0.338003 1.017813 0.035939
v 0.595726 -0.405225 0.400349
v 0.600766 -0.409174 0.388810
v 0.582315 -0.408381 0.393257
v 0.587349 -0.412994 0.381926
v 0.604761 -0.404180 0.377299
v 0.591274 -0.407344 0.370402
v 0.592474 -0.390892 0.404822
v 0.601576 -0.389006 0.390369
v 0.605009 -0.389442 0.372846
v 0.590614 -0.390935 0.365580
v 0.578194 -0.392372 0.397262
v 0.591407 -0.358727 0.401477
v 0.595826 -0.353236 0.389668
v 0.600989 -0.357619 0.377033
v 0.585236 -0.360126 0.369147
v 0.575705 -0.361229 0.393462
v 0.579758 -0.355095 0.381850
v 0.576233 -0.374814 0.397026
v 0.590601 -0.373329 0.404622
v 0.602959 -0.371897 0.373095
v 0.588473 -0.373399 0.365802
v 0.628737 -0.339446 0.499628
v 0.633998 -0.336996 0.497304
v 0.627697 -0.344930 0.500424
v 0.639936 -0.338150 0.494934
v 0.642141 -0.343258 0.494371
v 0.629795 -0.349569 0.499785
v 0.635559 -0.350518 0.497195
v 0.641154 -0.348255 0.495024
v 0.609975 -0.377988 0.389027
v 0.606743 -0.381092 0.397190
v 0.603427 -0.378469 0.405594
v 0.601605 -0.370019 0.407905
v 0.601442 -0.360618 0.405467
v 0.604199 -0.357160 0.397472
v 0.607869 -0.360092 0.389111
v 0.609914 -0.369377 0.386824
v 0.596905 -0.384557 0.400594
v 0.593784 -0.373675 0.402353
v 0.593831 -0.361842 0.399795
v 0.597330 -0.357316 0.390107
v 0.601641 -0.360923 0.379823
v 0.603646 -0.372533 0.377107
v 0.605033 -0.383636 0.379835
v 0.601268 -0.403886 0.389337
v 0.603756 -0.400806 0.381393
v 0.597531 -0.401445 0.397226
v 0.649760 -0.335274 0.520333
v 0.636743 -0.336780 0.526463
v 0.623725 -0.338286 0.520333
v 0.618334 -0.338910 0.505534
v 0.623725 -0.338286 0.490735
v 0.636743 -0.336780 0.484605
v 0.649760 -0.335274 0.490735
v 0.655152 -0.334650 0.505534
v 0.678143 -0.298212 0.556986
v 0.632886 -0.303448 0.578298
v 0.587629 -0.308683 0.556986
v 0.568884 -0.310852 0.505534
v 0.587629 -0.308683 0.454082
v 0.632886 -0.303448 0.432770
v 0.678143 -0.298212 0.454082
v 0.696889 -0.296043 0.505534
v 0.679375 -0.308862 0.556986
v 0.634118 -0.314098 0.578298
v 0.588862 -0.319334 0.556986
v 0.570116 -0.321502 0.505534
v 0.588862 -0.319334 0.454082
v 0.634118 -0.314098 0.432770
v 0.679375 -0.308862 0.454082
v 0.698121 -0.306694 0.505534
v 0.632858 -0.303204 0.505534
v 0.646971 -0.349550 0.515351
v 0.638335 -0.350549 0.519418
v 0.638821 -0.354749 0.505534
v 0.629700 -0.351548 0.515351
v 0.626123 -0.351961 0.505534
v 0.629700 -0.351548 0.495716
v 0.638335 -0.350549 0.491650
v 0.646971 -0.349550 0.495716
v 0.650548 -0.349136 0.505534
v 0.658535 -0.311273 0.572549
v 0.657303 -0.300623 0.572549
v 0.609702 -0.316923 0.572549
v 0.608470 -0.306272 0.572549
v 0.575172 -0.320917 0.533292
v 0.573940 -0.310267 0.533292
v 0.575172 -0.320917 0.477775
v 0.573940 -0.310267 0.477775
v 0.609702 -0.316923 0.438519
v 0.608470 -0.306272 0.438519
v 0.658535 -0.311273 0.438519
v 0.657303 -0.300623 0.438519
v 0.693065 -0.307279 0.477775
v 0.691832 -0.296628 0.477775
v 0.693065 -0.307279 0.533292
v 0.691832 -0.296628 0.533292
v 0.106650 -0.921882 0.039617
v 0.106650 -0.921882 -0.051558
v 0.547227 -0.832765 0.039619
v 0.547227 -0.832765 -0.051560
v 0.586928 -0.777327 -0.032159
v 0.586927 -0.777377 0.020246
v 0.509527 -0.848352 0.039593
v 0.509527 -0.848352 -0.051534
v 0.423374 -0.859447 0.039615
v 0.423374 -0.859447 -0.051555
v 0.291152 -0.887237 0.039619
v 0.291152 -0.887237 -0.051560
v 0.572305 -0.806517 0.031420
v 0.572305 -0.806517 -0.043360
v 0.468572 -0.855293 0.039595
v 0.468572 -0.855293 -0.051536
v 0.434617 -0.855640 0.039607
v 0.434617 -0.855640 -0.051548
v 0.407057 -0.862569 0.039622
v 0.407057 -0.862569 -0.051562
v 0.112172 -0.969614 0.030889
v 0.305915 -0.933781 0.030859
v 0.421257 -0.909025 0.030889
v 0.438412 -0.905879 0.030723
v 0.451673 -0.903567 0.030782
v 0.487925 -0.907542 0.030727
v 0.541162 -0.902689 0.030824
v 0.591445 -0.869792 0.030922
v 0.615789 -0.820526 0.027439
v 0.621735 -0.786787 0.020135
v 0.621737 -0.786729 -0.034718
v 0.615809 -0.820523 -0.042035
v 0.591467 -0.869807 -0.045513
v 0.541169 -0.902714 -0.045415
v 0.487921 -0.907568 -0.045320
v 0.451666 -0.903589 -0.045379
v 0.438411 -0.905897 -0.045323
v 0.421262 -0.909045 -0.045486
v 0.305920 -0.933804 -0.045453
v 0.112174 -0.969637 -0.045483
v 0.113963 -0.985100 -0.007835
v 0.307432 -0.949138 -0.007835
v 0.417313 -0.924964 -0.007836
v 0.435603 -0.919204 -0.007829
v 0.449580 -0.920181 -0.007835
v 0.485759 -0.925800 -0.007833
v 0.544154 -0.923141 -0.007835
v 0.603700 -0.883432 -0.007835
v 0.628172 -0.822422 -0.007838
v 0.620490 -0.777681 -0.007727
v 0.589953 -0.768358 -0.006327
v -0.342638 -0.935711 0.039619
v -0.342638 -0.935711 -0.051560
v -0.393947 -0.890801 -0.032159
v -0.393935 -0.890850 0.020246
v -0.302375 -0.942278 0.039593
v -0.302375 -0.942278 -0.051534
v -0.215964 -0.933410 0.039615
v -0.215964 -0.933410 -0.051555
v -0.080890 -0.930277 0.039619
v -0.080890 -0.930277 -0.051560
v -0.373046 -0.915882 0.031420
v -0.373046 -0.915882 -0.043360
v -0.260917 -0.939686 0.039595
v -0.260917 -0.939686 -0.051536
v -0.227780 -0.932271 0.039607
v -0.227780 -0.932271 -0.051548
v -0.199365 -0.932725 0.039622
v -0.199365 -0.932725 -0.051562
v -0.084635 -0.978963 0.030859
v -0.202583 -0.981195 0.030889
v -0.220003 -0.982049 0.030723
v -0.233441 -0.982826 0.030782
v -0.267828 -0.994973 0.030727
v -0.320767 -1.002403 0.030824
v -0.377234 -0.981855 0.030922
v -0.412182 -0.939449 0.027439
v -0.425675 -0.907958 0.020135
v -0.425690 -0.907903 -0.034718
v -0.412203 -0.939450 -0.042035
v -0.377252 -0.981875 -0.045513
v -0.320769 -1.002430 -0.045415
v -0.267819 -0.994998 -0.045320
v -0.233430 -0.982846 -0.045379
v -0.219998 -0.982066 -0.045323
v -0.202584 -0.981216 -0.045486
v -0.084635 -0.978986 -0.045453
v -0.082606 -0.994261 -0.007835
v -0.195104 -0.995813 -0.007836
v -0.214226 -0.994381 -0.007829
v -0.227611 -0.998523 -0.007835
v -0.261551 -1.012254 -0.007833
v -0.319010 -1.022998 -0.007835
v -0.386051 -0.997933 -0.007835
v -0.423805 -0.944122 -0.007838
v -0.426542 -0.898809 -0.007727
v -0.398940 -0.882760 -0.006327
v -0.323229 -0.938877 -0.051547
v -0.352304 -0.996567 -0.045466
v -0.356014 -1.014799 -0.007835
v -0.352294 -0.996544 0.030875
v -0.323229 -0.938877 0.039606
v 0.530812 -0.839552 -0.051549
v 0.570222 -0.889805 -0.045471
v 0.578593 -0.907815 -0.007835
v 0.570207 -0.889785 0.030879
v 0.530812 -0.839552 0.039608
v -0.221429 0.972569 0.238329
v -0.222367 0.980677 0.076922
v -0.005765 0.997519 0.238329
v -0.006703 1.005626 0.076922
v -0.009228 1.027447 0.078357
v -0.224891 1.002497 0.078357
v -0.223953 0.994390 0.239764
v -0.008290 1.019339 0.239764
v -0.000198 0.998757 0.226654
v -0.002723 1.020578 0.228090
v -0.229656 0.994324 0.228090
v -0.227132 0.972504 0.226654
v -0.000994 1.005635 0.089730
v -0.003518 1.027455 0.091166
v -0.230452 1.001202 0.091166
v -0.227927 0.979382 0.089730
v 0.109987 -0.941944 0.171319
v 0.037603 -0.944985 0.230632
v 0.109336 -0.940706 0.233080
v 0.180337 -0.928278 0.230632
v 0.040024 -0.943441 0.146086
v 0.109912 -0.942086 0.108153
v 0.037603 -0.943827 0.172081
v 0.178712 -0.927038 0.147173
v 0.181261 -0.926818 0.172081
v 0.055966 -0.943804 0.126450
v 0.159091 -0.931996 0.126886
v 0.036011 -0.930864 0.230535
v 0.178663 -0.914166 0.230535
v 0.178837 -0.905872 0.172081
v 0.035180 -0.922880 0.172081
v 0.037601 -0.922494 0.146086
v 0.176289 -0.906091 0.147173
v 0.053543 -0.922857 0.126450
v 0.107489 -0.921139 0.108153
v 0.156667 -0.911049 0.126886
v 0.108680 -0.939434 0.274080
v 0.107341 -0.927860 0.274277
v 0.110367 -0.954017 0.262221
v 0.110177 -0.952370 0.244833
v -0.124190 -0.946038 0.215198
v -0.158984 -0.946911 0.170694
v -0.150501 -0.943339 0.197419
v -0.184101 -0.946615 0.171385
v -0.184380 -0.943161 0.221203
v -0.146231 -0.946167 0.250274
v -0.097347 -0.948671 0.221315
v -0.024014 -0.949899 0.229040
v -0.114965 -0.949110 0.258308
v -0.034963 -0.950612 0.267820
v -0.124919 -0.934340 0.215168
v -0.098239 -0.937050 0.221188
v -0.025176 -0.938312 0.228855
v -0.151610 -0.931450 0.197327
v -0.160037 -0.934567 0.170390
v -0.185654 -0.934832 0.171166
v -0.185851 -0.931666 0.221305
v -0.147333 -0.934547 0.250591
v -0.116012 -0.937489 0.258584
v -0.036152 -0.939023 0.268030
v -0.030295 -0.965096 0.256153
v -0.108606 -0.963773 0.247045
v -0.138558 -0.960994 0.239547
v -0.172984 -0.955447 0.214746
v -0.176819 -0.946806 0.155828
v -0.178557 -0.934404 0.155181
v -0.025703 -0.962996 0.239296
v -0.101105 -0.961595 0.231014
v -0.129162 -0.958800 0.224380
v -0.156942 -0.953157 0.204764
v -0.165116 -0.946623 0.156637
v -0.166759 -0.934065 0.155746
v 0.037339 -0.959189 0.242616
v 0.034860 -0.961129 0.259801
v 0.031499 -0.946655 0.271604
v 0.030229 -0.935077 0.271804
v 0.336908 -0.892695 0.215198
v 0.370982 -0.885601 0.170694
v 0.361907 -0.884060 0.197419
v 0.395368 -0.879578 0.171385
v 0.394851 -0.876151 0.221203
v 0.358396 -0.887788 0.250274
v 0.311375 -0.901387 0.221315
v 0.240259 -0.919326 0.229040
v 0.328628 -0.897792 0.258308
v 0.251081 -0.917520 0.267820
v 0.334946 -0.881139 0.215168
v 0.309590 -0.889870 0.221188
v 0.238745 -0.907780 0.228855
v 0.360273 -0.872232 0.197327
v 0.369189 -0.873342 0.170390
v 0.394189 -0.867751 0.171166
v 0.393659 -0.864624 0.221305
v 0.356815 -0.876224 0.250591
v 0.326993 -0.886239 0.258584
v 0.249593 -0.905966 0.268030
v 0.249844 -0.932688 0.256153
v 0.325784 -0.913520 0.247045
v 0.354311 -0.903975 0.239547
v 0.386561 -0.890715 0.214746
v 0.388322 -0.881427 0.155828
v 0.387183 -0.868955 0.155181
v 0.244894 -0.931692 0.239296
v 0.317984 -0.913112 0.231014
v 0.344662 -0.903985 0.224380
v 0.370420 -0.892148 0.204764
v 0.376886 -0.883921 0.156637
v 0.375618 -0.871319 0.155746
v 0.182647 -0.942379 0.242616
v 0.185504 -0.943701 0.259801
v 0.185472 -0.928842 0.271604
v 0.184065 -0.917280 0.271804
v -0.452746 0.982289 0.076545
v -0.504476 0.976305 0.076545
v -0.450633 0.964025 0.076545
v -0.502363 0.958040 0.076545
v -0.509186 0.957051 0.047545
v -0.512613 0.986672 0.046045
v -0.447191 0.994240 0.046045
v -0.443764 0.964620 0.047545
v -0.514074 0.939723 -0.050163
v -0.519309 0.984969 -0.050163
v -0.435049 0.948865 -0.050163
v -0.440283 0.994111 -0.050163
v -0.479279 0.994492 0.071440
v -0.473263 0.944444 -0.067530
v -0.436975 0.965513 -0.011287
v -0.442222 1.010872 -0.011287
v -0.521248 1.001730 -0.011287
v -0.516000 0.956371 -0.011287
v -0.481629 1.016456 0.001658
v -0.481490 1.015560 -0.027966
v -0.485633 0.959976 0.088310
v -0.487278 0.980873 0.088845
v -0.466827 0.962151 0.088869
v -0.468784 0.982947 0.088531
v -0.494285 0.996976 -0.061254
v -0.469616 1.001222 -0.062948
v 0.216513 1.059714 0.076545
v 0.268243 1.065698 0.076545
v 0.218626 1.041449 0.076545
v 0.270355 1.047434 0.076545
v 0.277225 1.048029 0.047545
v 0.273798 1.077649 0.046045
v 0.208376 1.070081 0.046045
v 0.211802 1.040460 0.047545
v 0.285940 1.032274 -0.050163
v 0.280706 1.077520 -0.050163
v 0.206914 1.023132 -0.050163
v 0.201680 1.068378 -0.050163
v 0.239559 1.077653 0.071440
v 0.245128 1.027553 -0.067530
v 0.204988 1.039780 -0.011287
v 0.199741 1.085139 -0.011287
v 0.278767 1.094281 -0.011287
v 0.284014 1.048922 -0.011287
v 0.236785 1.099949 0.000461
v 0.236910 1.098591 -0.028229
v 0.251250 1.066197 0.088296
v 0.255549 1.045721 0.086957
v 0.228708 1.063107 0.085998
v 0.231048 1.042886 0.085998
v 0.251123 1.084043 -0.062268
v 0.227896 1.081635 -0.062608
v 0.384800 -0.915941 0.101222
v 0.436530 -0.909956 0.101222
v 0.382687 -0.897677 0.101222
v 0.434417 -0.891692 0.101222
v 0.441240 -0.890703 0.072222
v 0.444427 -0.918248 0.070722
v 0.379005 -0.925816 0.070722
v 0.375818 -0.898272 0.072222
v 0.446128 -0.873375 -0.045581
v 0.451363 -0.918621 -0.045581
v 0.367103 -0.882517 -0.045581
v 0.372337 -0.927763 -0.045581
v 0.410935 -0.926081 0.096109
v 0.405127 -0.878118 -0.062947
v 0.448054 -0.890023 -0.006655
v 0.453302 -0.935382 -0.006655
v 0.374276 -0.944524 -0.006655
v 0.369029 -0.899165 -0.006655
v 0.419023 -0.893473 0.111981
v 0.420826 -0.914112 0.112385
v 0.395034 -0.896248 0.110670
v 0.400580 -0.916600 0.113079
v 0.413375 -0.949415 -0.022715
v 0.413483 -0.950012 0.008642
v 0.423716 -0.931832 -0.057775
v 0.398358 -0.934111 -0.056977
v -0.165510 -0.979605 0.101222
v -0.217240 -0.985589 0.101222
v -0.167623 -0.961340 0.101222
v -0.219353 -0.967325 0.101222
v -0.226222 -0.967920 0.072222
v -0.223035 -0.995465 0.070722
v -0.157613 -0.987896 0.070722
v -0.160799 -0.960351 0.072222
v -0.234937 -0.952165 -0.045581
v -0.229703 -0.997411 -0.045581
v -0.155912 -0.943023 -0.045581
v -0.150677 -0.988269 -0.045581
v -0.188640 -0.995444 0.096109
v -0.193936 -0.947422 -0.062947
v -0.233011 -0.968813 -0.006655
v -0.227764 -1.014172 -0.006655
v -0.148738 -1.005030 -0.006655
v -0.153986 -0.959671 -0.006655
v -0.199978 -0.986078 0.113088
v -0.203931 -0.965541 0.112001
v -0.180344 -0.983743 0.112785
v -0.179970 -0.962769 0.110670
v -0.185759 -1.018106 -0.024773
v -0.185710 -1.018894 0.010216
v -0.202184 -1.003433 -0.056792
v -0.174274 -1.000244 -0.056840
v 0.273536 -0.383299 0.538713
v 0.272588 -0.375013 0.553392
v -0.081393 -0.432274 0.544801
v -0.082342 -0.423988 0.559480
v -0.082642 -0.424196 0.537842
v -0.083591 -0.415911 0.552521
v 0.272287 -0.375221 0.531753
v 0.271339 -0.366935 0.546432
v 0.027919 -0.415315 0.568596
v 0.029344 -0.427763 0.546543
v 0.028095 -0.419686 0.539583
v 0.026670 -0.407238 0.561636
v 0.166324 -0.396218 0.566222
v 0.167749 -0.408666 0.544168
v 0.166500 -0.400588 0.537209
v 0.165075 -0.388140 0.559262
v 0.264569 -0.369160 0.530184
v 0.264077 -0.364859 0.537803
v 0.162715 -0.392967 0.537344
v 0.161976 -0.386506 0.548790
v 0.029529 -0.411344 0.539628
v 0.028789 -0.404884 0.551074
v -0.076976 -0.416288 0.536043
v -0.077469 -0.411987 0.543662
v 0.330549 -0.394898 0.462832
v 0.335747 -0.387578 0.478017
v 0.133864 -0.416375 0.558906
v 0.137526 -0.411218 0.569604
v 0.130508 -0.407870 0.554258
v 0.134170 -0.402713 0.564956
v 0.327862 -0.389089 0.459936
v 0.333060 -0.381769 0.475121
v 0.309549 -0.395548 0.503546
v 0.299898 -0.409138 0.475356
v 0.294009 -0.394334 0.467287
v 0.303658 -0.380746 0.495473
v 0.328883 -0.389617 0.487745
v 0.321090 -0.400591 0.464981
v 0.318128 -0.390938 0.459679
v 0.325833 -0.380088 0.482185
v 0.143221 -0.409767 0.569182
v 0.138236 -0.416786 0.554622
v 0.134787 -0.408021 0.549827
v 0.139772 -0.401002 0.564388
v 0.325007 -0.395075 0.476422
v 0.334879 -0.390943 0.469607
v 0.332192 -0.385134 0.466712
v 0.322000 -0.385485 0.470991
v 0.298858 -0.387504 0.481453
v 0.137292 -0.404493 0.557145
v 0.130498 -0.405567 0.560581
v 0.133854 -0.414071 0.565229
v 0.140741 -0.413258 0.561940
v 0.304749 -0.402308 0.489524
v 0.163304 -0.409734 0.562400
v 0.160554 -0.413607 0.554366
v 0.157775 -0.417521 0.546247
v 0.154055 -0.408048 0.541062
v 0.156835 -0.404134 0.549181
v 0.159585 -0.400260 0.557217
v 0.286547 -0.403961 0.497868
v 0.291088 -0.397568 0.511130
v 0.285472 -0.383441 0.503424
v 0.280932 -0.389834 0.490163
v 0.276345 -0.396293 0.476764
v 0.281960 -0.410422 0.484467
v 0.530246 0.279551 0.387589
v 0.540254 0.275641 0.375200
v 0.546648 0.281449 0.360774
v 0.547846 0.296035 0.355339
v 0.542795 0.308575 0.360605
v 0.534045 0.312999 0.373670
v 0.526722 0.306716 0.386883
v 0.525115 0.293405 0.392502
v 0.514095 0.275221 0.377339
v 0.523839 0.272032 0.362345
v 0.532724 0.277376 0.346885
v 0.534224 0.294154 0.340554
v 0.528437 0.308523 0.346587
v 0.518411 0.313592 0.361558
v 0.510020 0.306392 0.376696
v 0.508178 0.291141 0.383135
v 0.530159 0.187332 0.370400
v 0.532920 0.185975 0.362036
v 0.525362 0.197140 0.367376
v 0.527542 0.195911 0.358707
v 0.538799 0.188543 0.356419
v 0.533938 0.198342 0.353498
v 0.540807 0.271069 0.375523
v 0.545550 0.272144 0.364056
v 0.535168 0.267655 0.355271
v 0.530580 0.260930 0.366632
v 0.522692 0.266212 0.375745
v 0.533195 0.270715 0.384333
v 0.540712 0.223000 0.385891
v 0.548260 0.223856 0.377302
v 0.552803 0.224396 0.366041
v 0.542354 0.222902 0.357757
v 0.536559 0.221945 0.367972
v 0.530381 0.221520 0.377413
v 0.548894 0.296221 0.358476
v 0.544266 0.307713 0.363302
v 0.536247 0.311767 0.375276
v 0.529535 0.306009 0.387384
v 0.528062 0.293811 0.392533
v 0.532753 0.282327 0.387757
v 0.541079 0.278318 0.376026
v 0.547483 0.284031 0.363674
v 0.532173 0.189747 0.374501
v 0.537207 0.189118 0.365643
v 0.542754 0.191230 0.357380
v 0.537470 0.201452 0.354164
v 0.530742 0.199652 0.361512
v 0.526975 0.199981 0.371146
v 0.528114 0.269332 0.382339
v 0.536310 0.222409 0.384304
v 0.527000 0.188500 0.368822
v 0.529323 0.186827 0.359301
v 0.536319 0.189806 0.353742
v 0.550061 0.223996 0.361729
v 0.542302 0.270974 0.359054
v 0.543319 0.280485 0.354715
v 0.543963 0.295434 0.350238
v 0.538542 0.308892 0.355890
v 0.529151 0.313641 0.369912
v 0.521291 0.306897 0.384092
v 0.519566 0.292611 0.390123
v 0.524146 0.278267 0.386060
v 0.515555 0.290179 0.331876
v 0.510901 0.301733 0.336728
v 0.502839 0.305810 0.348767
v 0.496091 0.300020 0.360940
v 0.494611 0.287756 0.366117
v 0.499249 0.276200 0.361291
v 0.506989 0.274230 0.349379
v 0.514059 0.277913 0.337079
v 0.532130 0.303261 0.384593
v 0.537124 0.307547 0.375582
v 0.543093 0.304530 0.366670
v 0.546538 0.295976 0.363079
v 0.545442 0.286898 0.366911
v 0.540447 0.282612 0.375923
v 0.534478 0.285629 0.384834
v 0.531033 0.294183 0.388426
v 0.541377 0.193720 0.354695
v 0.529333 0.192032 0.374184
v 0.536691 0.204985 0.381847
v 0.530192 0.207441 0.374987
v 0.535406 0.205821 0.365663
v 0.541234 0.208794 0.356894
v 0.549367 0.206539 0.361075
v 0.551694 0.206340 0.364827
v 0.546939 0.204842 0.374590
v 0.540553 0.204975 0.383082
v 0.536454 0.294810 0.373919
v 0.531901 0.300406 0.379966
v 0.535318 0.303337 0.373803
v 0.539400 0.301273 0.367708
v 0.541756 0.295423 0.365251
v 0.541006 0.289214 0.367873
v 0.537590 0.286282 0.374036
v 0.533508 0.288346 0.380131
v 0.531152 0.294196 0.382588
v -0.580067 0.151103 0.387589
v -0.588918 0.145010 0.375200
v -0.596469 0.149205 0.360774
v -0.600966 0.163132 0.355339
v -0.598911 0.176494 0.360605
v -0.591403 0.182800 0.373670
v -0.582838 0.178354 0.386883
v -0.578234 0.165762 0.392502
v -0.563354 0.150574 0.377339
v -0.572113 0.145245 0.362345
v -0.581982 0.148419 0.346885
v -0.587274 0.164411 0.340554
v -0.584920 0.179722 0.346587
v -0.576317 0.186946 0.361558
v -0.566503 0.181852 0.376696
v -0.561228 0.167425 0.383135
v -0.558927 0.061339 0.370400
v -0.561305 0.059387 0.362036
v -0.556496 0.071983 0.367376
v -0.558338 0.070288 0.358707
v -0.567615 0.060545 0.356419
v -0.565120 0.071195 0.353498
v -0.588412 0.140433 0.375523
v -0.593275 0.140397 0.364056
v -0.582143 0.138396 0.355271
v -0.576141 0.132897 0.366632
v -0.569667 0.139840 0.375745
v -0.580920 0.141826 0.384333
v -0.577345 0.093656 0.385891
v -0.584889 0.092766 0.377302
v -0.589435 0.092254 0.366041
v -0.578921 0.093185 0.357757
v -0.573061 0.093577 0.367972
v -0.566949 0.094573 0.377413
v -0.602029 0.163074 0.358476
v -0.600146 0.175319 0.363302
v -0.593265 0.181097 0.375276
v -0.585416 0.177023 0.387384
v -0.581197 0.165484 0.392533
v -0.583141 0.153233 0.387757
v -0.590332 0.147429 0.376026
v -0.597872 0.151529 0.363674
v -0.561439 0.063231 0.374501
v -0.566197 0.061469 0.365643
v -0.572079 0.062259 0.357380
v -0.569269 0.073417 0.354164
v -0.562307 0.073200 0.361512
v -0.558715 0.074381 0.371146
v -0.575659 0.141640 0.382339
v -0.572924 0.094085 0.384304
v -0.556119 0.063198 0.368822
v -0.557998 0.061038 0.359301
v -0.565489 0.062341 0.353742
v -0.586675 0.092490 0.361729
v -0.589847 0.139999 0.359054
v -0.593007 0.149026 0.354715
v -0.597048 0.163434 0.350238
v -0.594843 0.177774 0.355890
v -0.586784 0.184541 0.369912
v -0.577592 0.179770 0.384092
v -0.572651 0.166256 0.390123
v -0.573835 0.151244 0.386060
v -0.568191 0.164804 0.331876
v -0.566298 0.177115 0.336728
v -0.559379 0.182925 0.348767
v -0.551488 0.178829 0.360940
v -0.547246 0.167227 0.366117
v -0.549123 0.154917 0.361291
v -0.556209 0.151232 0.349379
v -0.563933 0.153203 0.337079
v -0.587314 0.173756 0.384593
v -0.593156 0.176788 0.375582
v -0.598277 0.172488 0.366670
v -0.599679 0.163374 0.363079
v -0.596539 0.154785 0.366911
v -0.590697 0.151753 0.375923
v -0.585576 0.156054 0.384834
v -0.584174 0.165168 0.388426
v -0.571307 0.064997 0.354695
v -0.559196 0.066103 0.374184
v -0.569317 0.077034 0.381847
v -0.563550 0.080909 0.374987
v -0.568257 0.078141 0.365663
v -0.574609 0.079705 0.356894
v -0.582013 0.075653 0.361075
v -0.584233 0.074928 0.364827
v -0.579261 0.074556 0.374590
v -0.573075 0.076143 0.383082
v -0.589595 0.164540 0.373919
v -0.586440 0.171028 0.379966
v -0.590436 0.173102 0.373803
v -0.593938 0.170161 0.367708
v -0.594897 0.163927 0.365251
v -0.592749 0.158053 0.367873
v -0.588754 0.155979 0.374036
v -0.585251 0.158920 0.380131
v -0.584293 0.165154 0.382588
v 0.025979 -0.925493 -0.051559
v 0.022438 -0.975754 -0.045470
v 0.024470 -0.991124 -0.007835
v 0.022438 -0.975731 0.030875
v 0.025979 -0.925493 0.039618
v 0.193394 -0.905593 -0.051559
v 0.199180 -0.955429 -0.045470
v 0.200954 -0.970814 -0.007835
v 0.199178 -0.955406 0.030876
v 0.193394 -0.905593 0.039618
v -0.546459 1.002427 0.183063
v -0.581424 0.998379 0.182690
v -0.516831 0.939089 0.191705
v -0.629796 0.925914 0.192498
v -0.617632 0.994263 0.183549
v 0.338079 1.105137 0.185445
v 0.302142 1.101019 0.186086
v 0.288644 1.032265 0.188930
v 0.401986 1.045260 0.187270
v 0.374526 1.109212 0.184772
v 0.277035 -0.157276 0.344721
v 0.242214 -0.154360 0.332321
v 0.208979 -0.165149 0.344721
v 0.196798 -0.183322 0.374655
v 0.212807 -0.198235 0.404590
v 0.247627 -0.201150 0.416989
v 0.280862 -0.190362 0.404590
v 0.293043 -0.172188 0.374655
v 0.268441 -0.125824 0.368285
v 0.238624 -0.123327 0.357668
v 0.210165 -0.132565 0.368285
v 0.199734 -0.148127 0.393918
v 0.213443 -0.160897 0.419550
v 0.243259 -0.163393 0.430168
v 0.271718 -0.154155 0.419550
v 0.282149 -0.138593 0.393918
v 0.272669 -0.162375 0.414946
v 0.244210 -0.171614 0.425564
v 0.214394 -0.169117 0.414946
v 0.201105 -0.159973 0.387283
v 0.211535 -0.144411 0.361651
v 0.239575 -0.131548 0.353064
v 0.269811 -0.137670 0.361651
v 0.283519 -0.150439 0.387283
v 0.274927 -0.181893 0.404016
v 0.246468 -0.191132 0.414633
v 0.216651 -0.188635 0.404016
v 0.202943 -0.175866 0.378383
v 0.213374 -0.160304 0.352751
v 0.241833 -0.151065 0.342133
v 0.271650 -0.153562 0.352751
v 0.285358 -0.166331 0.378383
v 0.101409 -0.133747 0.385184
v 0.107858 -0.119531 0.361132
v 0.105980 -0.126211 0.389056
v 0.112114 -0.112031 0.365005
v 0.365108 -0.089775 0.361273
v 0.374545 -0.102030 0.385105
v 0.359262 -0.083558 0.365083
v 0.368388 -0.095849 0.388914
v 0.260888 -0.122260 0.378854
v 0.238282 -0.120368 0.370804
v 0.216705 -0.127372 0.378854
v 0.208796 -0.139170 0.398288
v 0.219189 -0.148852 0.417722
v 0.241796 -0.150745 0.425772
v 0.263373 -0.143741 0.417722
v 0.271281 -0.131942 0.398288
v 0.118697 -0.128902 0.385491
v 0.114740 -0.137348 0.381076
v 0.122226 -0.126645 0.363513
v 0.125845 -0.118239 0.367927
v 0.356506 -0.101471 0.385402
v 0.347175 -0.092779 0.367954
v 0.352605 -0.100049 0.363588
v 0.362272 -0.108703 0.381037
v 0.254091 -0.132428 0.382733
v 0.239536 -0.131209 0.377551
v 0.225644 -0.135719 0.382733
v 0.220552 -0.143315 0.395246
v 0.227244 -0.149549 0.407758
v 0.241799 -0.150767 0.412941
v 0.255691 -0.146258 0.407758
v 0.260782 -0.138661 0.395246
v 0.240609 -0.140486 0.395527
v 0.241386 -0.147201 0.419482
v 0.223977 -0.145743 0.413283
v 0.215974 -0.138288 0.398317
v 0.222064 -0.129202 0.383352
v 0.238680 -0.123808 0.377153
v 0.256088 -0.125265 0.383352
v 0.264092 -0.132721 0.398317
v 0.258002 -0.141807 0.413283
v 0.280263 -0.185181 0.329093
v 0.245442 -0.182265 0.316694
v 0.212207 -0.193054 0.329093
v 0.200026 -0.211227 0.359027
v 0.216035 -0.226140 0.388962
v 0.250855 -0.229055 0.401361
v 0.284091 -0.218267 0.388962
v 0.296272 -0.200093 0.359027
v 0.270316 -0.234066 0.320450
v 0.251250 -0.232469 0.313661
v 0.233053 -0.238376 0.320450
v 0.226384 -0.248327 0.336840
v 0.235149 -0.256492 0.353229
v 0.254214 -0.258088 0.360018
v 0.272411 -0.252181 0.353229
v 0.279081 -0.242230 0.336840
v 0.272621 -0.253990 0.309291
v 0.253555 -0.252394 0.302502
v 0.235358 -0.258301 0.309291
v 0.228689 -0.268251 0.325681
v 0.237454 -0.276416 0.342071
v 0.256519 -0.278013 0.348860
v 0.274716 -0.272106 0.342071
v 0.281386 -0.262155 0.325681
v 0.107188 -0.114811 0.378458
v 0.122096 -0.119581 0.378140
v 0.206257 -0.148036 0.375622
v 0.205306 -0.139815 0.380226
v 0.213020 -0.132868 0.387907
v 0.219227 -0.133434 0.390323
v 0.223272 -0.139258 0.388562
v 0.364556 -0.084955 0.378175
v 0.351003 -0.093110 0.377926
v 0.275631 -0.139857 0.375348
v 0.274680 -0.131636 0.379952
v 0.265619 -0.126667 0.387700
v 0.259731 -0.128659 0.390163
v 0.257137 -0.135265 0.388429
v 0.193740 -0.170562 0.376963
v 0.203902 -0.157483 0.355908
v 0.192329 -0.155374 0.385405
v 0.201843 -0.142486 0.364214
v 0.278393 -0.133829 0.364179
v 0.280624 -0.148779 0.355775
v 0.293652 -0.159041 0.376790
v 0.291384 -0.144096 0.385195
v 0.356657 -0.081597 0.362802
v 0.325816 -0.064190 0.325351
v 0.281643 -0.055286 0.300326
v 0.230863 -0.056239 0.291539
v 0.181206 -0.066905 0.300326
v 0.140233 -0.085660 0.325351
v 0.114181 -0.109648 0.362802
v 0.107016 -0.135218 0.406979
v 0.119830 -0.158476 0.451157
v 0.150670 -0.175882 0.488608
v 0.194844 -0.184787 0.513633
v 0.245624 -0.183834 0.522420
v 0.295281 -0.173168 0.513633
v 0.336254 -0.154413 0.488608
v 0.362306 -0.130425 0.451157
v 0.369471 -0.104855 0.406979
v 0.359251 -0.072129 0.366132
v 0.327484 -0.054200 0.327555
v 0.281985 -0.045028 0.301779
v 0.229680 -0.046010 0.292728
v 0.178532 -0.056996 0.301779
v 0.136328 -0.076314 0.327555
v 0.109494 -0.101022 0.366131
v 0.102114 -0.127360 0.411635
v 0.115312 -0.151317 0.457139
v 0.147079 -0.169246 0.495715
v 0.192579 -0.178418 0.521491
v 0.244884 -0.177436 0.530543
v 0.296032 -0.166449 0.521491
v 0.338235 -0.147132 0.495715
v 0.365070 -0.122423 0.457139
v 0.372449 -0.096086 0.411635
v 0.367437 -0.065898 0.364857
v 0.333435 -0.046707 0.323566
v 0.284733 -0.036890 0.295976
v 0.228746 -0.037941 0.286288
v 0.173998 -0.049701 0.295976
v 0.128824 -0.070378 0.323566
v 0.100101 -0.096826 0.364857
v 0.092202 -0.125017 0.413564
v 0.106329 -0.150660 0.462270
v 0.140332 -0.169851 0.503562
v 0.189034 -0.179668 0.531152
v 0.245020 -0.178617 0.540840
v 0.299768 -0.166858 0.531152
v 0.344942 -0.146180 0.503562
v 0.373665 -0.119733 0.462270
v 0.381565 -0.091541 0.413564
v 0.376420 -0.066555 0.359726
v 0.340182 -0.046102 0.315720
v 0.288277 -0.035640 0.286316
v 0.228609 -0.036760 0.275990
v 0.170262 -0.049293 0.286315
v 0.122117 -0.071330 0.315720
v 0.091505 -0.099516 0.359726
v 0.083087 -0.129561 0.411635
v 0.098143 -0.156890 0.463545
v 0.134382 -0.177343 0.507551
v 0.186286 -0.187806 0.536955
v 0.245954 -0.186686 0.547281
v 0.304302 -0.174153 0.536955
v 0.352446 -0.152116 0.507551
v 0.383058 -0.123929 0.463545
v 0.391477 -0.093884 0.411635
v 0.380938 -0.073715 0.353744
v 0.343773 -0.052739 0.308613
v 0.290542 -0.042009 0.278457
v 0.229350 -0.043158 0.267868
v 0.169511 -0.056011 0.278457
v 0.120136 -0.078611 0.308613
v 0.088742 -0.107518 0.353744
v 0.080108 -0.138331 0.406979
v 0.095549 -0.166358 0.460215
v 0.132714 -0.187334 0.505346
v 0.185944 -0.198064 0.535502
v 0.247137 -0.196915 0.546091
v 0.306976 -0.184062 0.535502
v 0.356351 -0.161462 0.505346
v 0.387745 -0.132555 0.460215
v 0.396379 -0.101742 0.406979
v 0.378344 -0.083182 0.350414
v 0.342105 -0.062730 0.306408
v 0.290201 -0.052267 0.277004
v 0.230533 -0.053387 0.266678
v 0.172185 -0.065920 0.277004
v 0.124041 -0.087957 0.306408
v 0.093429 -0.116143 0.350414
v 0.085010 -0.146188 0.402324
v 0.100066 -0.173518 0.454233
v 0.136305 -0.193970 0.498239
v 0.188209 -0.204433 0.527643
v 0.247877 -0.203313 0.537969
v 0.306225 -0.190780 0.527643
v 0.354370 -0.168743 0.498239
v 0.384981 -0.140557 0.454233
v 0.393400 -0.110512 0.402324
v 0.370158 -0.089413 0.351689
v 0.336155 -0.070222 0.310397
v 0.287453 -0.060405 0.282807
v 0.231466 -0.061456 0.273119
v 0.176719 -0.073215 0.282807
v 0.131545 -0.093893 0.310397
v 0.102821 -0.120340 0.351688
v 0.094922 -0.148531 0.400395
v 0.109049 -0.174174 0.449101
v 0.143052 -0.193365 0.490393
v 0.191754 -0.203183 0.517983
v 0.247741 -0.202131 0.527671
v 0.302488 -0.190372 0.517983
v 0.347663 -0.169695 0.490393
v 0.376386 -0.143247 0.449102
v 0.384285 -0.115056 0.400395
v 0.361175 -0.088756 0.356820
v 0.329408 -0.070827 0.318244
v 0.283908 -0.061655 0.292468
v 0.231603 -0.062637 0.283416
v 0.180455 -0.073623 0.292468
v 0.138252 -0.092941 0.318243
v 0.111417 -0.117650 0.356820
v 0.104037 -0.143987 0.402324
v 0.117235 -0.167944 0.447827
v 0.149002 -0.185873 0.486404
v 0.194502 -0.195045 0.512179
v 0.246807 -0.194063 0.521231
v 0.297955 -0.183077 0.512179
v 0.340159 -0.163759 0.486404
v 0.366993 -0.139050 0.447827
v 0.374373 -0.112713 0.402324
v -0.427154 -0.342592 0.436518
v -0.435895 -0.358555 0.433344
v -0.487699 0.105408 0.421783
v -0.475832 0.106732 0.422995
v -0.464372 0.108059 0.409684
v -0.457688 -0.165508 0.432298
v -0.446565 -0.163409 0.432647
v -0.434869 -0.163713 0.418854
v -0.501172 0.230046 0.414590
v -0.489758 0.233471 0.415089
v -0.478246 0.234426 0.401784
v -0.474388 0.195714 -0.015654
v -0.414807 -0.336900 -0.013510
v -0.415965 -0.337869 0.422232
v -0.478567 0.234063 0.063421
v -0.477521 0.224165 0.012662
v -0.126164 -0.080934 -0.060508
v -0.103871 -0.055375 -0.060508
v -0.103871 -0.055375 0.071907
v -0.126164 -0.080934 0.071907
v -0.353060 -0.084203 -0.060508
v -0.325520 -0.103997 -0.060508
v -0.325520 -0.103997 0.071907
v -0.353060 -0.084203 0.071907
v -0.153532 0.155635 0.071907
v -0.125992 0.135840 0.071907
v -0.125992 0.135840 -0.060508
v -0.153532 0.155635 -0.060508
v -0.375181 0.107012 0.071907
v -0.352888 0.132572 0.071907
v -0.352888 0.132572 -0.060508
v -0.375181 0.107012 -0.060508
v 0.141310 -0.049991 -0.060508
v 0.113770 -0.030196 -0.060508
v 0.113770 -0.030196 0.071907
v 0.141310 -0.049991 0.071907
v 0.362960 -0.001368 -0.060508
v 0.340666 -0.026928 -0.060508
v 0.340666 -0.026928 0.071907
v 0.362960 -0.001368 0.071907
v 0.113942 0.186578 0.071907
v 0.091649 0.161019 0.071907
v 0.091649 0.161019 -0.060508
v 0.113942 0.186578 -0.060508
v 0.340838 0.189846 0.071907
v 0.313298 0.209641 0.071907
v 0.313298 0.209641 -0.060508
v 0.340838 0.189846 -0.060508
v -0.421189 -0.416651 -0.048262
v 0.505193 -0.309481 -0.048262
v -0.500883 0.272225 -0.048262
v 0.425499 0.379396 -0.048262
v 0.363923 -0.344366 -0.048262
v -0.275686 -0.418361 -0.048262
v -0.202807 -0.485531 -0.048262
v 0.308306 -0.426402 -0.048262
v 0.202341 -0.418839 0.016675
v 0.257553 -0.412452 0.016675
v 0.201072 -0.407862 0.033008
v 0.256283 -0.401474 0.033008
v 0.194073 -0.347367 -0.029154
v 0.249285 -0.340980 -0.029154
v 0.195343 -0.358345 -0.045487
v 0.250554 -0.351957 -0.045487
v 0.184705 -0.358600 -0.018863
v 0.185974 -0.369578 -0.035196
v 0.262240 -0.360755 -0.035196
v 0.260970 -0.349777 -0.018863
v 0.189343 -0.398699 0.022341
v 0.190613 -0.409676 0.006008
v 0.266879 -0.400853 0.006008
v 0.265609 -0.389876 0.022341
v 0.121617 -0.428178 0.016675
v 0.146873 -0.425256 0.016675
v 0.120347 -0.417200 0.033008
v 0.145603 -0.414279 0.033008
v 0.113349 -0.356706 -0.029154
v 0.138605 -0.353784 -0.029154
v 0.114619 -0.367683 -0.045487
v 0.139875 -0.364762 -0.045487
v 0.104331 -0.369010 -0.017736
v 0.105601 -0.379987 -0.034069
v 0.151464 -0.374682 -0.034069
v 0.150194 -0.363705 -0.017736
v 0.109006 -0.409421 0.023789
v 0.110276 -0.420398 0.007456
v 0.156139 -0.415092 0.007456
v 0.154869 -0.404115 0.023789
v 0.307192 -0.391852 0.008312
v 0.328159 -0.389426 0.008312
v 0.306181 -0.383110 0.021319
v 0.327148 -0.380684 0.021319
v 0.300608 -0.334933 -0.028186
v 0.321574 -0.332508 -0.028186
v 0.301619 -0.343675 -0.041193
v 0.322586 -0.341250 -0.041193
v 0.291866 -0.345153 -0.018848
v 0.292878 -0.353895 -0.031856
v 0.333430 -0.349204 -0.031856
v 0.332418 -0.340462 -0.018848
v 0.295257 -0.374458 0.011265
v 0.296268 -0.383201 -0.001742
v 0.336820 -0.378509 -0.001742
v 0.335809 -0.369767 0.011265
v 0.254410 0.429267 0.304684
v 0.201997 0.423204 0.304684
v 0.252093 0.445465 0.350041
v 0.200555 0.439503 0.350041
v 0.246928 0.490112 0.352552
v 0.195390 0.484150 0.352552
v 0.237193 0.512949 0.315728
v 0.199653 0.508606 0.315728
v 0.244847 0.508103 0.323462
v 0.193308 0.502140 0.323462
v 0.249595 0.467060 0.356579
v 0.198056 0.461098 0.356579
v 0.253235 0.439423 0.304684
v 0.200822 0.433359 0.304684
v 0.238819 0.498896 0.310861
v 0.201279 0.494553 0.310861
v 0.251108 0.453985 0.332788
v 0.249523 0.467685 0.337004
v 0.199569 0.448022 0.332788
v 0.197984 0.461723 0.337004
v 0.247722 0.483254 0.334513
v 0.196183 0.477292 0.334513
v 0.246189 0.496502 0.315498
v 0.194650 0.490539 0.315498
v 0.226772 0.444296 0.346445
v 0.224474 0.464159 0.352983
v 0.221987 0.485658 0.348957
v 0.220030 0.502579 0.323462
v 0.218941 0.512128 0.310752
v 0.220567 0.498075 0.305885
v 0.252022 0.446086 0.321675
v 0.253246 0.435504 0.328903
v 0.227887 0.434660 0.326632
v 0.201707 0.429542 0.328903
v 0.200483 0.440124 0.321675
v 0.248487 0.416870 0.248531
v 0.210594 0.412486 0.248531
v 0.261475 0.421608 0.265813
v 0.196868 0.414134 0.265813
v 0.247039 0.429387 0.248531
v 0.209146 0.425003 0.248531
v 0.260026 0.434126 0.265813
v 0.195420 0.426652 0.265813
v 0.194701 0.432872 0.299474
v 0.196149 0.420354 0.299474
v 0.260755 0.427829 0.299474
v 0.259307 0.440346 0.299474
v 0.320983 -0.284601 0.471944
v 0.295215 -0.290689 0.478445
v 0.262863 -0.295750 0.481203
v 0.229562 -0.298284 0.478445
v 0.201802 -0.298285 0.471727
v 0.332931 -0.287449 0.481811
v 0.322081 -0.279749 0.476036
v 0.302211 -0.294707 0.489560
v 0.263642 -0.300741 0.492849
v 0.262366 -0.291204 0.485549
v 0.295605 -0.286004 0.482715
v 0.223943 -0.303761 0.489560
v 0.190848 -0.303762 0.481551
v 0.199629 -0.293808 0.475812
v 0.228151 -0.293807 0.482714
v 0.195990 -0.252683 0.375914
v 0.316058 -0.238792 0.375914
v 0.311261 -0.238849 0.389263
v 0.200672 -0.251642 0.389263
v 0.355560 -0.274864 0.460953
v 0.353444 -0.278752 0.468578
v 0.165768 -0.296820 0.460954
v 0.168754 -0.300101 0.468540
v 0.183565 -0.295262 0.460987
v 0.180898 -0.292485 0.454530
v 0.181392 -0.290785 0.465073
v 0.178611 -0.287087 0.456662
v 0.339840 -0.274097 0.454530
v 0.337906 -0.277426 0.461027
v 0.340834 -0.268320 0.456661
v 0.339024 -0.272565 0.465106
v 0.187517 -0.268857 0.420671
v 0.191921 -0.257401 0.399194
v 0.186684 -0.257741 0.384245
v 0.326567 -0.241925 0.385013
v 0.321405 -0.242859 0.400109
v 0.328335 -0.253105 0.421799
v 0.315357 -0.251755 0.367694
v 0.199632 -0.265143 0.367694
v 0.328012 -0.259478 0.424437
v 0.189200 -0.275261 0.423862
v 0.255232 -0.267752 0.424133
v 0.254496 -0.261363 0.421203
v 0.281039 -0.245871 0.271935
v 0.231699 -0.251579 0.271935
v 0.278003 -0.219630 0.290668
v 0.228663 -0.225338 0.290668
v 0.295983 -0.226049 0.308630
v 0.299019 -0.252290 0.289897
v 0.215660 -0.261934 0.289897
v 0.212624 -0.235693 0.308630
v 0.253348 -0.220132 0.285702
v 0.256384 -0.246373 0.266968
v 0.255020 -0.235326 0.316416
v 0.202668 -0.291384 0.348960
v 0.318393 -0.277996 0.348960
v 0.323255 -0.279593 0.358039
v 0.348523 -0.307674 0.422914
v 0.346659 -0.311344 0.430142
v 0.328619 -0.319596 0.443042
v 0.301361 -0.326388 0.450656
v 0.267107 -0.331895 0.453887
v 0.231813 -0.334434 0.450656
v 0.202365 -0.334080 0.442786
v 0.182794 -0.330282 0.430102
v 0.180110 -0.327158 0.422914
v 0.198501 -0.293666 0.357286
v 0.407323 0.471462 0.346662
v 0.215235 0.719695 0.346662
v 0.361223 0.654604 0.346662
v 0.321341 0.490154 0.346662
v 0.299081 0.627180 0.346662
v 0.183185 0.668420 0.346662
v 0.280180 0.511965 0.309918
v 0.269955 0.610810 0.309918
v 0.161306 0.641687 0.309918
v 0.408454 0.461686 0.331724
v 0.406093 0.482094 0.346662
v 0.342393 0.509621 0.346662
v 0.301231 0.531432 0.309918
v 0.393157 0.593911 0.346662
v 0.330527 0.585271 0.346662
v 0.291947 0.584770 0.309918
v 0.398732 0.545723 0.346662
v 0.338369 0.552985 0.346662
v 0.298676 0.562100 0.309918
v 0.302226 0.696308 0.346662
v 0.248085 0.655081 0.346662
v 0.222484 0.632236 0.309918
v 0.000898 0.635793 0.309918
v 0.005555 0.663762 0.346662
v 0.011071 0.719858 0.346662
v -0.047311 0.408960 0.331724
v -0.048442 0.418736 0.346662
v -0.051712 0.446997 0.346662
v -0.054745 0.473219 0.309918
v -0.072574 0.627330 0.309918
v -0.075701 0.654359 0.346662
v -0.082032 0.709088 0.346662
v 0.240159 0.579554 0.309918
v 0.419366 0.367361 -0.059553
v -0.036399 0.314635 -0.059553
v -0.504207 0.366010 0.346662
v -0.373870 0.651544 0.346662
v -0.501140 0.554840 0.346662
v -0.424765 0.403839 0.346662
v -0.434378 0.542329 0.346662
v -0.330959 0.608940 0.346662
v -0.389670 0.434472 0.309918
v -0.402284 0.533041 0.309918
v -0.303554 0.587909 0.309918
v -0.503076 0.356234 0.331724
v -0.505437 0.376641 0.346662
v -0.449705 0.417985 0.346662
v -0.414610 0.448618 0.309918
v -0.518373 0.488459 0.346662
v -0.455425 0.494347 0.346662
v -0.417749 0.502668 0.309918
v -0.512799 0.440271 0.346662
v -0.455688 0.461123 0.346662
v -0.419125 0.479059 0.309918
v -0.453223 0.608912 0.346662
v -0.391099 0.581136 0.346662
v -0.360958 0.564739 0.309918
v -0.146037 0.618794 0.309918
v -0.156958 0.644962 0.346662
v -0.175136 0.698317 0.346662
v -0.366138 0.509413 0.309918
v -0.492164 0.261909 -0.059553
v -0.120905 -0.352906 0.469045
v -0.125551 -0.314240 0.299593
v -0.114656 -0.396717 0.470373
v -0.344546 -0.394998 0.441658
v -0.346812 -0.364100 0.440824
v -0.348903 -0.336624 0.299593
v -0.417304 -0.364803 0.429701
v -0.419769 -0.342733 0.299593
v 0.022952 -0.339461 0.482005
v 0.034418 -0.382965 0.477855
v -0.063500 -0.307340 0.299593
v -0.122047 -0.344529 0.294943
v -0.051706 -0.391667 0.474484
v -0.347501 -0.358141 0.436359
v -0.417842 -0.360156 0.425145
v -0.415965 -0.375944 0.294943
v -0.345757 -0.367850 0.294943
v -0.126719 -0.304144 0.313542
v -0.349523 -0.329919 0.313542
v -0.420291 -0.338106 0.313542
v 0.039122 -0.338168 0.482950
v 0.044181 -0.381903 0.477962
v -0.023853 -0.290465 0.313542
v 0.022060 -0.333040 0.477654
v -0.121958 -0.345273 0.464173
v 0.030666 -0.367228 0.477884
v -0.003372 -0.339207 0.475178
v -0.061617 -0.346842 0.472795
v -0.059900 -0.338453 0.294943
v -0.068236 -0.295599 0.313542
v 0.032844 -0.283906 0.313542
v 0.038370 -0.331668 0.478721
v 0.042432 -0.366782 0.477962
v -0.063168 -0.339285 0.467766
v -0.005486 -0.332622 0.469984
v -0.042358 -0.304976 0.276869
v -0.038728 -0.336334 0.276874
v -0.057695 -0.306668 0.285718
v -0.054094 -0.337782 0.285723
v -0.043772 -0.292769 0.276853
v -0.059098 -0.294542 0.285702
v 0.037925 -0.327827 0.276874
v 0.034267 -0.296202 0.276869
v 0.032844 -0.283906 0.276853
v 0.032797 -0.283497 0.387797
v -0.022050 -0.289847 0.387805
v -0.068228 -0.295662 0.388091
v -0.126920 -0.302406 0.387898
v -0.349877 -0.327460 0.386306
v -0.420621 -0.335303 0.385744
v 0.007739 -0.355370 0.476531
v -0.221547 -0.400088 0.459294
v -0.226451 -0.360234 0.458118
v -0.227319 -0.353098 0.453468
v -0.231808 -0.314296 0.387293
v -0.231580 -0.316275 0.313542
v -0.230540 -0.325262 0.299593
v -0.227125 -0.354777 0.294943
v 0.198287 -0.315979 0.469045
v 0.193982 -0.277274 0.299593
v 0.202205 -0.360061 0.470373
v 0.425630 -0.305899 0.441658
v 0.420782 -0.275299 0.440824
v 0.416545 -0.248072 0.299593
v 0.489573 -0.259889 0.429701
v 0.486934 -0.237840 0.299593
v 0.055160 -0.335735 0.482005
v 0.053929 -0.380708 0.477855
v 0.131995 -0.284724 0.299593
v 0.197486 -0.307563 0.294943
v 0.139765 -0.369517 0.474484
v 0.420093 -0.269340 0.436359
v 0.489036 -0.255242 0.425145
v 0.490813 -0.271042 0.294943
v 0.420611 -0.279191 0.294943
v 0.192814 -0.267178 0.313542
v 0.415618 -0.241402 0.313542
v 0.486386 -0.233215 0.313542
v 0.089542 -0.277346 0.313542
v 0.054561 -0.329280 0.477654
v 0.197568 -0.308308 0.464173
v 0.053989 -0.364530 0.477884
v 0.080730 -0.329477 0.475178
v 0.139180 -0.323613 0.472795
v 0.135593 -0.315837 0.294943
v 0.133925 -0.272212 0.313542
v 0.138964 -0.315901 0.467766
v 0.081284 -0.322584 0.469984
v 0.110871 -0.287250 0.276869
v 0.114497 -0.318607 0.276874
v 0.126189 -0.285395 0.285718
v 0.129787 -0.316509 0.285723
v 0.109460 -0.275042 0.276853
v 0.124786 -0.273269 0.285702
v 0.087645 -0.277156 0.387805
v 0.133931 -0.272275 0.388091
v 0.192613 -0.265441 0.387898
v 0.415401 -0.238927 0.386306
v 0.486067 -0.230411 0.385744
v 0.073603 -0.347751 0.476531
v 0.307043 -0.338937 0.459294
v 0.302718 -0.299016 0.458118
v 0.301933 -0.291871 0.453468
v 0.297445 -0.253068 0.387293
v 0.297674 -0.255047 0.313542
v 0.298714 -0.264034 0.299593
v 0.302128 -0.293549 0.294943
v -0.262084 -0.393173 0.462216
v 0.043623 -0.377074 0.484019
v -0.403997 -0.336829 0.415666
v -0.379244 -0.372994 0.442075
v -0.339548 -0.388493 0.449982
v -0.275147 -0.431096 0.463070
v 0.049853 -0.430930 0.487123
v -0.350301 -0.422870 0.447876
v -0.396550 -0.407712 0.436611
v -0.425868 -0.372250 0.436761
v -0.396159 -0.353242 0.435635
v -0.192230 -0.435951 0.471826
v -0.183946 -0.394811 0.471390
v -0.084308 -0.438508 0.481664
v -0.082445 -0.391656 0.479404
v -0.386367 -0.384193 0.439818
v -0.406127 -0.359260 0.434165
v -0.415948 -0.338193 0.382263
v -0.403997 -0.336829 0.382269
v -0.411152 -0.346196 0.428325
v -0.401231 -0.342730 0.429000
v -0.379244 -0.372994 0.427113
v -0.339548 -0.388493 0.435020
v -0.396159 -0.353242 0.400992
v -0.262084 -0.393173 0.447254
v 0.043623 -0.377074 0.469057
v -0.082445 -0.391656 0.464442
v -0.183946 -0.394811 0.456428
v -0.401231 -0.342730 0.384264
v -0.415936 -0.338142 0.414750
v 0.344930 -0.322949 0.462216
v 0.470231 -0.235692 0.415666
v 0.454388 -0.276554 0.442075
v 0.419279 -0.300706 0.449982
v 0.366306 -0.356888 0.463070
v 0.505391 -0.242174 0.436936
v 0.437436 -0.329156 0.448059
v 0.478856 -0.300467 0.436257
v 0.499611 -0.265184 0.436761
v 0.466347 -0.253461 0.435635
v 0.286745 -0.381044 0.471826
v 0.269231 -0.342385 0.471390
v 0.205922 -0.402216 0.480680
v 0.169689 -0.362488 0.479404
v 0.494091 -0.236016 0.436518
v 0.463880 -0.285831 0.439818
v 0.477425 -0.257044 0.434165
v 0.482119 -0.233972 0.422232
v 0.482177 -0.234291 0.382263
v 0.470231 -0.235692 0.382269
v 0.479335 -0.243178 0.428325
v 0.468885 -0.242069 0.429000
v 0.454388 -0.276554 0.427113
v 0.419279 -0.300706 0.435020
v 0.466347 -0.253461 0.400992
v 0.344930 -0.322949 0.447254
v 0.169689 -0.362488 0.464442
v 0.269231 -0.342385 0.456428
v 0.468885 -0.242069 0.384264
v 0.482154 -0.234244 0.414750
v -0.343010 0.360153 0.304684
v -0.289540 0.366339 0.304684
v -0.344444 0.376453 0.350041
v -0.291866 0.382536 0.350041
v -0.349609 0.421101 0.352552
v -0.297031 0.427183 0.352552
v -0.345204 0.445573 0.315728
v -0.306907 0.450003 0.315728
v -0.351690 0.439091 0.323462
v -0.299112 0.445174 0.323462
v -0.346942 0.398049 0.356579
v -0.294364 0.404131 0.356579
v -0.344185 0.370309 0.304684
v -0.290715 0.376495 0.304684
v -0.343578 0.431520 0.310861
v -0.305281 0.435951 0.310861
v -0.345430 0.384973 0.332788
v -0.347015 0.398674 0.337004
v -0.292851 0.391056 0.332788
v -0.294436 0.404756 0.337004
v -0.348816 0.414242 0.334513
v -0.296237 0.420325 0.334513
v -0.350348 0.427490 0.315498
v -0.297770 0.433573 0.315498
v -0.319018 0.381155 0.346445
v -0.321316 0.401018 0.352983
v -0.323803 0.422518 0.348957
v -0.325760 0.439438 0.323462
v -0.326882 0.448984 0.310752
v -0.325256 0.434931 0.305885
v -0.344516 0.377075 0.321675
v -0.343292 0.366493 0.328903
v -0.317903 0.371519 0.326632
v -0.290713 0.372575 0.328903
v -0.291938 0.383157 0.321675
v -0.334267 0.349452 0.248531
v -0.295609 0.353925 0.248531
v -0.348262 0.351070 0.265813
v -0.282353 0.358695 0.265813
v -0.335715 0.361970 0.248531
v -0.297057 0.366442 0.248531
v -0.349710 0.363587 0.265813
v -0.283801 0.371212 0.265813
v -0.284520 0.377433 0.299474
v -0.283072 0.364915 0.299474
v -0.348982 0.357290 0.299474
v -0.350430 0.369808 0.299474
v -0.068979 0.166006 0.088810
v -0.428047 0.124466 0.088810
v -0.088384 0.251227 0.448671
v -0.428570 0.211872 0.448671
v -0.071322 0.227079 0.379237
v -0.440065 0.184420 0.379237
v -0.131660 0.262335 0.487479
v -0.385174 0.233006 0.487479
v -0.198886 0.262551 0.499270
v -0.182383 0.171547 0.088166
v -0.188499 0.228109 0.374172
v -0.311543 0.249518 0.499270
v -0.303749 0.157506 0.088166
v -0.310664 0.213976 0.374172
v -0.389274 0.215382 0.447135
v -0.310627 0.237176 0.461286
v -0.195308 0.250517 0.461286
v -0.123409 0.246139 0.447135
v -0.067402 0.183212 0.242815
v -0.433873 0.140816 0.242815
v -0.306397 0.179788 0.235316
v -0.184870 0.193847 0.235316
v -0.077920 0.161094 0.084775
v -0.069571 0.203323 0.083107
v -0.436353 0.160891 0.083107
v -0.430981 0.119737 0.100625
v -0.418302 0.182624 0.380376
v -0.417182 0.121846 0.084775
v -0.182187 0.169184 0.100354
v -0.335088 0.284872 0.461689
v -0.303418 0.155159 0.100354
v -0.411198 0.223134 0.472123
v -0.065406 0.162030 0.100625
v -0.090676 0.220526 0.380376
v -0.096095 0.277172 0.361167
v -0.149336 0.297114 0.446787
v -0.187348 0.301964 0.461689
v -0.106677 0.258363 0.472123
v -0.107038 0.286177 0.398793
v -0.450827 0.229747 0.363848
v -0.380072 0.270421 0.446787
v -0.429984 0.238546 0.361167
v -0.421319 0.249818 0.398793
v -0.089816 0.245667 0.222568
v -0.428931 0.206436 0.222568
v -0.445803 0.197970 0.224339
v -0.419108 0.136517 0.244756
v -0.079392 0.175818 0.244756
v -0.066336 0.170066 0.180199
v -0.431911 0.127774 0.180199
v -0.304764 0.166800 0.172746
v -0.183534 0.180825 0.172746
v -0.087856 0.288144 0.430168
v -0.071668 0.273610 0.363848
v -0.069304 0.241526 0.224339
v -0.437907 0.247648 0.430168
v -0.389876 0.271603 0.472324
v -0.316219 0.288678 0.486367
v -0.203463 0.301722 0.486367
v -0.135952 0.300979 0.472324
v -0.416305 0.115908 0.101581
v -0.077420 0.155113 0.101581
v -0.087568 0.222585 0.088090
v -0.131224 0.292414 0.429321
v -0.425854 0.183449 0.088090
v -0.398766 0.261462 0.429321
v -0.088984 0.234829 0.159298
v -0.427271 0.195693 0.159298
v -0.417163 0.123328 0.182260
v -0.078278 0.162533 0.182260
v -0.068441 0.230033 0.160978
v -0.067018 0.217735 0.089454
v -0.083842 0.193484 0.078973
v -0.422828 0.154267 0.078973
v -0.442597 0.174285 0.089454
v -0.444020 0.186584 0.160978
v -0.417525 0.259463 0.453962
v -0.108964 0.295159 0.453962
v -0.387445 0.249510 0.484802
v -0.313693 0.266422 0.498905
v -0.200824 0.279479 0.498905
v -0.133268 0.278915 0.484802
v -0.106315 0.273613 0.466257
v -0.085174 0.266487 0.441812
v -0.068477 0.247687 0.372809
v -0.065567 0.210868 0.233989
v -0.064594 0.198419 0.170864
v -0.063354 0.187704 0.096134
v -0.067406 0.186212 0.083716
v -0.079872 0.184429 0.079577
v -0.420602 0.145011 0.079577
v -0.434553 0.143738 0.083716
v -0.439308 0.144211 0.096134
v -0.440547 0.154926 0.170864
v -0.442442 0.167268 0.233989
v -0.448015 0.203779 0.372809
v -0.435574 0.225951 0.441812
v -0.415183 0.237881 0.466257
v -0.097769 0.284737 0.357632
v -0.108661 0.293698 0.395080
v -0.132732 0.299906 0.425464
v -0.150760 0.304584 0.442847
v -0.188591 0.309413 0.457689
v -0.335634 0.292402 0.457689
v -0.425609 0.188330 0.070738
v -0.380405 0.278017 0.442847
v -0.430081 0.246292 0.357632
v -0.421457 0.257512 0.395080
v -0.399011 0.269101 0.425464
v -0.091520 0.253380 0.219688
v -0.429033 0.214334 0.219688
v -0.090692 0.242593 0.156717
v -0.088921 0.227280 0.070738
v -0.427380 0.203643 0.156717
v -0.400492 0.185151 0.041732
v -0.398068 0.158634 0.044492
v -0.108946 0.192082 0.044492
v -0.112648 0.218451 0.041732
v -0.256761 0.203487 0.032503
v -0.253780 0.177723 0.035047
v -0.268253 0.265014 0.357632
v -0.259120 0.223839 0.156488
v -0.261633 0.234432 0.219460
v -0.212395 -0.103713 0.164467
v -0.243594 0.172598 0.093093
v -0.242576 0.163789 0.019165
v -0.211666 -0.110074 0.072292
v -0.366959 0.154864 0.101346
v -0.125224 0.182864 0.101340
v -0.046636 -0.091945 0.072123
v -0.047367 -0.085573 0.164868
v -0.063460 0.163137 0.041312
v -0.074401 0.167291 0.036516
v -0.057429 0.172188 0.088892
v -0.124236 0.174007 0.027035
v -0.090100 -0.098015 0.071677
v -0.064175 0.171206 0.107877
v -0.075379 0.176192 0.111198
v -0.090829 -0.091655 0.165313
v -0.057244 0.168701 0.060996
v -0.029415 -0.078950 0.156437
v -0.028913 -0.084895 0.079077
v -0.432936 0.120414 0.041309
v -0.338841 -0.120291 0.165289
v -0.365901 0.146016 0.027041
v -0.338112 -0.126650 0.071695
v -0.440852 0.127846 0.088890
v -0.422357 0.136017 0.111204
v -0.421277 0.127128 0.036522
v -0.389443 -0.131547 0.072141
v -0.434079 0.128384 0.107882
v -0.390173 -0.125175 0.164845
v -0.440239 0.124458 0.060985
v -0.411450 -0.123301 0.156507
v -0.410619 -0.128586 0.079223
v -0.053957 -0.046546 0.161797
v -0.036689 -0.041535 0.154351
v -0.029680 -0.044385 0.133063
v -0.029896 -0.044419 0.097141
v -0.036356 -0.046306 0.072963
v -0.053282 -0.052497 0.067348
v -0.391960 -0.091635 0.067345
v -0.412181 -0.089395 0.072938
v -0.418928 -0.088475 0.097016
v -0.419092 -0.089113 0.133009
v -0.412894 -0.085295 0.154398
v -0.392635 -0.085683 0.161789
v -0.343461 -0.078725 0.160799
v -0.217235 -0.061758 0.159612
v -0.095785 -0.050115 0.160806
v -0.244904 0.184642 0.018464
v -0.213565 -0.093964 0.066504
v -0.210246 -0.121442 0.095401
v -0.245808 0.193385 0.065307
v -0.372927 0.174979 0.073821
v -0.210345 -0.120592 0.147999
v -0.123691 0.203854 0.073814
v -0.127234 0.202759 0.092629
v -0.245820 0.192617 0.084137
v -0.369418 0.174700 0.092636
v -0.123437 0.200389 0.046286
v -0.245415 0.189931 0.037781
v -0.372393 0.171546 0.046294
v -0.074646 0.187310 0.037213
v -0.049899 -0.077101 0.066647
v -0.025212 -0.093915 0.098810
v -0.025280 -0.092446 0.143223
v -0.069092 0.196582 0.084095
v -0.126457 0.194773 0.026955
v -0.092235 -0.082129 0.066249
v -0.087148 -0.109103 0.095092
v -0.087240 -0.108315 0.148351
v -0.075361 0.195294 0.102888
v -0.042894 -0.101649 0.148076
v -0.068900 0.193118 0.056567
v -0.042798 -0.102477 0.095246
v -0.368361 0.166747 0.026962
v -0.339699 -0.110706 0.066259
v -0.338322 -0.138101 0.095100
v -0.338414 -0.137311 0.148340
v -0.433007 0.154440 0.084103
v -0.425575 0.146671 0.037221
v -0.389659 -0.116356 0.066657
v -0.390747 -0.142671 0.095255
v -0.390843 -0.141841 0.148065
v -0.426699 0.154608 0.102896
v -0.432406 0.151023 0.056574
v -0.412423 -0.137039 0.143191
v -0.412168 -0.138120 0.098862
v 0.029254 0.177370 0.088810
v 0.388323 0.218910 0.088810
v 0.028690 0.264771 0.448671
v 0.368875 0.304127 0.448671
v 0.017592 0.237365 0.379237
v 0.386335 0.280024 0.379237
v 0.068287 0.285466 0.487479
v 0.321800 0.314794 0.487479
v 0.133688 0.301025 0.499270
v 0.138398 0.208657 0.088166
v 0.131439 0.265121 0.374172
v 0.246344 0.314058 0.499270
v 0.259764 0.222698 0.088166
v 0.253604 0.279254 0.374172
v 0.329817 0.298571 0.447135
v 0.248271 0.301833 0.461286
v 0.132951 0.288492 0.461286
v 0.063952 0.267814 0.447135
v 0.023792 0.193762 0.242815
v 0.390262 0.236158 0.242815
v 0.257256 0.244995 0.235316
v 0.135728 0.230936 0.235316
v 0.039081 0.174630 0.084775
v 0.021311 0.213837 0.083107
v 0.388093 0.256269 0.083107
v 0.392259 0.214976 0.100625
v 0.365556 0.273306 0.380376
v 0.378343 0.213878 0.084775
v 0.138747 0.206312 0.100354
v 0.261196 0.353854 0.461689
v 0.259978 0.220337 0.100354
v 0.349392 0.311124 0.472123
v 0.026684 0.172683 0.100625
v 0.037931 0.235404 0.380376
v 0.030273 0.291792 0.361167
v 0.077555 0.323362 0.446787
v 0.113455 0.336763 0.461689
v 0.044870 0.275895 0.472123
v 0.038871 0.303056 0.398793
v 0.386464 0.326610 0.363848
v 0.308291 0.350055 0.446787
v 0.364162 0.330418 0.361167
v 0.353152 0.339415 0.398793
v 0.031353 0.259685 0.222568
v 0.370468 0.298916 0.222568
v 0.388828 0.294526 0.224339
v 0.376868 0.228601 0.244756
v 0.037153 0.189301 0.244756
v 0.025754 0.180720 0.180199
v 0.391330 0.223012 0.180199
v 0.258631 0.231978 0.172746
v 0.137400 0.217953 0.172746
v 0.019747 0.300592 0.430168
v 0.007305 0.282746 0.363848
v 0.012329 0.250970 0.224339
v 0.369798 0.341089 0.430168
v 0.317566 0.353445 0.472324
v 0.241956 0.353252 0.486367
v 0.129200 0.340207 0.486367
v 0.063642 0.324069 0.472324
v 0.378845 0.207897 0.101581
v 0.039960 0.168692 0.101581
v 0.034435 0.236699 0.088090
v 0.060994 0.314651 0.429321
v 0.372721 0.275834 0.088090
v 0.328537 0.345602 0.429321
v 0.033018 0.248943 0.159298
v 0.371305 0.288078 0.159298
v 0.377987 0.215317 0.182260
v 0.039101 0.176112 0.182260
v 0.014112 0.239584 0.160978
v 0.015535 0.227285 0.089454
v 0.037452 0.207516 0.078973
v 0.376438 0.246732 0.078973
v 0.391114 0.270735 0.089454
v 0.389691 0.283033 0.160978
v 0.347257 0.347938 0.453962
v 0.038695 0.312241 0.453962
v 0.320244 0.331381 0.484802
v 0.244578 0.331007 0.498905
v 0.131709 0.317949 0.498905
v 0.066066 0.301976 0.484802
v 0.041035 0.290660 0.466257
v 0.022080 0.278895 0.441812
v 0.010117 0.256779 0.372809
v 0.015691 0.220268 0.233989
v 0.017585 0.207926 0.170864
v 0.018824 0.197211 0.096134
v 0.023110 0.196684 0.083716
v 0.035653 0.197794 0.079577
v 0.376383 0.237212 0.079577
v 0.390257 0.239158 0.083716
v 0.394778 0.240704 0.096134
v 0.393538 0.251419 0.170864
v 0.392565 0.263868 0.233989
v 0.389655 0.300687 0.372809
v 0.372480 0.319432 0.441812
v 0.349904 0.326392 0.466257
v 0.030176 0.299538 0.357632
v 0.038734 0.310750 0.395080
v 0.060752 0.322289 0.425464
v 0.077236 0.330960 0.442847
v 0.112965 0.344299 0.457689
v 0.260008 0.361310 0.457689
v 0.371368 0.280529 0.070738
v 0.306881 0.357527 0.442847
v 0.362488 0.337982 0.357632
v 0.351530 0.346936 0.395080
v 0.327031 0.353094 0.425464
v 0.031252 0.267583 0.219688
v 0.368764 0.306629 0.219688
v 0.032909 0.256892 0.156717
v 0.034680 0.241579 0.070738
v 0.369597 0.295842 0.156717
v 0.347640 0.271701 0.041732
v 0.351335 0.245330 0.044492
v 0.062212 0.211883 0.044492
v 0.059796 0.238401 0.041732
v 0.203519 0.256735 0.032503
v 0.206500 0.230972 0.035047
v 0.200660 0.319261 0.357632
v 0.201169 0.277089 0.156488
v 0.201198 0.287975 0.219460
v 0.230465 -0.052480 0.164467
v 0.197752 0.223656 0.093093
v 0.198773 0.214847 0.019165
v 0.231207 -0.058839 0.072292
v 0.321908 0.234557 0.101346
v 0.080165 0.206624 0.101340
v 0.066397 -0.078868 0.072123
v 0.065654 -0.072498 0.164868
v 0.024537 0.173317 0.041312
v 0.034241 0.179860 0.036516
v 0.016598 0.180752 0.088892
v 0.081225 0.197777 0.027035
v 0.110099 -0.074855 0.071677
v 0.023391 0.181337 0.107877
v 0.033160 0.188749 0.111198
v 0.109356 -0.068496 0.165313
v 0.017214 0.177315 0.060996
v 0.046664 -0.070149 0.156437
v 0.047533 -0.076051 0.079077
v 0.394007 0.216081 0.041309
v 0.357356 -0.039750 0.165289
v 0.322898 0.225701 0.027041
v 0.358098 -0.046108 0.071695
v 0.400018 0.225123 0.088890
v 0.380146 0.228856 0.111204
v 0.381124 0.219955 0.036522
v 0.409191 -0.039155 0.072141
v 0.393301 0.224101 0.107882
v 0.408447 -0.032785 0.164845
v 0.400194 0.221685 0.060985
v 0.428734 -0.026102 0.156507
v 0.429132 -0.031437 0.079223
v 0.063159 -0.032997 0.161797
v 0.045203 -0.032061 0.154351
v 0.039030 -0.036436 0.133063
v 0.039248 -0.036420 0.097141
v 0.045969 -0.036783 0.072963
v 0.063861 -0.038945 0.067348
v 0.402529 0.000277 0.067345
v 0.421705 0.007075 0.072938
v 0.428064 0.009511 0.097016
v 0.428369 0.008927 0.133009
v 0.421462 0.011229 0.154398
v 0.401827 0.006226 0.161789
v 0.352363 0.001773 0.160799
v 0.225597 -0.010528 0.159612
v 0.104697 -0.026922 0.160806
v 0.196278 0.235681 0.018464
v 0.229377 -0.042721 0.066504
v 0.232421 -0.070231 0.095401
v 0.195162 0.244399 0.065307
v 0.323126 0.255503 0.073821
v 0.232322 -0.069382 0.147999
v 0.073881 0.226711 0.073814
v 0.077580 0.226453 0.092629
v 0.195349 0.243655 0.084137
v 0.319773 0.254431 0.092636
v 0.074424 0.223279 0.046286
v 0.195568 0.240947 0.037781
v 0.323390 0.252039 0.046294
v 0.029908 0.199405 0.037213
v 0.066185 -0.063672 0.066647
v 0.045989 -0.085678 0.098810
v 0.045719 -0.084233 0.143223
v 0.022383 0.207165 0.084095
v 0.078646 0.218501 0.026955
v 0.108550 -0.058901 0.066249
v 0.109757 -0.086324 0.095092
v 0.109666 -0.085536 0.148351
v 0.028781 0.207342 0.102888
v 0.064969 -0.089171 0.148076
v 0.022988 0.203748 0.056567
v 0.065065 -0.089999 0.095246
v 0.320560 0.246446 0.026962
v 0.356002 -0.030223 0.066259
v 0.360917 -0.057208 0.095100
v 0.360826 -0.056418 0.148340
v 0.386308 0.249224 0.084103
v 0.380847 0.239963 0.037221
v 0.405933 -0.024316 0.066657
v 0.413000 -0.049687 0.095255
v 0.412904 -0.048858 0.148065
v 0.380129 0.247948 0.102896
v 0.386503 0.245760 0.056574
v 0.432819 -0.039256 0.143191
v 0.432817 -0.040366 0.098862
v -0.082173 0.710301 0.405214
v -0.088106 0.761586 0.405913
v -0.079864 0.690345 0.392319
v -0.079825 0.690009 0.333497
v 0.054732 -0.473103 0.053264
v 0.058222 -0.503273 0.192320
v 0.051559 -0.445675 -0.051114
v 0.056948 -0.492256 0.296595
v 0.057987 -0.501237 0.164216
v -0.483831 0.280269 -0.055202
v -0.414697 -0.336808 -0.054772
v -0.195085 0.696707 0.402832
v -0.290677 0.678862 0.397397
v -0.390315 0.645153 0.386836
v -0.444274 0.609667 0.386342
v -0.506414 0.512213 0.399651
v -0.207123 0.744294 0.401829
v -0.308060 0.724924 0.392507
v -0.413384 0.689770 0.374394
v -0.470587 0.653942 0.373548
v -0.500183 0.618391 0.386863
v -0.529929 0.527000 0.396373
v -0.195482 0.676461 0.390040
v -0.286945 0.659143 0.384838
v -0.382214 0.626089 0.374730
v -0.433736 0.591074 0.374258
v -0.488478 0.502526 0.386996
v -0.488258 0.325608 0.396084
v -0.499736 0.324283 0.409425
v -0.511155 0.322403 0.409260
v -0.488257 0.334552 0.157297
v -0.521273 0.415583 0.404208
v -0.509906 0.429407 0.404675
v -0.497534 0.422006 0.391667
v -0.466296 0.548165 0.380561
v -0.480495 0.562351 0.392928
v -0.515403 0.572742 0.391267
v -0.194388 0.676245 0.331068
v -0.285951 0.658947 0.331659
v -0.381377 0.625924 0.330486
v -0.432896 0.590908 0.329907
v -0.465496 0.548120 0.330220
v -0.496711 0.419199 0.323666
v -0.487660 0.502594 0.327290
v -0.403541 -0.445611 0.119296
v -0.286228 -0.469618 0.106627
v -0.238570 -0.529351 0.164216
v -0.407588 -0.404701 0.031277
v -0.278639 -0.432334 0.029612
v -0.212453 -0.492797 0.049921
v -0.391523 -0.420349 0.027093
v -0.386513 -0.463651 0.110433
v -0.377794 -0.539019 0.193189
v -0.382346 -0.499671 0.144849
v -0.397561 -0.491373 0.154431
v -0.322040 -0.423592 0.026252
v -0.268950 -0.495816 0.131161
v -0.249339 -0.463429 0.039764
v -0.317623 -0.466962 0.109471
v -0.394151 -0.520849 0.190680
v -0.237819 -0.536674 0.192230
v -0.309786 -0.502557 0.143907
v -0.300774 -0.541402 0.192242
v -0.409487 -0.388285 -0.055585
v -0.393696 -0.401565 -0.056444
v -0.321078 -0.404445 -0.056629
v -0.274382 -0.411711 -0.055948
v -0.241466 -0.439104 -0.053866
v -0.203602 -0.465074 -0.051782
v -0.400484 -0.476400 0.302122
v -0.395619 -0.508162 0.300553
v -0.379306 -0.525954 0.302202
v -0.298465 -0.527867 0.301959
v -0.234550 -0.523122 0.301156
v -0.478058 0.228742 -0.055166
v 0.407061 0.383333 -0.055202
v 0.480643 -0.233229 -0.054772
v 0.030861 0.722846 0.402832
v 0.128003 0.727297 0.397397
v 0.232705 0.717229 0.386836
v 0.293341 0.695000 0.386342
v 0.376090 0.614308 0.399651
v 0.031716 0.771924 0.401829
v 0.134410 0.776112 0.392507
v 0.244978 0.765934 0.374394
v 0.308850 0.744112 0.373548
v 0.345781 0.716258 0.386863
v 0.395607 0.634072 0.396373
v 0.035871 0.703226 0.390040
v 0.128871 0.707247 0.384838
v 0.229171 0.696818 0.374730
v 0.287327 0.674492 0.374258
v 0.360839 0.600781 0.386996
v 0.401019 0.428486 0.396084
v 0.412497 0.429817 0.409425
v 0.424043 0.430594 0.409260
v 0.398976 0.437194 0.157297
v 0.412620 0.523623 0.404208
v 0.398396 0.534486 0.404675
v 0.388041 0.524456 0.391667
v 0.328823 0.640150 0.380561
v 0.339408 0.657203 0.392928
v 0.371022 0.675289 0.391267
v 0.034854 0.702766 0.331068
v 0.127948 0.706830 0.331659
v 0.228393 0.696466 0.330486
v 0.286546 0.674138 0.329907
v 0.328054 0.639923 0.330220
v 0.387880 0.521534 0.323666
v 0.360028 0.600660 0.327290
v 0.494623 -0.341705 0.119296
v 0.385890 -0.391862 0.106627
v 0.353130 -0.460899 0.164216
v 0.489223 -0.300951 0.031277
v 0.369989 -0.357296 0.029612
v 0.319356 -0.431274 0.049921
v 0.477155 -0.319854 0.027093
v 0.482164 -0.363156 0.110433
v 0.490883 -0.438524 0.193189
v 0.486331 -0.399176 0.144849
v 0.499250 -0.387624 0.154431
v 0.410248 -0.338875 0.026252
v 0.375050 -0.421313 0.131161
v 0.348562 -0.394260 0.039764
v 0.415850 -0.382109 0.109471
v 0.502660 -0.417100 0.190680
v 0.354070 -0.468200 0.192230
v 0.416346 -0.418553 0.143907
v 0.416442 -0.458429 0.192242
v 0.487324 -0.284535 -0.055585
v 0.474982 -0.301070 -0.056444
v 0.404940 -0.320454 -0.056629
v 0.361136 -0.338190 -0.055948
v 0.335344 -0.372374 -0.053866
v 0.304409 -0.406304 -0.051782
v 0.498676 -0.372379 0.302122
v 0.501192 -0.404412 0.300553
v 0.489372 -0.425460 0.302202
v 0.411103 -0.445779 0.301959
v 0.347793 -0.455753 0.301156
v 0.413205 0.331850 -0.055166
v 0.435411 0.338397 0.414590
v 0.423516 0.339125 0.415089
v 0.412090 0.337426 0.401784
v 0.480770 -0.233293 -0.013510
v 0.417173 0.298856 -0.015654
v 0.412485 0.337146 0.063421
v 0.413727 0.327270 0.012662
v 0.450751 0.213975 0.421783
v 0.438895 0.212554 0.422995
v 0.427434 0.211229 0.409684
v 0.483387 -0.056638 0.432298
v 0.472079 -0.057134 0.432647
v 0.460762 -0.060100 0.418854
vn -0.0000 -0.0000 1.0000
vn -0.1007 0.8706 0.4815
vn -0.0246 0.8662 0.4990
vn -0.0237 0.8767 0.4804
vn -0.0921 0.7958 0.5986
vn -0.0220 0.8033 0.5952
vn 0.0201 0.8046 0.5935
vn 0.0366 0.8686 0.4941
vn 0.1057 0.8042 0.5849
vn 0.1173 0.8639 0.4897
vn 0.2618 0.7866 0.5592
vn 0.1123 0.8036 0.5844
vn 0.1176 0.8721 0.4749
vn 0.2009 0.8615 0.4664
vn 0.2767 0.8428 0.4616
vn 0.2788 0.8197 0.5003
vn 0.0270 0.8768 0.4802
vn 0.1163 0.8736 0.4726
vn 0.1327 0.8721 0.4711
vn 0.1658 0.8665 0.4708
vn 0.2791 -0.8093 0.5168
vn 0.1012 -0.8745 0.4743
vn 0.2152 -0.8546 0.4726
vn 0.3553 -0.7917 0.4970
vn 0.3048 -0.8277 0.4712
vn 0.1752 -0.8016 0.5716
vn 0.1996 -0.7576 0.6215
vn 0.0878 -0.7591 0.6450
vn 0.2803 -0.7550 0.5928
vn 0.3757 -0.7365 0.5625
vn 0.4248 -0.7212 0.5472
vn 0.3884 -0.7938 0.4680
vn 0.4485 -0.6962 0.5604
vn 0.4545 -0.7543 0.4738
vn 0.5635 -0.6271 0.5378
vn 0.5812 -0.6732 0.4571
vn 0.4599 -0.7561 0.4656
vn 0.5351 -0.7093 0.4588
vn 0.5305 -0.7108 0.4618
vn -0.1742 0.8489 0.4990
vn -0.1429 0.8281 0.5420
vn -0.2033 0.7787 0.5935
vn -0.2340 0.8373 0.4941
vn -0.2865 0.7588 0.5849
vn -0.3115 0.8143 0.4898
vn -0.2928 0.7568 0.5844
vn -0.4345 0.7060 0.5592
vn -0.4586 0.7344 0.5003
vn -0.3136 0.8222 0.4749
vn -0.3923 0.7928 0.4664
vn -0.4618 0.7574 0.4616
vn -0.1771 0.8590 0.4804
vn -0.3127 0.8239 0.4726
vn -0.3283 0.8187 0.4711
vn -0.3592 0.8058 0.4708
vn -0.2264 0.8475 0.4802
vn -0.0134 -0.8757 0.4827
vn -0.0144 -0.8812 0.4726
vn -0.0964 -0.8729 0.4783
vn -0.1077 -0.8754 0.4712
vn -0.0213 -0.7831 0.6215
vn -0.1006 -0.7990 0.5928
vn -0.1977 -0.8029 0.5625
vn -0.1845 -0.8624 0.4715
vn -0.2777 -0.7803 0.5604
vn -0.4054 -0.7392 0.5378
vn -0.2657 -0.7878 0.5557
vn -0.1969 -0.8615 0.4680
vn -0.2751 -0.8411 0.4656
vn -0.3590 -0.8128 0.4588
vn -0.3542 -0.8132 0.4618
vn -0.4122 -0.7881 0.4571
vn 0.9834 0.1291 0.1278
vn 0.9788 0.1333 0.1552
vn 0.9805 0.1290 0.1482
vn 0.9843 0.1230 0.1263
vn 0.9783 0.1300 0.1612
vn 0.9787 0.1292 0.1595
vn 0.9784 0.1298 0.1608
vn 0.9780 0.1321 0.1616
vn 0.9799 0.1266 0.1544
vn 0.9805 0.1162 0.1586
vn 0.9783 0.1301 0.1611
vn 0.9770 0.1311 0.1679
vn 0.9784 0.1297 0.1607
vn 0.9783 0.1300 0.1614
vn 0.9783 0.1298 0.1617
vn 0.9790 0.1292 0.1579
vn 0.9799 0.1295 0.1514
vn -0.9869 -0.0988 0.1278
vn -0.9841 -0.0983 0.1482
vn -0.9834 -0.0937 0.1552
vn -0.9864 -0.1049 0.1263
vn -0.9822 -0.0968 0.1612
vn -0.9824 -0.0980 0.1593
vn -0.9823 -0.0952 0.1614
vn -0.9831 -0.0988 0.1543
vn -0.9811 -0.1107 0.1586
vn -0.9823 -0.0966 0.1603
vn -0.9816 -0.1049 0.1595
vn -0.9822 -0.0967 0.1611
vn -0.9812 -0.0954 0.1679
vn -0.9822 -0.0970 0.1608
vn -0.9821 -0.0968 0.1613
vn -0.9821 -0.0970 0.1617
vn -0.9826 -0.0977 0.1579
vn -0.9827 -0.0976 0.1572
vn -0.9833 -0.0980 0.1532
vn -0.9826 -0.0975 0.1580
vn -0.9833 -0.0981 0.1535
vn -0.9833 -0.0988 0.1530
vn -0.9827 -0.0980 0.1573
vn -0.9835 -0.0965 0.1533
vn 0.9791 0.1287 0.1573
vn 0.9797 0.1291 0.1532
vn 0.9799 0.1283 0.1530
vn 0.9797 0.1292 0.1535
vn 0.9791 0.1290 0.1573
vn 0.9783 0.1296 0.1616
vn 0.9789 0.1294 0.1580
vn 0.9782 0.1299 0.1620
vn 0.9782 0.1301 0.1618
vn 0.9780 0.1306 0.1625
vn 0.9782 0.1305 0.1617
vn 0.9782 0.1299 0.1621
vn 0.9782 0.1298 0.1620
vn -0.9822 -0.0964 0.1611
vn -0.9821 -0.0962 0.1617
vn -0.9820 -0.0969 0.1620
vn -0.9820 -0.0970 0.1620
vn -0.9821 -0.0966 0.1618
vn -0.9820 -0.0961 0.1625
vn -0.9820 -0.0968 0.1621
vn 0.2272 0.5648 -0.7933
vn -0.0445 0.0096 -0.9990
vn -0.2040 0.3203 -0.9251
vn 0.5149 0.0689 -0.8545
vn 0.5320 0.1708 -0.8294
vn 0.2953 -0.6173 -0.7292
vn 0.1193 -0.3046 -0.9450
vn 0.7474 -0.3420 -0.5696
vn 0.4111 -0.8146 -0.4092
vn 0.8508 -0.5062 -0.1410
vn 0.8700 -0.4261 -0.2481
vn 0.4451 -0.8220 0.3553
vn 0.4611 -0.8870 -0.0264
vn 0.7960 -0.3541 0.4909
vn 0.8579 -0.3567 0.3698
vn 0.6882 -0.1312 0.7136
vn 0.3559 -0.6327 0.6878
vn 0.5461 0.1482 0.8245
vn 0.2149 -0.3469 0.9130
vn -0.1362 0.3301 0.9341
vn 0.0409 -0.0085 0.9991
vn 0.2474 0.7050 0.6646
vn 0.3545 0.6277 0.6930
vn 0.1366 0.8985 0.4173
vn -0.2995 0.6200 0.7252
vn 0.0753 0.9917 0.1041
vn -0.4140 0.8143 0.4069
vn 0.0736 0.9708 -0.2284
vn -0.4658 0.8845 0.0266
vn -0.4490 0.8192 -0.3568
vn 0.1074 0.7755 -0.6222
vn -0.3579 0.6314 -0.6880
vn -0.8851 -0.4641 0.0349
vn -0.8929 -0.3888 0.2269
vn -0.9268 -0.3281 0.1828
vn -0.9501 -0.2892 0.1172
vn -0.9612 -0.2728 0.0401
vn -0.9571 -0.2872 -0.0381
vn -0.9397 -0.3252 -0.1058
vn -0.9110 -0.3837 -0.1513
vn -0.8755 -0.4524 -0.1697
vn -0.8389 -0.5215 -0.1558
vn -0.8063 -0.5805 -0.1138
vn -0.7830 -0.6201 -0.0491
vn -0.7714 -0.6357 0.0282
vn -0.7761 -0.6216 0.1064
vn -0.7935 -0.5831 0.1740
vn -0.8226 -0.5234 0.2223
vn -0.8997 -0.3940 0.1878
vn 0.8555 0.4964 -0.1472
vn 0.8745 0.4624 -0.1466
vn 0.8916 0.4273 -0.1497
vn 0.9129 0.3908 -0.1179
vn 0.9259 0.3691 -0.0809
vn 0.9318 0.3611 -0.0380
vn 0.9295 0.3688 0.0053
vn 0.9200 0.3896 0.0429
vn 0.9041 0.4218 0.0684
vn 0.8844 0.4601 0.0782
vn 0.8639 0.4986 0.0713
vn 0.8462 0.5308 0.0470
vn 0.8330 0.5532 0.0116
vn 0.8268 0.5616 -0.0314
vn 0.8294 0.5536 -0.0746
vn 0.8386 0.5329 -0.1132
vn -0.4619 -0.3085 -0.8315
vn -0.8928 -0.4504 -0.0073
vn -0.6086 0.0548 -0.7915
vn -0.8794 -0.4761 -0.0084
vn -0.8961 -0.4432 -0.0240
vn -0.3895 -0.4307 -0.8141
vn -0.8720 -0.4895 0.0042
vn -0.2373 -0.7181 -0.6542
vn -0.8672 -0.4977 0.0178
vn -0.1288 -0.9081 -0.3986
vn -0.8653 -0.5002 0.0337
vn -0.0713 -0.9941 -0.0822
vn -0.8659 -0.4978 0.0496
vn -0.1786 -0.7328 0.6566
vn -0.1216 -0.9677 0.2208
vn -0.8753 -0.4781 0.0726
vn -0.8556 -0.5135 0.0650
vn -0.4588 -0.1828 0.8695
vn -0.2805 -0.6265 0.7272
vn -0.8900 -0.4501 0.0735
vn -0.8724 -0.4792 0.0968
vn -0.5442 -0.0236 0.8386
vn -0.8967 -0.4379 0.0652
vn -0.6862 0.2365 0.6879
vn -0.9013 -0.4300 0.0518
vn -0.8589 0.5111 -0.0321
vn -0.8150 0.3718 0.4445
vn -0.8295 0.4316 -0.3544
vn -0.9114 -0.4079 0.0542
vn -0.7425 0.2478 -0.6223
vn -0.9134 -0.4060 0.0289
vn -0.9110 -0.4124 0.0037
vn 0.9091 0.3647 0.2013
vn 0.8637 0.4442 0.2381
vn 0.9989 -0.0313 0.0336
vn 0.7834 0.6036 0.1481
vn 0.9188 0.1577 0.3618
vn 0.8487 0.3097 0.4287
vn 0.7537 0.4795 0.4495
vn 0.7674 0.6075 -0.2049
vn 0.7979 0.5386 -0.2707
vn 0.8460 0.4519 -0.2831
vn 0.8925 0.3751 -0.2505
vn 0.5675 0.7704 -0.2906
vn 0.9597 0.2461 -0.1360
vn 0.9728 0.2281 -0.0411
vn 0.7944 0.3414 -0.5024
vn 0.9465 0.2919 0.1377
vn 0.8923 0.4514 -0.0074
vn 0.8862 0.4631 0.0132
vn 0.8795 0.4758 -0.0068
vn 0.8737 0.4865 -0.0083
vn 0.8678 0.4967 -0.0183
vn 0.8732 0.4863 -0.0341
vn 0.8683 0.4938 -0.0478
vn 0.8698 0.4894 -0.0626
vn 0.8757 0.4776 -0.0710
vn 0.8829 0.4642 -0.0713
vn 0.8893 0.4524 -0.0675
vn 0.8974 0.4361 -0.0673
vn 0.8974 0.4387 -0.0476
vn 0.9031 0.4279 -0.0362
vn 0.8960 0.4433 -0.0260
vn 0.8989 0.4380 -0.0071
vn 0.9101 0.3901 0.1398
vn 0.8771 0.4537 0.1575
vn 0.8431 0.5179 0.1448
vn 0.8128 0.5733 0.1037
vn 0.7899 0.6116 0.0442
vn 0.7810 0.6239 -0.0287
vn 0.7835 0.6129 -0.1023
vn 0.8009 0.5758 -0.1643
vn 0.8270 0.5221 -0.2087
vn 0.8604 0.4575 -0.2245
vn 0.8949 0.3931 -0.2114
vn 0.9253 0.3376 -0.1728
vn 0.9474 0.2997 -0.1126
vn 0.9569 0.2877 -0.0398
vn 0.9539 0.2983 0.0337
vn 0.9373 0.3351 0.0963
vn 0.7462 0.5585 -0.3623
vn 0.8091 0.4362 -0.3937
vn 0.8744 0.3133 -0.3705
vn 0.9323 0.2088 -0.2954
vn 0.9738 0.1380 -0.1806
vn 0.9927 0.1125 -0.0431
vn 0.9861 0.1353 0.0960
vn 0.9550 0.2038 0.2154
vn 0.9041 0.3068 0.2973
vn 0.8412 0.4292 0.3288
vn 0.7760 0.5520 0.3052
vn 0.7181 0.6567 0.2304
vn 0.6764 0.7274 0.1155
vn 0.6577 0.7529 -0.0220
vn 0.6641 0.7301 -0.1611
vn 0.6953 0.6617 -0.2806
vn 0.8851 0.4641 -0.0349
vn -0.5380 -0.0255 -0.8426
vn 0.0175 0.0421 -0.9990
vn -0.4035 -0.1825 -0.8966
vn -0.2580 -0.4569 -0.8513
vn 0.3398 -0.5939 -0.7292
vn -0.1231 -0.7428 -0.6581
vn 0.4363 -0.8014 -0.4092
vn -0.0400 -0.9257 -0.3761
vn -0.0135 -0.9990 -0.0423
vn 0.4230 -0.8336 0.3553
vn -0.0528 -0.9540 0.2951
vn -0.1439 -0.7974 0.5860
vn 0.3167 -0.6537 0.6873
vn -0.2804 -0.5533 0.7844
vn -0.0174 -0.0421 0.9990
vn -0.4379 -0.2586 0.8610
vn -0.1941 0.2997 0.9341
vn -0.5931 0.0418 0.8041
vn -0.7224 0.3019 0.6221
vn -0.3410 0.5977 0.7256
vn -0.8060 0.4824 0.3429
vn -0.4358 0.8025 0.4074
vn -0.8310 0.5562 0.0090
vn -0.4231 0.8335 -0.3553
vn -0.7955 0.5092 -0.3286
vn -0.6992 0.3529 -0.6218
vn -0.3146 0.6523 -0.6896
vn 0.8851 0.4641 0.0349
vn 0.8276 0.5134 0.2269
vn 0.8615 0.4448 0.2450
vn 0.7778 0.6174 0.1174
vn 0.8473 0.4962 0.1895
vn 0.7801 0.6245 -0.0384
vn 0.8051 0.5825 0.1120
vn 0.8338 0.5310 -0.1508
vn 0.8027 0.5963 -0.0111
vn 0.9060 0.3937 -0.1553
vn 0.8413 0.5297 -0.1076
vn 0.9553 0.2914 -0.0491
vn 0.8994 0.4202 -0.1207
vn 0.9526 0.2849 0.1064
vn 0.9418 0.3334 -0.0439
vn 0.8983 0.3790 0.2223
vn 0.9439 0.3203 0.0808
vn -0.8320 -0.5421 -0.1179
vn -0.8775 -0.4566 -0.1466
vn -0.8340 -0.5409 -0.1085
vn -0.8263 -0.5603 -0.0575
vn -0.8280 -0.5606 -0.0119
vn -0.8373 -0.5460 0.0292
vn -0.8530 -0.5185 0.0605
vn -0.8933 -0.4428 0.0767
vn -0.9329 -0.3548 -0.0617
vn -0.9320 -0.3621 -0.0129
vn -0.9306 -0.3616 -0.0574
vn -0.9213 -0.3762 -0.0985
vn -0.9056 -0.4037 -0.1298
vn -0.8288 -0.5505 -0.1002
vn 0.8825 0.4701 -0.0147
vn 0.4486 0.2640 -0.8538
vn 0.3010 0.5319 -0.7915
vn 0.8917 0.4526 -0.0084
vn 0.5866 -0.0117 -0.8098
vn 0.8986 0.4387 0.0040
vn 0.7313 -0.2888 -0.6179
vn 0.9024 0.4306 0.0179
vn 0.8158 -0.4686 -0.3389
vn 0.9036 0.4271 0.0337
vn 0.8408 -0.5412 -0.0082
vn 0.9018 0.4294 0.0495
vn 0.8047 -0.4960 0.3263
vn 0.7116 -0.3417 0.6140
vn 0.8911 0.4480 0.0728
vn 0.5771 -0.0997 0.8105
vn 0.4210 0.1921 0.8865
vn 0.8905 0.4467 0.0863
vn 0.2669 0.4894 0.8302
vn 0.8702 0.4884 0.0649
vn 0.1398 0.7473 0.6496
vn 0.8663 0.4969 0.0518
vn 0.0564 0.9260 0.3733
vn 0.8652 0.5002 0.0361
vn 0.0321 0.9986 0.0426
vn 0.0680 0.9540 -0.2920
vn 0.8586 0.5117 0.0316
vn 0.1604 0.7972 -0.5819
vn 0.8615 0.5077 0.0101
vn -0.9977 0.0263 0.0623
vn -0.8565 -0.4580 0.2381
vn -0.9727 -0.2123 0.0937
vn -0.9798 -0.1961 -0.0400
vn -0.9705 -0.1898 -0.1489
vn -0.9326 -0.2703 -0.2392
vn -0.8883 -0.3410 -0.3076
vn -0.8339 -0.4359 -0.3384
vn -0.8334 -0.5418 -0.1090
vn -0.7833 -0.5416 -0.3052
vn -0.8570 -0.4418 -0.2655
vn -0.7093 -0.6888 -0.1501
vn -0.8325 -0.5535 0.0221
vn -0.7801 -0.5912 -0.2048
vn -0.7412 -0.6565 -0.1401
vn -0.7410 -0.6703 -0.0411
vn -0.7609 -0.6470 0.0496
vn -0.7783 -0.6126 0.1377
vn 0.8870 0.4598 -0.0425
vn 0.8971 0.4326 0.0904
vn 0.8639 0.4961 0.0871
vn -0.4613 0.8868 0.0272
vn 0.1667 -0.3750 0.9119
vn 0.4698 -0.8823 -0.0290
vn 0.1838 -0.2699 -0.9452
vn -0.1442 0.3480 -0.9263
vn -0.8787 -0.4773 -0.0075
vn -0.9209 -0.3877 -0.0409
vn -0.9153 -0.3961 -0.0726
vn -0.8932 -0.4347 -0.1146
vn -0.4720 -0.8440 -0.2548
vn -0.8512 -0.5164 -0.0944
vn -0.8444 -0.5323 -0.0604
vn -0.8487 -0.5288 0.0031
vn -0.8678 -0.4949 0.0459
vn -0.8899 -0.4538 0.0453
vn -0.9906 0.1361 -0.0152
vn -0.7938 -0.6077 -0.0236
vn -0.8384 -0.5268 0.1398
vn -0.9138 -0.3844 0.1315
vn -0.8510 -0.5106 0.1228
vn -0.9365 -0.3473 0.0489
vn -0.9451 -0.3267 -0.0061
vn -0.9437 -0.3083 -0.1196
vn -0.9335 -0.3500 0.0784
vn -0.9099 -0.3822 -0.1613
vn -0.8829 -0.4320 -0.1842
vn -0.9405 -0.3220 -0.1085
vn -0.8561 -0.4831 -0.1835
vn -0.8004 -0.5793 -0.1540
vn -0.7856 -0.6121 -0.0907
vn -0.9567 -0.0308 -0.2894
vn -0.7955 -0.6037 0.0510
vn -0.8615 -0.4866 0.1450
vn -0.8837 -0.2962 -0.3623
vn -0.7504 -0.5607 -0.3500
vn -0.7149 -0.6533 -0.2493
vn -0.9537 -0.3007 -0.0024
vn -0.6886 -0.7118 -0.1385
vn -0.6861 -0.7183 0.1153
vn -0.7835 -0.5461 0.2963
vn -0.9076 -0.3088 0.2846
vn -0.8564 -0.4768 -0.1981
vn -0.9563 -0.2098 0.2038
vn -0.9856 -0.1451 0.0870
vn -0.7877 -0.6124 -0.0662
vn -0.9719 -0.1511 -0.1807
vn -0.8049 -0.5895 0.0678
vn -0.9290 -0.2428 -0.2794
vn -0.8411 -0.3953 -0.3691
vn -0.8851 -0.4641 -0.0349
vn -0.6752 -0.7340 -0.0733
vn -0.7154 -0.6761 0.1763
vn -0.8243 -0.4780 0.3034
vn -0.9902 -0.1393 0.0077
vn -0.5112 0.1696 -0.8426
vn 0.0314 0.0330 -0.9990
vn -0.4422 -0.0252 -0.8966
vn -0.4050 -0.3336 -0.8513
vn 0.1035 -0.6764 -0.7292
vn -0.3820 -0.6489 -0.6581
vn 0.1190 -0.9046 -0.4092
vn -0.3712 -0.8490 -0.3759
vn -0.3714 -0.9275 -0.0423
vn 0.0951 -0.9299 0.3553
vn -0.3913 -0.8716 0.2954
vn 0.0597 -0.7254 0.6857
vn -0.4215 -0.6922 0.5859
vn -0.4606 -0.4154 0.7844
vn -0.0313 -0.0330 0.9990
vn -0.5011 -0.0838 0.8613
vn -0.0733 0.3494 0.9341
vn -0.5390 0.2520 0.8037
vn -0.5651 0.5417 0.6223
vn -0.1191 0.9046 0.4092
vn -0.5792 0.7396 0.3428
vn -0.5765 0.8170 0.0089
vn -0.1149 0.9930 0.0272
vn -0.5576 0.7622 -0.3289
vn -0.0940 0.9293 -0.3573
vn -0.5255 0.5807 -0.6218
vn -0.0590 0.7218 -0.6896
vn 0.9928 0.1149 0.0349
vn 0.9568 0.1815 0.2269
vn 0.9638 0.1053 0.2450
vn 0.9478 0.2964 0.1174
vn 0.9690 0.1583 0.1895
vn 0.9524 0.3023 -0.0384
vn 0.9607 0.2541 0.1120
vn 0.9689 0.1959 -0.1513
vn 0.9634 0.2678 -0.0111
vn 0.9870 0.0416 -0.1553
vn 0.9757 0.1910 -0.1075
vn 0.9962 -0.0723 -0.0494
vn 0.9903 0.0687 -0.1207
vn 0.9914 -0.0767 0.1064
vn 0.9987 -0.0274 -0.0431
vn 0.9745 0.0307 0.2223
vn 0.9959 -0.0405 0.0808
vn -0.9713 -0.2068 -0.1179
vn -0.9830 -0.1105 -0.1466
vn -0.9727 -0.2049 -0.1085
vn -0.9725 -0.2257 -0.0575
vn -0.9742 -0.2254 -0.0119
vn -0.9823 -0.1771 0.0605
vn -0.9928 -0.0919 0.0772
vn -0.9994 -0.0197 0.0284
vn -0.9999 -0.0034 -0.0130
vn -0.9983 -0.0028 -0.0574
vn -0.9949 -0.0198 -0.0985
vn -0.9739 -0.1834 -0.1338
vn -0.9713 -0.2157 -0.1002
vn 0.9925 0.1213 -0.0147
vn 0.5135 0.0850 -0.8538
vn 0.4721 0.3881 -0.7915
vn 0.9948 0.1018 -0.0084
vn 0.5432 -0.2219 -0.8098
vn 0.9963 0.0863 0.0040
vn 0.5786 -0.5324 -0.6179
vn 0.9968 0.0773 0.0179
vn 0.5928 -0.7306 -0.3389
vn 0.9967 0.0737 0.0337
vn 0.5900 -0.8074 -0.0082
vn 0.9958 0.0764 0.0495
vn 0.5732 -0.7517 0.3262
vn 0.5406 -0.5750 0.6142
vn 0.9926 0.0978 0.0726
vn 0.5032 -0.3003 0.8103
vn 0.4618 0.0279 0.8865
vn 0.9889 0.1293 0.0738
vn 0.4251 0.3607 0.8302
vn 0.9876 0.1428 0.0649
vn 0.3991 0.6471 0.6496
vn 0.9870 0.1520 0.0517
vn 0.3862 0.8435 0.3732
vn 0.3880 0.9207 0.0426
vn 0.9847 0.1659 0.0526
vn 0.4069 0.8656 -0.2919
vn 0.9851 0.1688 0.0316
vn 0.4363 0.6863 -0.5819
vn 0.9864 0.1640 0.0101
vn -0.9215 0.3833 0.0622
vn -0.9639 -0.1195 0.2381
vn -0.9840 0.1516 0.0937
vn -0.9825 0.1829 -0.0341
vn -0.9756 0.1612 -0.1491
vn -0.9648 0.0969 -0.2444
vn -0.9801 -0.1265 -0.1528
vn -0.9546 -0.0096 -0.2976
vn -0.9377 -0.1113 -0.3290
vn -0.9725 -0.2059 -0.1090
vn -0.9223 -0.2232 -0.3156
vn -0.9219 -0.3139 -0.2271
vn -0.9726 -0.2315 -0.0217
vn -0.9130 -0.3819 -0.1439
vn -0.9108 -0.4114 -0.0339
vn -0.9316 -0.3370 -0.1359
vn -0.9324 -0.3590 -0.0411
vn -0.9376 -0.3433 0.0549
vn -0.9510 -0.2817 0.1277
vn 0.9930 0.1102 -0.0425
vn 0.9926 0.0811 0.0904
vn 0.9867 0.1298 0.0978
vn -0.0999 0.6807 0.7257
vn 0.0207 -0.4098 0.9119
vn 0.1211 -0.9922 -0.0290
vn 0.0745 -0.3180 -0.9452
vn -0.0094 0.3766 -0.9263
vn -0.9916 -0.1295 -0.0075
vn -0.9987 -0.0307 -0.0409
vn -0.9970 -0.0359 -0.0692
vn -0.9938 -0.0549 -0.0967
vn -0.9902 -0.0791 -0.1154
vn -0.9854 -0.1254 -0.1149
vn -0.7432 -0.6679 -0.0391
vn -0.9793 -0.1931 -0.0604
vn -0.7998 -0.3284 0.5025
vn -0.9844 -0.1739 0.0272
vn -0.9877 -0.1498 0.0459
vn -0.9929 -0.1084 0.0483
vn -0.9959 -0.0797 0.0428
vn -0.9592 -0.2817 -0.0236
vn -0.9719 -0.1898 0.1392
vn -0.9909 -0.0301 0.1315
vn -0.9987 0.0126 0.0489
vn -0.9994 0.0349 -0.0061
vn -0.9915 0.0517 -0.1197
vn -0.9988 0.0428 0.0226
vn -0.9865 -0.0295 -0.1613
vn -0.9792 -0.0856 -0.1842
vn -0.9726 -0.1430 -0.1835
vn -0.9550 -0.2535 -0.1542
vn -0.9177 0.3816 -0.1102
vn -0.9630 -0.2620 -0.0629
vn -0.9596 -0.2769 0.0504
vn -0.9160 -0.1213 -0.3824
vn -0.9798 -0.1522 0.1297
vn -0.9018 -0.2534 -0.3500
vn -0.9020 -0.3525 -0.2493
vn -0.9981 0.0623 -0.0024
vn -0.8985 -0.4166 -0.1385
vn -0.8985 -0.4235 0.1153
vn -0.9275 -0.2279 0.2963
vn -0.9579 0.0382 0.2846
vn -0.9706 -0.1370 -0.1980
vn -0.9677 0.1481 0.2038
vn -0.9553 -0.2882 -0.0662
vn -0.9772 0.1996 0.0726
vn -0.9612 0.2084 -0.1806
vn -0.9481 0.1285 -0.2909
vn -0.9655 -0.2555 0.0502
vn -0.9928 -0.1149 -0.0349
vn -0.9392 -0.0022 -0.3434
vn -0.8939 -0.4421 -0.0733
vn -0.9106 -0.3737 0.1763
vn -0.9410 -0.1497 0.3034
vn -0.9741 0.2260 0.0077
vn 0.4151 0.4454 -0.7933
vn -0.0381 0.0250 -0.9990
vn -0.0752 0.3722 -0.9251
vn 0.5052 -0.1208 -0.8545
vn 0.5578 -0.0319 -0.8294
vn 0.0536 -0.6822 -0.7292
vn 0.0018 -0.3272 -0.9449
vn 0.5745 -0.5878 -0.5696
vn 0.0907 -0.9079 -0.4092
vn 0.6119 -0.7782 -0.1410
vn 0.6585 -0.7101 -0.2493
vn 0.1198 -0.9270 0.3553
vn 0.1113 -0.9934 -0.0264
vn 0.6200 -0.6898 0.3738
vn 0.1075 -0.7199 0.6857
vn 0.5948 -0.3704 0.7135
vn 0.6573 -0.4370 0.6140
vn 0.5626 -0.0586 0.8246
vn 0.0758 -0.4010 0.9129
vn -0.0084 0.3570 0.9341
vn 0.0351 -0.0227 0.9991
vn 0.4846 0.5692 0.6642
vn 0.5565 0.4583 0.6930
vn 0.4505 0.7893 0.4173
vn -0.0565 0.6862 0.7253
vn 0.4268 0.8983 0.1041
vn -0.0935 0.9087 0.4068
vn 0.4177 0.8794 -0.2284
vn -0.1166 0.9928 0.0266
vn -0.1244 0.9259 -0.3568
vn 0.3791 0.6850 -0.6222
vn -0.1069 0.7178 -0.6880
vn -0.9928 -0.1149 0.0349
vn -0.9730 -0.0417 0.2269
vn -0.9829 0.0267 0.1824
vn -0.9905 0.0722 0.1174
vn -0.9950 0.0910 0.0401
vn -0.9964 0.0761 -0.0381
vn -0.9938 0.0345 -0.1058
vn -0.9880 -0.0305 -0.1513
vn -0.9796 -0.1073 -0.1697
vn -0.9703 -0.1850 -0.1558
vn -0.9611 -0.2518 -0.1138
vn -0.9533 -0.2978 -0.0494
vn -0.9488 -0.3146 0.0282
vn -0.9474 -0.3017 0.1067
vn -0.9501 -0.2588 0.1740
vn -0.9558 -0.1926 0.2223
vn -0.9812 -0.0442 0.1878
vn 0.9768 0.1556 -0.1472
vn 0.9822 0.1171 -0.1466
vn 0.9856 0.0781 -0.1497
vn 0.9924 0.0365 -0.1179
vn 0.9967 0.0116 -0.0809
vn 0.9993 0.0019 -0.0380
vn 0.9999 0.0093 0.0055
vn 0.9985 0.0332 0.0424
vn 0.9953 0.0683 0.0689
vn 0.9907 0.1113 0.0782
vn 0.9855 0.1545 0.0709
vn 0.9805 0.1911 0.0470
vn 0.9762 0.2167 0.0116
vn 0.9734 0.2268 -0.0314
vn 0.9730 0.2184 -0.0746
vn 0.9741 0.1958 -0.1132
vn -0.5420 -0.1218 -0.8315
vn -0.9950 -0.0993 -0.0073
vn -0.5482 0.2700 -0.7915
vn -0.9917 -0.1280 -0.0084
vn -0.9955 -0.0914 -0.0240
vn -0.5183 -0.2619 -0.8141
vn -0.9897 -0.1434 0.0040
vn -0.4796 -0.5847 -0.6542
vn -0.9882 -0.1523 0.0179
vn -0.4467 -0.8010 -0.3986
vn -0.9872 -0.1556 0.0337
vn -0.4239 -0.9020 -0.0821
vn -0.9870 -0.1531 0.0496
vn -0.4301 -0.6196 0.6566
vn -0.4614 -0.8593 0.2208
vn -0.9887 -0.1314 0.0726
vn -0.9830 -0.1715 0.0650
vn -0.4937 -0.0054 0.8696
vn -0.4872 -0.4830 0.7276
vn -0.9923 -0.1000 0.0735
vn -0.9863 -0.1335 0.0968
vn -0.5159 0.1733 0.8389
vn -0.9941 -0.0862 0.0652
vn -0.5556 0.4676 0.6875
vn -0.9957 -0.0773 0.0517
vn -0.6172 0.7861 -0.0329
vn -0.6269 0.6402 0.4440
vn -0.6192 0.7009 -0.3540
vn -0.9971 -0.0530 0.0537
vn -0.6038 0.4982 -0.6223
vn -0.9983 -0.0503 0.0290
vn -0.9984 -0.0573 0.0037
vn 0.9794 0.0135 0.2013
vn 0.9657 0.1039 0.2381
vn 0.9209 -0.3883 0.0336
vn 0.9524 0.2720 0.1374
vn 0.9141 -0.1832 0.3618
vn 0.8971 -0.0120 0.4417
vn 0.8756 0.1764 0.4497
vn 0.8530 0.3530 0.3845
vn 0.9375 0.2165 -0.2725
vn 0.8250 0.5581 0.0889
vn 0.8097 0.5774 -0.1050
vn 0.8065 0.5148 -0.2906
vn 0.9840 -0.1154 -0.1360
vn 0.9897 -0.1369 -0.0411
vn 0.8595 0.0245 -0.5106
vn 0.9902 -0.0571 0.1277
vn 0.9949 0.1004 -0.0074
vn 0.9935 0.1134 0.0132
vn 0.9918 0.1278 -0.0068
vn 0.9906 0.1360 -0.0126
vn 0.9883 0.1514 -0.0183
vn 0.9880 0.1510 -0.0339
vn 0.9886 0.1435 -0.0458
vn 0.9882 0.1411 -0.0599
vn 0.9883 0.1327 -0.0754
vn 0.9911 0.1156 -0.0656
vn 0.9923 0.1002 -0.0726
vn 0.9942 0.0843 -0.0673
vn 0.9951 0.0867 -0.0476
vn 0.9966 0.0746 -0.0361
vn 0.9960 0.0861 -0.0239
vn 0.9959 0.0895 -0.0110
vn 0.9895 0.0368 0.1398
vn 0.9816 0.1079 0.1575
vn 0.9729 0.1801 0.1448
vn 0.9644 0.2431 0.1042
vn 0.9573 0.2857 0.0437
vn 0.9531 0.3012 -0.0287
vn 0.9515 0.2901 -0.1022
vn 0.9543 0.2494 -0.1644
vn 0.9593 0.1899 -0.2088
vn 0.9675 0.1175 -0.2239
vn 0.9762 0.0448 -0.2122
vn 0.9848 -0.0176 -0.1727
vn 0.9919 -0.0602 -0.1122
vn 0.9962 -0.0776 -0.0398
vn 0.9974 -0.0639 0.0334
vn 0.9950 -0.0244 0.0963
vn 0.8971 0.2529 -0.3623
vn 0.9119 0.1161 -0.3937
vn 0.9286 -0.0221 -0.3705
vn 0.9450 -0.1405 -0.2955
vn 0.9583 -0.2213 -0.1805
vn 0.9668 -0.2519 -0.0431
vn 0.9688 -0.2283 0.0960
vn 0.9644 -0.1532 0.2154
vn 0.9540 -0.0388 0.2973
vn 0.9394 0.0980 0.3286
vn 0.9225 0.2362 0.3053
vn 0.9062 0.3547 0.2304
vn 0.8928 0.4354 0.1155
vn 0.8843 0.4663 -0.0220
vn 0.8823 0.4424 -0.1611
vn 0.8867 0.3674 -0.2806
vn 0.9928 0.1148 -0.0349
vn -0.1139 0.9841 -0.1365
vn -0.7669 0.4357 0.4712
vn -0.0861 0.5604 0.8238
vn 0.6651 0.5879 0.4603
vn 0.7680 0.6320 0.1042
vn 0.7073 0.4037 0.5802
vn -0.0550 0.3765 0.9248
vn -0.7609 0.2305 0.6066
vn -0.9712 0.1675 0.1694
vn -0.6820 0.6712 -0.2906
vn 0.7507 0.6606 -0.0068
vn -0.1139 0.9840 -0.1369
vn 0.9075 0.3945 0.1441
vn -0.9821 0.1753 0.0694
vn -0.8861 0.4635 0.0013
vn 0.9175 0.3956 0.0408
vn 0.7133 -0.3927 0.5805
vn 0.0560 -0.4840 0.8733
vn 0.1149 -0.9934 -0.0000
vn -0.6049 -0.5451 0.5805
vn -0.8285 -0.5600 -0.0000
vn -0.6049 -0.5451 -0.5805
vn 0.0560 -0.4840 -0.8733
vn 0.7133 -0.3927 -0.5805
vn 0.9344 -0.3561 -0.0000
vn 0.7349 -0.2429 0.6332
vn 0.0396 -0.3423 0.9388
vn -0.6600 -0.4042 0.6332
vn -0.9092 -0.4164 -0.0000
vn -0.6600 -0.4042 -0.6332
vn 0.0396 -0.3423 -0.9388
vn 0.7349 -0.2429 -0.6332
vn 0.9802 -0.1978 -0.0000
vn -0.6048 -0.5451 0.5805
vn 0.7133 -0.3926 0.5805
vn 0.7134 -0.3926 -0.5805
vn -0.6049 -0.5452 -0.5805
vn -0.6600 -0.4043 0.6332
vn 0.7438 0.6406 0.1909
vn -0.1138 0.9840 -0.1368
vn -0.0414 0.5656 0.8237
vn -0.7808 0.2316 0.5802
vn -0.0324 0.3791 0.9248
vn 0.6882 0.3981 0.6066
vn 0.9069 0.3863 0.1684
vn -0.3480 0.7655 0.5412
vn 0.7362 0.6765 -0.0166
vn -0.1138 0.9840 -0.1369
vn 0.3414 0.8957 0.2848
vn 0.9136 0.4021 0.0608
vn -0.8618 0.5070 -0.0152
vn -0.6218 0.7013 0.3486
vn -0.9733 0.1783 0.1443
vn 0.1088 -0.9400 -0.3232
vn -0.5827 -0.5737 -0.5756
vn 0.0820 -0.7090 -0.7004
vn 0.0445 -0.1455 -0.9884
vn -0.5306 -0.7188 -0.4492
vn -0.5658 -0.2343 -0.7906
vn -0.1065 0.0006 -0.9943
vn 0.0116 0.2092 -0.9778
vn -0.7130 0.6005 -0.3619
vn -0.1066 0.9228 -0.3702
vn -0.6292 0.4264 -0.6498
vn -0.0584 0.5052 -0.8610
vn -0.0001 0.0007 -1.0000
vn -0.1123 -0.4968 -0.8606
vn -0.3005 -0.0604 -0.9519
vn -0.6054 0.0915 -0.7907
vn -0.0004 0.0006 -1.0000
vn 0.0010 -0.0084 -1.0000
vn -0.1109 0.9915 -0.0679
vn -0.1080 0.9515 -0.2881
vn -0.8401 0.4246 -0.3377
vn -0.7048 0.4845 -0.5181
vn -0.0853 0.7375 -0.6699
vn -0.0295 0.2547 -0.9666
vn 0.0317 -0.2743 -0.9611
vn -0.1395 0.0289 -0.9898
vn 0.0232 -0.0344 -0.9991
vn -0.0884 0.9915 -0.0950
vn 0.1087 -0.9400 -0.3232
vn 0.6984 -0.4256 -0.5754
vn 0.7312 -0.5593 -0.3905
vn -0.0137 -0.1522 -0.9883
vn 0.0315 -0.0275 -0.9991
vn 0.6093 -0.2335 -0.7578
vn -0.0462 0.3499 -0.9356
vn 0.5577 0.7000 -0.4461
vn -0.0578 0.2012 -0.9778
vn 0.3062 0.0109 -0.9519
vn -0.1121 0.9510 -0.2881
vn -0.1184 0.9906 -0.0679
vn 0.7209 0.6052 -0.3377
vn 0.5735 0.5409 -0.6152
vn 0.4833 0.3143 -0.8171
vn 0.1292 0.0601 -0.9898
vn -0.1403 0.9855 -0.0950
vn 0.4983 0.0956 0.8617
vn 0.8537 0.0710 0.5159
vn 0.8467 0.1317 0.5156
vn 0.5293 0.4254 0.7341
vn 0.8213 0.2418 0.5168
vn 0.8210 0.3357 0.4617
vn 0.4828 0.1804 0.8569
vn 0.8437 0.1762 0.5071
vn 0.5730 0.0419 0.8185
vn 0.8645 -0.0067 0.5026
vn 0.2903 0.1556 0.9442
vn 0.5445 0.3069 0.7806
vn 0.2739 0.2661 0.9242
vn 0.2969 0.4193 0.8579
vn 0.6248 -0.1597 0.7643
vn 0.3442 -0.0071 0.9389
vn 0.4169 -0.1794 0.8911
vn 0.3037 0.0902 0.9485
vn 0.2635 -0.2687 0.9265
vn 0.2180 -0.0330 0.9754
vn 0.0221 0.4031 0.9149
vn -0.0277 0.2390 0.9706
vn 0.0340 0.2448 0.9690
vn 0.1849 0.2481 0.9509
vn 0.1897 0.1492 0.9705
vn 0.0730 0.3975 0.9147
vn 0.0807 0.2574 0.9629
vn 0.1754 0.4128 0.8938
vn -0.0404 0.4161 0.9084
vn -0.0057 0.6185 0.7858
vn -0.0718 0.6207 0.7807
vn 0.9659 0.1832 0.1829
vn 0.8441 0.4544 0.2847
vn 0.9761 0.1397 0.1665
vn 0.5297 0.5883 0.6110
vn 0.8332 0.4069 0.3744
vn -0.0136 0.1177 0.9930
vn 0.0460 0.1248 0.9911
vn 0.1070 0.1347 0.9851
vn 0.1726 -0.2621 0.9495
vn 0.2041 0.0820 0.9755
vn 0.1339 -0.0780 0.9879
vn 0.0502 0.0411 0.9979
vn 0.0091 -0.0790 0.9968
vn 0.0673 -0.0763 0.9948
vn 0.1058 -0.2675 0.9577
vn 0.1181 0.0620 0.9911
vn 0.0296 -0.2558 0.9663
vn 0.0471 0.6133 0.7885
vn -0.0066 0.0305 0.9995
vn 0.9176 -0.1991 0.3440
vn 0.8434 0.4343 0.3162
vn 0.9858 0.1024 0.1330
vn 0.9822 0.1160 0.1480
vn 0.8332 -0.2712 -0.4819
vn 0.9345 -0.1259 -0.3329
vn 0.9803 0.1269 0.1516
vn 0.9797 0.1289 0.1534
vn 0.9998 -0.0147 0.0119
vn 0.8044 0.5174 -0.2919
vn 0.9777 0.1558 0.1410
vn 0.8934 0.1907 -0.4068
vn 0.9510 -0.1693 -0.2588
vn 0.9855 0.1245 0.1154
vn 0.8733 0.2114 -0.4390
vn 0.9790 0.1382 0.1498
vn 0.4772 0.8340 -0.2771
vn 0.9713 0.2128 0.1066
vn 0.9764 0.1642 0.1406
vn 0.7683 0.5828 -0.2648
vn 0.9781 0.1287 0.1636
vn 0.9784 0.1297 0.1609
vn 0.9784 0.1297 0.1612
vn 0.9783 0.1297 0.1613
vn 0.9784 0.1296 0.1607
vn 0.9783 0.1297 0.1616
vn 0.9783 0.1299 0.1617
vn 0.9783 0.1297 0.1618
vn 0.9782 0.1304 0.1617
vn 0.9791 0.1291 0.1572
vn 0.9782 0.1302 0.1619
vn 0.9916 0.1258 0.0306
vn 0.8957 0.1450 -0.4203
vn 0.9861 0.1219 0.1125
vn 0.9828 0.1321 0.1287
vn 0.9603 -0.2773 0.0287
vn 0.8250 0.4325 -0.3637
vn 0.9815 0.1379 0.1325
vn 0.9801 0.1261 0.1533
vn 0.8309 0.0130 -0.5563
vn 0.9798 0.1306 0.1515
vn 0.9294 0.0774 -0.3608
vn 0.9796 0.1303 0.1527
vn 0.9793 0.1291 0.1559
vn 0.9877 -0.0731 -0.1379
vn 0.9782 0.1297 0.1619
vn 0.9795 0.1284 0.1553
vn 0.9143 -0.2110 -0.3457
vn 0.6370 -0.7380 -0.2228
vn 0.8842 -0.1799 -0.4311
vn 0.9785 0.1302 0.1600
vn 0.9781 0.1299 0.1623
vn 0.9782 0.1298 0.1621
vn 0.9782 0.1297 0.1622
vn 0.9782 0.1298 0.1622
vn 0.9782 0.1297 0.1620
vn 0.9782 0.1296 0.1621
vn 0.2446 -0.5956 0.7651
vn 0.3467 -0.5682 0.7463
vn 0.1661 -0.6057 0.7782
vn 0.0706 -0.6106 0.7888
vn 0.0898 -0.7764 0.6238
vn 0.1893 -0.7649 0.6157
vn 0.2803 -0.7601 0.5863
vn 0.2136 -0.8550 0.4725
vn 0.2913 -0.8322 0.4717
vn 0.2110 -0.8558 0.4724
vn 0.1012 -0.8748 0.4737
vn 0.1012 -0.8750 0.4733
vn 0.3755 -0.7356 0.5639
vn 0.9304 -0.2079 0.3020
vn 0.8643 -0.3287 0.3806
vn 0.8538 -0.1320 0.5036
vn 0.6902 -0.3565 0.6297
vn 0.5307 -0.4781 0.6999
vn 0.5023 -0.6570 0.5622
vn 0.6200 -0.5745 0.5344
vn 0.3032 -0.8282 0.4714
vn 0.3783 -0.7981 0.4690
vn 0.7212 -0.5485 0.4231
vn 0.6542 -0.5888 0.4747
vn 0.4664 -0.7521 0.4656
vn 0.3831 -0.7962 0.4683
vn 0.4801 -0.7407 0.4700
vn 0.5570 -0.6864 0.4676
vn 0.5353 -0.7081 0.4604
vn 0.5936 -0.6628 0.4565
vn 0.6499 -0.5938 0.4744
vn -0.0920 0.7954 0.5990
vn -0.0166 0.7382 0.6744
vn -0.0208 0.8034 0.5951
vn -0.1271 0.7520 0.6467
vn -0.0237 0.8766 0.4807
vn -0.1007 0.8705 0.4817
vn -0.0244 0.8767 0.4804
vn 0.3136 0.6284 0.7119
vn 0.1725 0.6077 0.7752
vn 0.8344 0.4656 0.2949
vn 0.5939 0.6948 0.4056
vn 0.5550 0.6876 0.4681
vn 0.3390 0.7440 0.5757
vn 0.3221 0.8205 0.4722
vn 0.0453 0.7399 0.6712
vn 0.1730 0.7332 0.6576
vn 0.1019 0.8039 0.5860
vn 0.0380 0.8043 0.5930
vn 0.2340 0.7872 0.5706
vn 0.2679 0.7909 0.5502
vn 0.0530 0.8767 0.4781
vn 0.0472 0.8761 0.4799
vn 0.6363 0.6671 0.3873
vn 0.3167 0.8278 0.4631
vn 0.2632 0.8414 0.4720
vn 0.2509 0.8454 0.4716
vn 0.1698 0.8636 0.4747
vn 0.1237 0.8714 0.4748
vn 0.2182 0.8559 0.4689
vn -0.8186 -0.1774 0.5462
vn -0.5081 -0.0106 0.8612
vn -0.8544 -0.0651 0.5156
vn -0.8357 0.0323 0.5482
vn -0.6086 0.3085 0.7310
vn -0.8760 0.1394 0.4617
vn -0.5131 0.0774 0.8548
vn -0.8616 -0.0210 0.5071
vn -0.5893 -0.1266 0.7980
vn -0.8401 -0.2039 0.5026
vn -0.5744 -0.2528 0.7785
vn -0.3104 0.0973 0.9456
vn -0.5988 0.1802 0.7804
vn -0.3848 0.3404 0.8580
vn -0.3574 -0.0817 0.9304
vn -0.3650 -0.2698 0.8911
vn -0.3282 0.0234 0.9443
vn -0.2051 -0.2906 0.9346
vn -0.2047 -0.0819 0.9754
vn -0.1022 0.3908 0.9148
vn -0.2367 0.1994 0.9509
vn -0.2694 0.3432 0.8998
vn -0.2177 0.1059 0.9702
vn -0.3297 0.2231 0.9173
vn -0.0810 0.2761 0.9577
vn -0.1619 0.3704 0.9147
vn -0.1489 0.2167 0.9648
vn -0.1357 0.6034 0.7858
vn -0.9822 -0.0421 0.1829
vn -0.9255 0.2497 0.2847
vn -0.9187 0.2628 0.2949
vn -0.6503 0.4670 0.5993
vn -0.9041 0.2059 0.3744
vn -0.0698 0.1167 0.9907
vn -0.1298 -0.2952 0.9466
vn -0.2311 0.0308 0.9724
vn -0.1124 -0.1063 0.9880
vn -0.1251 0.0286 0.9917
vn -0.1393 0.1201 0.9829
vn -0.0604 0.0295 0.9977
vn -0.0481 -0.0897 0.9948
vn -0.2240 0.5777 0.7849
vn -0.9805 -0.0920 -0.1738
vn -0.7420 -0.5377 0.4004
vn -0.9850 -0.0561 -0.1633
vn -0.9086 0.2347 0.3456
vn -0.9900 0.0224 -0.1395
vn -0.7246 -0.5249 -0.4466
vn -0.9833 -0.1002 0.1516
vn -0.8642 -0.3540 -0.3576
vn -0.9833 -0.0982 0.1534
vn -0.9642 0.2650 -0.0032
vn -0.9925 -0.1036 0.0647
vn -0.8934 0.2497 -0.3735
vn -0.8779 0.0685 -0.4739
vn -0.8716 -0.0561 -0.4870
vn -0.9879 -0.1038 0.1154
vn -0.9879 -0.1065 0.1125
vn -0.9847 -0.0890 0.1498
vn -0.6550 0.7030 -0.2771
vn -0.9942 -0.0147 0.1064
vn -0.8536 0.4912 -0.1735
vn -0.9822 -0.0971 0.1607
vn -0.9817 -0.0980 0.1636
vn -0.9822 -0.0971 0.1609
vn -0.9821 -0.0971 0.1612
vn -0.9822 -0.0972 0.1607
vn -0.9821 -0.0971 0.1613
vn -0.9821 -0.0971 0.1616
vn -0.9821 -0.0969 0.1617
vn -0.9821 -0.0964 0.1617
vn -0.9821 -0.0965 0.1616
vn -0.9827 -0.0979 0.1572
vn -0.9829 -0.0979 0.1559
vn -0.8683 -0.4218 -0.2611
vn -0.8726 -0.1222 -0.4729
vn -0.9900 -0.0920 0.1072
vn -0.9986 0.0004 0.0521
vn -0.9871 -0.0898 0.1324
vn -0.8842 -0.1200 -0.4514
vn -0.7257 -0.3230 -0.6075
vn -0.9830 -0.1010 0.1533
vn -0.9309 -0.2937 -0.2174
vn -0.9837 -0.0967 0.1516
vn -0.9835 -0.0968 0.1527
vn -0.9820 -0.0971 0.1618
vn -0.9820 -0.0970 0.1619
vn -0.9820 -0.0971 0.1620
vn -0.9830 -0.0987 0.1550
vn -0.4517 -0.8639 -0.2228
vn -0.5174 -0.8311 -0.2038
vn -0.9125 -0.3967 0.0994
vn -0.9823 -0.0965 0.1605
vn -0.9820 -0.0968 0.1623
vn -0.9820 -0.0970 0.1621
vn -0.9820 -0.0969 0.1622
vn -0.9820 -0.0970 0.1622
vn -0.9820 -0.0971 0.1621
vn -0.1174 -0.6345 0.7640
vn -0.2078 -0.6324 0.7463
vn -0.0293 -0.6304 0.7757
vn -0.0423 -0.3497 0.9359
vn -0.0095 -0.7879 0.6157
vn -0.0994 -0.8040 0.5863
vn -0.0936 -0.8768 0.4717
vn -0.0129 -0.8812 0.4725
vn -0.0098 -0.8813 0.4724
vn -0.9426 -0.1162 -0.3132
vn -0.8386 -0.3411 0.4248
vn -0.8583 -0.4148 0.3020
vn -0.7665 -0.5173 0.3807
vn -0.5864 -0.5043 0.6339
vn -0.3441 -0.6190 0.7060
vn -0.1976 -0.8019 0.5639
vn -0.3390 -0.7543 0.5622
vn -0.1061 -0.8755 0.4714
vn -0.1861 -0.8634 0.4690
vn -0.1912 -0.8626 0.4683
vn -0.5769 -0.6987 0.4231
vn -0.5323 -0.6910 0.4890
vn -0.4725 -0.7008 0.5344
vn -0.4972 -0.7265 0.4744
vn -0.2823 -0.8387 0.4656
vn -0.3856 -0.7954 0.4676
vn -0.2983 -0.8307 0.4700
vn -0.4266 -0.7808 0.4565
vn -0.3595 -0.8116 0.4605
vn -0.1523 0.7225 0.6744
vn -0.1771 0.8588 0.4807
vn -0.1764 0.8592 0.4804
vn -0.4594 0.5391 0.7059
vn -0.3194 0.5155 0.7952
vn -0.7368 0.5409 0.4056
vn -0.7719 0.5042 0.3873
vn -0.7125 0.5232 0.4675
vn -0.4800 0.6584 0.5798
vn -0.5009 0.7253 0.4722
vn -0.2130 0.7100 0.6712
vn -0.1632 0.7869 0.5951
vn -0.3358 0.6744 0.6576
vn -0.2827 0.7594 0.5859
vn -0.4075 0.7129 0.5706
vn -0.4414 0.7088 0.5502
vn -0.4552 0.7494 0.4809
vn -0.2517 0.8414 0.4782
vn -0.4973 0.7336 0.4631
vn -0.4484 0.7591 0.4720
vn -0.4373 0.7657 0.4716
vn -0.3625 0.8021 0.4747
vn -0.4079 0.7834 0.4689
vn -0.3194 0.8201 0.4748
vn -0.2460 0.8421 0.4799
vn 0.9718 0.1479 -0.1836
vn 0.8072 0.1213 -0.5777
vn 0.8202 0.2095 -0.5323
vn 0.8101 -0.2404 -0.5347
vn 0.2666 -0.1821 -0.9464
vn 0.7669 -0.0782 -0.6370
vn 0.2114 0.0717 -0.9748
vn 0.2609 0.2675 -0.9276
vn 0.1568 0.3059 -0.9390
vn 0.1735 0.0683 -0.9825
vn 0.1106 -0.3863 -0.9157
vn 0.0234 -0.2021 -0.9791
vn 0.0752 -0.1950 -0.9779
vn 0.1959 -0.0259 -0.9803
vn 0.3400 -0.3264 -0.8820
vn 0.2012 -0.1695 -0.9648
vn 0.1847 -0.0861 -0.9790
vn 0.2191 -0.0874 -0.9718
vn 0.1473 -0.3682 -0.9180
vn 0.1159 -0.1972 -0.9735
vn 0.2243 -0.3623 -0.9047
vn 0.0624 -0.4204 -0.9052
vn 0.1289 -0.5919 -0.7956
vn 0.0700 -0.6048 -0.7933
vn 0.0114 -0.0988 -0.9950
vn 0.0615 -0.0932 -0.9937
vn 0.1135 -0.0897 -0.9895
vn 0.0939 0.0747 -0.9928
vn 0.0910 0.2751 -0.9571
vn 0.1833 -0.0281 -0.9827
vn 0.0488 -0.0239 -0.9985
vn -0.0077 0.0662 -0.9978
vn 0.0403 0.0752 -0.9963
vn 0.0343 0.2656 -0.9635
vn 0.1084 -0.0281 -0.9937
vn -0.0277 0.2391 -0.9706
vn 0.1782 -0.5829 -0.7928
vn 0.0004 -0.0262 -0.9997
vn 0.9697 0.1348 -0.2038
vn 0.8365 0.1905 -0.5138
vn 0.9753 0.1469 -0.1651
vn 0.8289 0.3132 -0.4635
vn 0.0925 0.5878 -0.8037
vn 0.1897 0.6010 -0.7764
vn 0.0239 0.5668 -0.8235
vn -0.0615 0.5317 -0.8447
vn -0.0687 0.5898 -0.8046
vn 0.0320 0.5600 -0.8279
vn 0.1101 0.6045 -0.7890
vn 0.0128 0.8832 -0.4689
vn 0.0679 0.9534 -0.2939
vn -0.0073 0.9453 -0.3262
vn -0.1014 0.8768 -0.4700
vn -0.1098 0.9495 -0.2940
vn 0.2056 0.6237 -0.7541
vn 0.9280 0.2746 -0.2517
vn 0.9683 0.1618 -0.1902
vn 0.5862 0.3128 -0.7474
vn 0.3587 0.5831 -0.7289
vn 0.3586 0.6428 -0.6769
vn 0.5653 0.5903 -0.5762
vn 0.1064 0.8774 -0.4677
vn 0.1659 0.9306 -0.3263
vn -0.0992 0.9941 -0.0448
vn 0.1915 0.8645 -0.4647
vn 0.2986 0.8327 -0.4663
vn 0.3864 0.7974 -0.4636
vn 0.4987 0.7935 -0.3489
vn 0.9140 0.4026 -0.0493
vn 0.8249 0.4489 -0.3435
vn 0.9595 0.1934 -0.2048
vn -0.1911 -0.3931 -0.8994
vn 0.1448 -0.6804 -0.7184
vn 0.1275 -0.5471 -0.8273
vn 0.0168 -0.7395 -0.6729
vn 0.1775 -0.8608 -0.4770
vn 0.1020 -0.8815 -0.4610
vn 0.1773 -0.8806 -0.4394
vn 0.4084 -0.5594 -0.7213
vn 0.2644 -0.5666 -0.7804
vn 0.2037 -0.6754 -0.7088
vn -0.0236 0.2038 -0.9787
vn 0.0625 0.0410 -0.9972
vn 0.1232 0.0376 -0.9917
vn 0.1807 0.0282 -0.9831
vn 0.3915 -0.0324 -0.9196
vn 0.8720 -0.1349 -0.4705
vn 0.9822 -0.1861 0.0265
vn 0.9938 -0.0469 -0.1007
vn 0.8565 0.1742 0.4858
vn 0.1412 0.5883 0.7962
vn -0.0911 0.6298 0.7714
vn -0.1101 0.6227 0.7747
vn -0.1029 0.6152 0.7817
vn -0.0709 0.6130 0.7869
vn 0.8012 0.0546 -0.5960
vn 0.6230 -0.0559 -0.7802
vn 0.9763 0.1287 -0.1743
vn 0.8507 0.1453 -0.5052
vn 0.8628 0.0610 -0.5018
vn 0.4879 -0.0020 -0.8729
vn 0.4906 0.1097 -0.8645
vn 0.2636 0.2761 -0.9243
vn 0.9688 0.0796 -0.2347
vn 0.8006 -0.4110 -0.4359
vn 0.2489 -0.6039 -0.7572
vn 0.8029 -0.3760 -0.4625
vn 0.8145 -0.2407 -0.5279
vn 0.9654 0.0974 -0.2417
vn 0.8546 -0.4097 -0.3189
vn 0.9911 0.0275 -0.1305
vn 0.9767 -0.0343 -0.2120
vn 0.2318 -0.7705 -0.5938
vn 0.7673 -0.4831 -0.4217
vn 0.9755 0.0811 -0.2044
vn 0.9718 0.2112 -0.1046
vn 0.9686 0.1621 -0.1885
vn 0.5718 0.7107 -0.4097
vn 0.9824 0.0973 -0.1592
vn 0.9931 0.1045 -0.0541
vn 0.5754 0.1020 0.8115
vn 0.0790 0.5910 -0.8028
vn -0.0307 0.8716 -0.4892
vn -0.0251 0.9988 0.0428
vn 0.1653 -0.8536 -0.4940
vn 0.6914 -0.6192 -0.3723
vn 0.8709 -0.4643 -0.1609
vn 0.9763 -0.0566 -0.2089
vn 0.9624 -0.0102 0.2714
vn 0.5281 -0.1445 0.8368
vn 0.9905 0.0823 -0.1099
vn 0.2328 -0.9349 -0.2680
vn 0.8966 -0.3484 -0.2732
vn 0.9763 -0.0655 -0.2064
vn 0.9722 -0.0772 -0.2211
vn 0.8800 -0.3438 -0.3278
vn 0.1721 -0.9110 -0.3747
vn 0.9822 0.0991 -0.1596
vn 0.9929 0.1036 -0.0577
vn 0.9823 0.0971 -0.1604
vn 0.9824 0.0972 -0.1596
vn 0.6041 0.0986 0.7908
vn 0.2558 -0.4208 -0.8704
vn 0.8523 -0.0919 -0.5149
vn 0.9823 0.0971 -0.1602
vn 0.9282 -0.3485 0.1306
vn 0.9193 0.3667 -0.1430
vn 0.9706 -0.1889 -0.1494
vn 0.9910 0.1242 -0.0505
vn 0.9823 0.0971 -0.1601
vn 0.9769 -0.1588 0.1432
vn 0.7944 0.4783 -0.3744
vn 0.7011 0.0847 0.7080
vn 0.7132 -0.5312 0.4574
vn 0.6062 0.7373 0.2980
vn 0.5266 0.8466 -0.0771
vn 0.4936 0.8663 -0.0771
vn 0.4797 -0.8750 -0.0655
vn 0.7123 -0.1086 -0.6935
vn 0.3117 -0.0962 -0.9453
vn 0.9563 -0.0762 -0.2821
vn 0.9863 0.0618 -0.1527
vn 0.9558 0.2256 -0.1884
vn 0.5698 0.6775 -0.4651
vn 0.5981 -0.5866 -0.5460
vn 0.0871 -0.7530 0.6523
vn 0.1387 -0.7448 0.6527
vn -0.0248 0.2145 -0.9764
vn -0.0072 0.2193 -0.9756
vn 0.4798 -0.6644 -0.5731
vn 0.3177 -0.6629 -0.6779
vn 0.2501 -0.5354 -0.8067
vn -0.1435 -0.3766 -0.9152
vn 0.1296 -0.3485 -0.9283
vn 0.0049 0.4107 -0.9118
vn 0.4320 -0.3315 -0.8387
vn 0.5069 0.3181 -0.8012
vn 0.6106 -0.3386 -0.7159
vn 0.8669 0.2346 -0.4399
vn 0.2523 -0.8433 -0.4745
vn 0.2540 -0.8685 -0.4256
vn 0.4781 -0.7359 -0.4795
vn 0.2058 -0.7230 0.6595
vn 0.3419 -0.8381 -0.4250
vn -0.0111 0.2003 -0.9797
vn 0.9963 0.0118 -0.0850
vn 0.5202 -0.7267 -0.4488
vn 0.9067 -0.2846 0.3113
vn 0.4271 -0.7826 -0.4529
vn 0.3624 -0.8042 -0.4711
vn 0.4886 -0.7443 -0.4553
vn 0.4414 -0.7649 -0.4692
vn -0.7826 0.1034 -0.6138
vn -0.9742 -0.0976 -0.2033
vn -0.8463 0.0161 -0.5325
vn -0.2108 -0.2469 -0.9458
vn -0.7744 -0.3298 -0.5399
vn -0.7287 -0.2516 -0.6369
vn -0.2382 0.0297 -0.9708
vn -0.3151 0.2008 -0.9276
vn -0.2337 0.2247 -0.9460
vn -0.1845 0.0268 -0.9825
vn 0.0027 -0.4031 -0.9151
vn -0.1915 -0.0705 -0.9790
vn -0.2692 -0.4168 -0.8682
vn -0.1571 -0.2110 -0.9648
vn -0.1520 -0.3805 -0.9122
vn -0.1586 -0.1291 -0.9789
vn -0.1934 -0.1351 -0.9718
vn -0.0131 -0.2445 -0.9696
vn -0.0593 -0.3921 -0.9180
vn -0.0808 -0.2073 -0.9749
vn 0.0096 -0.6057 -0.7956
vn -0.0346 -0.1088 -0.9935
vn -0.1085 0.0512 -0.9928
vn -0.1839 -0.0700 -0.9804
vn -0.0968 -0.0473 -0.9942
vn -0.0910 -0.1252 -0.9879
vn -0.0436 -0.0356 -0.9984
vn -0.0564 0.0641 -0.9963
vn -0.1296 0.2721 -0.9535
vn -0.0622 -0.6111 -0.7891
vn -0.9749 -0.0902 -0.2038
vn -0.9190 0.0704 -0.3879
vn -0.7773 0.1494 -0.6111
vn -0.9823 -0.0799 -0.1696
vn -0.8585 -0.0883 -0.5052
vn -0.8784 0.1151 -0.4638
vn -0.2467 0.5482 -0.7991
vn -0.3219 0.5418 -0.7764
vn -0.1683 0.5506 -0.8176
vn -0.1138 0.3362 -0.9349
vn -0.1588 0.5379 -0.8279
vn -0.2453 0.5633 -0.7890
vn -0.6763 0.7161 0.1725
vn -0.2142 0.8569 -0.4689
vn -0.2090 0.9219 -0.3262
vn -0.9648 0.2390 -0.1097
vn -0.9797 -0.0635 -0.1902
vn -0.4247 0.5248 -0.7377
vn -0.1007 0.4530 -0.8858
vn -0.2737 0.3957 -0.8766
vn -0.3039 0.8300 -0.4677
vn -0.3738 0.8682 -0.3263
vn -0.3839 0.7980 -0.4647
vn -0.8127 0.0035 -0.5827
vn -0.9314 0.1673 -0.3233
vn -0.7388 0.6066 -0.2936
vn -0.5582 0.6881 -0.4636
vn -0.4808 0.7425 -0.4663
vn -0.8791 0.3389 -0.3351
vn -0.9783 -0.0308 -0.2048
vn -0.7823 0.5548 0.2834
vn 0.0146 -0.6955 -0.7184
vn 0.0237 -0.8786 -0.4770
vn 0.0252 -0.8980 -0.4394
vn -0.2832 -0.6370 -0.7169
vn -0.1422 -0.5869 -0.7971
vn -0.0441 -0.7041 -0.7088
vn -0.0702 0.0257 -0.9972
vn -0.1286 0.0085 -0.9917
vn -0.1824 -0.0138 -0.9831
vn -0.3738 -0.1209 -0.9196
vn -0.8182 -0.3304 -0.4705
vn -0.9569 -0.2726 -0.1007
vn -0.9137 -0.4054 0.0265
vn -0.8737 -0.0259 0.4858
vn -0.2718 0.5405 0.7962
vn -0.0551 0.6340 0.7714
vn -0.0403 0.6224 0.7817
vn -0.7924 -0.1300 -0.5960
vn -0.9693 -0.1347 -0.2057
vn -0.7455 -0.1783 -0.6422
vn -0.4746 -0.1133 -0.8729
vn -0.5026 -0.0052 -0.8645
vn -0.3197 0.2086 -0.9243
vn -0.2118 0.5573 -0.8028
vn -0.7256 -0.5499 -0.4138
vn -0.9526 -0.1995 -0.2298
vn -0.6836 -0.5444 -0.4862
vn -0.1044 -0.6448 -0.7572
vn -0.7380 -0.4203 -0.5279
vn -0.9556 -0.1658 -0.2435
vn -0.9732 -0.1900 -0.1298
vn -0.7777 -0.5048 -0.3746
vn -0.9431 -0.2564 -0.2119
vn -0.6387 -0.6465 -0.4172
vn -0.0497 -0.8030 -0.5938
vn -0.9683 -0.1437 -0.2044
vn -0.9559 0.1992 0.2158
vn -0.9016 0.2522 -0.3514
vn -0.9787 -0.1296 -0.1592
vn -0.9909 -0.1233 -0.0542
vn -0.5835 -0.0320 0.8115
vn -0.9800 -0.0633 -0.1885
vn -0.1692 0.8556 -0.4892
vn -0.2036 0.9781 0.0428
vn -0.6431 -0.7230 -0.2526
vn 0.0340 -0.8688 -0.4940
vn -0.8443 -0.4473 -0.2952
vn -0.9376 -0.2780 -0.2088
vn -0.4812 -0.2612 0.8368
vn -0.9627 -0.2409 -0.1232
vn -0.9838 -0.1427 -0.1084
vn -0.0132 -0.9633 -0.2680
vn -0.7931 -0.5438 -0.2742
vn -0.9355 -0.2866 -0.2064
vn -0.7782 -0.5356 -0.3278
vn -0.9289 -0.2972 -0.2211
vn 0.0405 -0.9263 -0.3747
vn -0.9789 -0.1278 -0.1597
vn -0.9903 -0.1268 -0.0576
vn -0.6054 -0.0503 0.7943
vn -0.9785 -0.1297 -0.1604
vn -0.9786 -0.1297 -0.1596
vn -0.9915 -0.1256 -0.0348
vn -0.6104 -0.0419 0.7910
vn -0.1527 -0.4680 -0.8704
vn -0.6460 -0.4080 -0.6452
vn -0.9785 -0.1297 -0.1602
vn -0.9917 -0.0501 -0.1186
vn -0.8486 -0.4322 -0.3051
vn -0.9787 0.1471 -0.1430
vn -0.9846 0.0848 -0.1530
vn -0.9785 -0.1298 -0.1601
vn -0.9777 -0.1837 -0.1021
vn -0.5731 -0.6799 0.4574
vn -0.7586 0.5795 0.2980
vn -0.7060 0.7040 -0.0771
vn -0.6783 0.7307 -0.0771
vn -0.2672 -0.9614 -0.0655
vn -0.7176 -0.5631 -0.4099
vn -0.8303 -0.1646 -0.5324
vn -0.2815 -0.1648 -0.9453
vn -0.7809 -0.1430 -0.6081
vn -0.9161 -0.2737 -0.2930
vn -0.9746 -0.1042 -0.1980
vn -0.9821 0.0014 -0.1884
vn -0.7094 0.5296 -0.4651
vn -0.4484 -0.7077 -0.5460
vn 0.0351 -0.7568 0.6527
vn -0.2541 -0.3528 -0.9006
vn -0.2920 -0.7669 -0.5714
vn -0.1580 -0.7180 -0.6779
vn -0.1153 -0.5783 -0.8076
vn -0.0986 0.3987 -0.9118
vn -0.2830 -0.7099 -0.6450
vn -0.3675 -0.7829 -0.5020
vn -0.5661 0.1940 -0.8012
vn -0.8975 0.0305 -0.4399
vn -0.4158 -0.8414 -0.3452
vn -0.9745 -0.1966 -0.1078
vn -0.0531 -0.8787 -0.4745
vn -0.2975 -0.8256 -0.4795
vn -0.0353 -0.7509 0.6595
vn -0.1411 -0.8941 -0.4250
vn -0.2985 -0.6757 0.6740
vn -0.5675 -0.8011 0.1903
vn -0.3267 -0.3214 -0.8888
vn -0.0431 0.2152 -0.9756
vn -0.0349 0.1975 -0.9797
vn -0.9727 -0.2160 -0.0850
vn -0.8178 -0.4841 0.3113
vn -0.4286 -0.8992 -0.0884
vn -0.3058 -0.8362 -0.4553
vn -0.2551 -0.8454 -0.4692
vn -0.1692 -0.8657 -0.4711
vn -0.1770 -0.9778 -0.1117
vn -0.6492 -0.7521 -0.1138
vn 0.4677 -0.6088 -0.6408
vn -0.5571 -0.6453 0.5227
vn 0.0912 -0.7921 -0.6036
vn 0.1162 -0.9792 -0.1664
vn -0.2160 -0.6668 -0.7132
vn -0.3297 -0.9433 -0.0389
vn 0.3633 -0.5980 -0.7144
vn 0.1227 -0.8992 -0.4200
vn 0.6112 -0.7208 -0.3268
vn -0.1933 -0.9808 0.0263
vn -0.4416 -0.8747 -0.1997
vn 0.2448 -0.9667 -0.0748
vn -0.1575 -0.8061 -0.5704
vn -0.4385 -0.8482 -0.2969
vn 0.1036 -0.8954 0.4331
vn 0.4413 -0.8472 0.2958
vn 0.5657 -0.8246 -0.0000
vn -0.2087 -0.9288 0.3061
vn -0.0532 0.9949 0.0851
vn 0.0165 0.9968 0.0777
vn -0.0535 0.9936 0.0994
vn -0.1144 0.9892 0.0916
vn 0.0086 0.9969 0.0781
vn 0.0572 0.9982 0.0149
vn -0.1712 0.9833 0.0617
vn 0.0232 0.9990 0.0370
vn 0.1688 -0.9233 -0.3450
vn 0.0745 -0.6448 -0.7607
vn 0.1208 -0.6576 -0.7436
vn 0.1125 -0.9724 -0.2043
vn 0.0616 -0.9266 -0.3709
vn 0.1919 -0.9745 -0.1160
vn 0.1134 -0.9801 0.1630
vn 0.1139 -0.9849 -0.1302
vn 0.0370 -0.3195 -0.9469
vn 0.0555 -0.3403 -0.9387
vn 0.7548 0.2158 0.6194
vn 0.9685 0.1979 0.1511
vn 0.7776 0.2050 0.5944
vn -0.0653 0.5527 0.8308
vn -0.5911 0.3062 0.7462
vn 0.0501 0.3145 0.9479
vn 0.1418 0.1953 0.9704
vn -0.3288 0.1489 0.9326
vn 0.1799 0.1767 0.9677
vn 0.1893 -0.9609 -0.2019
vn 0.1575 -0.9228 -0.3515
vn 0.1634 -0.9616 -0.2206
vn 0.1238 -0.6896 -0.7136
vn 0.0716 -0.3659 -0.9279
vn 0.8936 0.4361 -0.1058
vn 0.9350 -0.0743 -0.3467
vn 0.9394 -0.0806 -0.3332
vn 0.9404 -0.0797 -0.3307
vn 0.8841 0.4597 -0.0844
vn 0.8894 0.4098 0.2023
vn 0.3402 -0.7553 -0.5602
vn 0.3550 -0.8677 -0.3480
vn 0.3111 -0.5717 -0.7592
vn 0.2401 -0.0127 -0.9707
vn 0.9163 0.0445 -0.3980
vn 0.9009 0.1250 -0.4156
vn 0.2739 -0.3017 -0.9132
vn 0.2090 0.2825 -0.9362
vn 0.8704 0.2830 -0.4028
vn 0.1463 0.6042 -0.7833
vn 0.9628 -0.2647 -0.0539
vn 0.9667 -0.1439 0.2118
vn 0.5710 0.6108 -0.5485
vn 0.9680 -0.2328 -0.0936
vn 0.7741 0.5100 -0.3752
vn 0.9728 -0.0715 0.2201
vn 0.9137 0.1717 0.3684
vn 0.6865 0.4585 -0.5644
vn 0.9040 0.3928 0.1689
vn 0.0742 0.8282 -0.5555
vn 0.0416 0.9570 -0.2870
vn 0.9711 0.2130 0.1077
vn 0.9732 0.0807 0.2152
vn 0.9897 0.0881 0.1124
vn 0.2296 0.3007 -0.9257
vn 0.8720 -0.2985 -0.3880
vn 0.4440 -0.3159 -0.8385
vn 0.9217 0.3260 0.2104
vn 0.9100 -0.0169 -0.4143
vn 0.9081 -0.0836 -0.4103
vn 0.9043 -0.0131 -0.4266
vn 0.9473 0.2981 0.1177
vn 0.9521 0.0808 0.2950
vn 0.9638 -0.0567 0.2606
vn 0.8979 0.1330 -0.4195
vn 0.0816 0.9829 -0.1648
vn -0.0107 0.9447 -0.3277
vn 0.7135 0.6762 -0.1835
vn 0.0712 0.9744 -0.2131
vn 0.8792 0.3117 -0.3603
vn 0.2751 -0.2708 -0.9225
vn 0.2457 -0.0017 -0.9694
vn 0.2961 -0.5364 -0.7903
vn 0.7164 0.0997 -0.6905
vn 0.2033 0.2878 -0.9359
vn 0.8831 0.4662 -0.0529
vn 0.9077 -0.1606 -0.3877
vn 0.9150 -0.2110 -0.3438
vn 0.8794 0.4661 -0.0969
vn 0.3097 -0.7418 -0.5948
vn 0.3261 -0.8786 -0.3490
vn 0.8471 -0.3597 -0.3911
vn 0.5253 0.7658 -0.3710
vn 0.0510 0.9462 -0.3194
vn 0.2768 0.0314 -0.9604
vn 0.7974 0.0749 -0.5988
vn 0.2710 0.0069 -0.9626
vn 0.7623 -0.2622 -0.5918
vn 0.3473 -0.4755 -0.8083
vn 0.1549 -0.2851 -0.9459
vn -0.0516 0.3387 -0.9395
vn 0.0556 0.3245 -0.9443
vn -0.1416 0.3481 -0.9267
vn -0.0399 0.3451 -0.9377
vn -0.1090 0.9426 -0.3157
vn -0.1477 0.9319 -0.3312
vn -0.1750 0.9312 -0.3198
vn -0.1362 0.9391 -0.3155
vn 0.9696 0.2447 -0.0051
vn 0.9304 0.3577 -0.0802
vn 0.9883 0.1132 -0.1020
vn 0.9879 0.1078 -0.1112
vn 0.9627 0.2176 0.1608
vn 0.9695 0.1687 0.1779
vn -0.4511 0.2125 0.8668
vn 0.9678 0.2204 0.1216
vn 0.7832 0.2267 0.5790
vn 0.2019 0.1514 0.9676
vn 0.7670 0.3431 0.5422
vn 0.7912 0.3593 0.4948
vn 0.7478 0.4767 0.4621
vn 0.9921 0.1070 -0.0657
vn 0.8992 0.4373 0.0136
vn 0.9976 0.0120 -0.0678
vn 0.9593 -0.1660 0.2285
vn 0.9961 0.0875 0.0101
vn 0.9884 0.1178 -0.0958
vn 0.9865 0.1158 -0.1158
vn 0.9916 0.1203 -0.0466
vn 0.1163 -0.8943 -0.4321
vn 0.2296 -0.9665 -0.1144
vn 0.4532 -0.6874 -0.5675
vn -0.4320 0.9004 -0.0516
vn -0.6666 0.5979 -0.4451
vn -0.2985 0.9493 -0.0988
vn -0.1192 0.9782 -0.1701
vn -0.1399 0.7187 -0.6811
vn 0.1682 0.0902 -0.9816
vn 0.2961 0.7858 -0.5430
vn 0.7623 0.4068 -0.5034
vn 0.0735 0.8715 -0.4849
vn 0.0442 0.1589 -0.9863
vn -0.0339 0.2089 -0.9773
vn -0.0337 0.2917 -0.9559
vn -0.0315 0.8846 -0.4652
vn -0.0117 0.3126 -0.9498
vn 0.0196 0.8829 -0.4691
vn -0.0653 0.9972 -0.0354
vn 0.3571 0.9158 -0.1840
vn -0.1133 0.9897 -0.0875
vn 0.8090 0.4913 -0.3228
vn 0.3568 0.9151 -0.1878
vn 0.8709 0.4440 -0.2107
vn -0.0534 0.9906 -0.1263
vn 0.3814 0.8943 -0.2340
vn 0.8561 0.4553 -0.2447
vn 0.0122 0.9930 -0.1175
vn 0.9655 0.1712 0.1960
vn 0.9290 0.3560 0.1012
vn 0.9810 0.1024 0.1646
vn 0.9064 0.3682 -0.2073
vn 0.9061 -0.1923 -0.3768
vn 0.3096 -0.8728 -0.3773
vn 0.9135 0.0269 -0.4060
vn 0.9127 0.3206 -0.2535
vn 0.8307 0.2478 -0.4985
vn 0.4439 0.0981 -0.8907
vn 0.3321 0.1419 -0.9325
vn 0.5785 -0.4644 -0.6706
vn 0.6155 0.4382 -0.6551
vn 0.9450 0.2879 -0.1550
vn 0.9049 0.4214 -0.0597
vn 0.8927 0.4279 -0.1416
vn 0.9164 0.3054 -0.2589
vn 0.9381 0.2982 -0.1761
vn 0.9722 0.2280 -0.0531
vn 0.9593 0.2602 -0.1100
vn 0.9215 0.3857 0.0457
vn 0.9761 0.2167 -0.0180
vn 0.9233 0.3143 -0.2210
vn 0.9259 0.3078 -0.2188
vn 0.9254 0.3132 -0.2135
vn 0.9179 0.3103 -0.2474
vn -0.1127 0.9934 0.0214
vn -0.0376 0.9953 -0.0887
vn -0.1146 0.9908 -0.0714
vn -0.0079 0.9997 -0.0236
vn 0.1127 -0.1013 0.9884
vn 0.7521 -0.0550 0.6568
vn 0.7050 -0.0308 0.7085
vn 0.1571 -0.0661 0.9854
vn 0.1959 -0.0097 0.9806
vn 0.7029 -0.0154 0.7112
vn 0.7262 0.0363 0.6865
vn 0.0550 0.8928 -0.4470
vn 0.0188 0.3157 -0.9487
vn -0.1307 0.9905 0.0418
vn -0.0259 0.9995 0.0163
vn -0.0270 0.9984 0.0503
vn 0.0516 0.9986 0.0086
vn -0.2903 0.7259 -0.6236
vn 0.0614 0.9940 -0.0906
vn -0.2994 -0.3434 0.8902
vn 0.0532 -0.3352 0.9406
vn 0.0638 -0.2086 0.9759
vn 0.1687 -0.9798 -0.1077
vn 0.2339 -0.9466 -0.2219
vn 0.2401 -0.9675 -0.0794
vn 0.1286 -0.8922 0.4330
vn 0.1662 -0.9860 0.0103
vn 0.4325 -0.2661 0.8615
vn 0.7919 -0.0912 0.6038
vn 0.7471 -0.2608 0.6114
vn 0.1121 -0.1590 0.9809
vn 0.9874 0.0070 0.1579
vn 0.9787 0.0448 0.2001
vn 0.9948 0.0174 0.1006
vn 0.9882 0.0488 0.1452
vn -0.0438 0.9979 0.0476
vn 0.0453 0.9969 0.0640
vn -0.0548 -0.9755 0.2131
vn 0.0825 -0.9929 0.0859
vn 0.0262 -0.9974 0.0665
vn 0.2311 -0.9688 0.0897
vn 0.0957 -0.9914 -0.0891
vn 0.2653 -0.9631 -0.0447
vn 0.1612 -0.9835 -0.0824
vn 0.2069 -0.9729 -0.1036
vn 0.2876 -0.8949 -0.3412
vn 0.6451 0.4487 -0.6185
vn 0.1311 0.8078 -0.5748
vn 0.8772 0.2595 -0.4040
vn 0.1578 0.5950 -0.7881
vn 0.0748 0.9077 -0.4130
vn 0.9625 -0.2691 0.0346
vn 0.9972 -0.0661 0.0359
vn 0.9527 -0.2985 -0.0572
vn 0.9933 0.0988 -0.0603
vn 0.9876 0.1097 -0.1127
vn 0.9892 0.1070 -0.0999
vn -0.1163 0.9890 0.0911
vn -0.1139 0.9841 -0.1364
vn -0.6395 0.5919 -0.4905
vn -0.8059 0.5601 -0.1917
vn -0.8167 0.5397 -0.2042
vn -0.0038 0.7769 -0.6296
vn 0.3962 0.8361 -0.3794
vn 0.6028 0.5846 -0.5431
vn 0.9038 0.3659 -0.2221
vn 0.8793 0.4415 -0.1784
vn 0.9635 0.2501 -0.0957
vn 0.9692 0.2341 -0.0768
vn 0.9530 0.2645 -0.1481
vn 0.2642 0.7998 -0.5391
vn 0.6519 0.7257 -0.2199
vn -0.0480 0.9510 0.3055
vn 0.0812 0.5920 0.8018
vn 0.1677 0.9618 0.2162
vn 0.1245 0.7274 0.6748
vn 0.1541 0.3942 0.9060
vn -0.0412 0.2985 0.9535
vn -0.0604 0.5220 0.8508
vn -0.0554 0.9971 0.0527
vn -0.1126 0.9728 0.2026
vn -0.1228 0.9921 0.0253
vn 0.0193 -0.1607 0.9868
vn 0.1010 -0.2159 0.9712
vn 0.0920 -0.1490 0.9845
vn 0.0292 -0.2235 0.9743
vn 0.1221 -0.3337 0.9347
vn 0.1947 -0.6205 0.7596
vn 0.1007 -0.3814 0.9189
vn 0.0740 -0.6392 0.7655
vn 0.0583 -0.8636 0.5008
vn 0.2239 -0.9436 0.2440
vn 0.2152 -0.8288 0.5165
vn 0.1142 -0.9871 -0.1119
vn 0.0810 -0.9935 -0.0805
vn 0.4142 -0.8180 0.3992
vn 0.1915 -0.9806 -0.0426
vn 0.1142 -0.9875 0.1085
vn 0.2625 -0.9621 0.0743
vn -0.0105 -0.8959 0.4442
vn 0.1149 -0.9933 -0.0100
vn 0.4624 -0.6476 0.6056
vn 0.4294 -0.5389 0.7247
vn 0.0600 -0.5664 0.8220
vn -0.2966 -0.6002 0.7428
vn -0.6260 -0.4303 0.6503
vn -0.7902 -0.4416 0.4250
vn -0.7881 -0.6152 0.0193
vn -0.6454 -0.7609 -0.0673
vn -0.4644 -0.8223 -0.3288
vn 0.3784 -0.9221 0.0812
vn 0.4171 -0.9086 0.0230
vn 0.6947 -0.7040 -0.1478
vn 0.6989 -0.6988 0.1522
vn 0.7099 -0.6486 -0.2744
vn 0.7738 -0.5522 0.3104
vn 0.0776 -0.9969 -0.0140
vn -0.2390 -0.9264 -0.2910
vn -0.0785 -0.9219 -0.3793
vn -0.6201 -0.7820 -0.0633
vn -0.1021 -0.8957 -0.4328
vn 0.9809 -0.1941 -0.0139
vn 0.6065 -0.7853 -0.1245
vn 0.8482 -0.4959 -0.1861
vn 0.6627 -0.5743 -0.4807
vn 0.9946 0.0162 0.1021
vn 0.9326 -0.1376 0.3336
vn 0.8848 -0.3682 -0.2854
vn 0.5040 -0.7664 -0.3983
vn -0.0171 -0.9968 -0.0785
vn -0.1389 -0.9502 -0.2790
vn 0.1782 -0.9826 0.0529
vn -0.3625 -0.9320 -0.0000
vn -0.2362 -0.9256 -0.2958
vn -0.0605 -0.9125 -0.4047
vn 0.3501 -0.8939 -0.2800
vn -0.1579 -0.9842 0.0805
vn 0.1251 -0.9004 -0.4166
vn 0.4413 -0.8472 -0.2958
vn 0.3470 -0.8909 -0.2932
vn 0.0549 -0.9975 0.0456
vn 0.1100 -0.9049 -0.4113
vn 0.1148 -0.9888 -0.0950
vn 0.2788 -0.9299 -0.2398
vn 0.1231 0.2932 0.9481
vn 0.1336 0.3716 0.9187
vn 0.1013 0.3855 0.9171
vn -0.0071 0.3067 0.9518
vn 0.1529 0.2623 0.9528
vn 0.0280 0.2444 0.9693
vn 0.1330 0.2362 0.9626
vn 0.1647 0.2377 0.9573
vn 0.0394 0.2624 0.9642
vn 0.0433 0.2283 0.9726
vn 0.3311 0.5938 0.7333
vn 0.0540 0.2043 0.9774
vn -0.2328 0.1718 0.9572
vn -0.2241 0.1439 0.9639
vn -0.3261 0.2097 0.9218
vn -0.0248 0.2145 0.9764
vn -0.0256 0.2210 0.9749
vn 0.2395 0.1449 0.9600
vn -0.1081 0.0948 0.9896
vn -0.2083 0.1156 0.9712
vn -0.1233 -0.0652 0.9902
vn 0.1467 -0.0826 0.9857
vn 0.0713 -0.1232 0.9898
vn -0.0083 -0.0213 0.9997
vn 0.2336 -0.0302 0.9719
vn 0.0941 -0.1147 0.9889
vn 0.1505 -0.1445 0.9780
vn 0.1508 -0.1074 0.9827
vn 0.0164 -0.1360 0.9906
vn 0.1706 -0.0853 0.9816
vn 0.0150 -0.1300 0.9914
vn 0.1036 -0.1049 0.9891
vn -0.5124 -0.3532 0.7827
vn -0.4255 -0.2383 0.8730
vn -0.2066 -0.1032 0.9730
vn -0.0096 -0.1823 0.9832
vn 0.2115 -0.3246 0.9219
vn -0.3245 -0.2734 0.9055
vn 0.1862 -0.3322 0.9246
vn 0.1770 -0.2337 0.9561
vn -0.1842 -0.9246 0.3335
vn -0.3042 -0.1427 0.9419
vn 0.2814 -0.9239 0.2594
vn 0.2734 -0.8176 0.5068
vn 0.2716 -0.6342 0.7239
vn -0.2167 -0.5361 0.8158
vn -0.1225 -0.8074 0.5772
vn 0.3253 -0.6014 0.7297
vn 0.3329 -0.7843 0.5235
vn 0.2099 -0.6205 -0.7556
vn 0.2166 -0.9095 -0.3549
vn 0.4488 -0.5514 -0.7033
vn 0.4633 -0.8266 -0.3196
vn 0.5278 -0.8224 -0.2123
vn 0.7624 -0.5255 -0.3775
vn 0.8781 -0.4179 -0.2331
vn 0.9346 -0.2525 -0.2503
vn 0.9696 -0.2026 -0.1369
vn 0.9865 -0.1333 -0.0956
vn 0.9638 -0.2665 0.0074
vn 0.9427 -0.3325 0.0293
vn 0.9357 -0.3376 -0.1020
vn 0.0033 0.9950 0.0999
vn 0.1015 0.5686 0.8164
vn 0.0734 0.6137 0.7862
vn -0.0011 0.9923 0.1236
vn 0.0197 0.9968 0.0774
vn -0.0559 0.9602 0.2736
vn 0.0264 0.9069 0.4205
vn 0.9759 0.0749 -0.2048
vn 0.6782 0.2299 -0.6980
vn 0.9761 0.1085 -0.1884
vn 0.8957 0.3777 -0.2345
vn 0.9692 0.1483 -0.1967
vn 0.9408 0.3208 -0.1094
vn 0.9822 0.1142 -0.1489
vn 0.9839 0.1062 -0.1438
vn 0.9844 0.1139 -0.1340
vn 0.8057 0.1000 -0.5838
vn 0.9804 0.0973 -0.1712
vn 0.9598 0.0678 -0.2722
vn 0.9748 0.0988 -0.2002
vn 0.9204 0.1504 -0.3609
vn 0.2473 0.0316 -0.9684
vn 0.9729 0.1161 -0.1998
vn 0.9692 0.1230 -0.2133
vn 0.9785 0.0882 0.1866
vn 0.7505 0.0520 0.6588
vn 0.7664 0.1533 0.6238
vn 0.9652 0.1625 0.2048
vn 0.3315 0.1193 0.9359
vn -0.1027 0.0691 0.9923
vn 0.9833 0.1663 0.0736
vn 0.9869 0.1364 0.0857
vn 0.9671 0.2066 0.1481
vn 0.8985 0.1325 0.4184
vn 0.9029 0.1190 0.4131
vn -0.1575 0.0139 0.9874
vn 0.3516 0.0903 0.9318
vn -0.1059 0.0347 0.9938
vn 0.3196 0.0543 0.9460
vn 0.1993 0.1622 0.9664
vn 0.2441 0.0211 0.9695
vn 0.0360 0.0106 0.9993
vn -0.0992 0.0175 0.9949
vn 0.9882 0.1187 0.0972
vn 0.9922 0.1171 0.0434
vn 0.2444 0.2045 0.9479
vn 0.2668 0.2536 0.9298
vn -0.0991 0.0445 0.9941
vn -0.0988 0.0478 0.9940
vn 0.7000 0.1327 0.7017
vn 0.7778 0.1476 0.6109
vn 0.7327 0.1258 0.6688
vn 0.9652 0.1698 0.1988
vn 0.7872 0.0733 0.6124
vn 0.6974 0.0905 0.7110
vn 0.2179 0.0107 0.9759
vn 0.9037 0.1233 0.4100
vn 0.7320 0.1045 0.6733
vn 0.8923 0.1448 0.4276
vn 0.7584 -0.5688 0.3182
vn -0.3179 -0.6993 -0.6403
vn -0.4388 -0.8483 -0.2963
vn 0.0920 -0.7920 -0.6036
vn 0.3624 -0.5999 -0.7133
vn 0.1141 -0.9794 -0.1664
vn 0.1907 -0.9596 -0.2068
vn -0.2172 -0.6652 -0.7143
vn 0.0353 -0.9769 -0.2105
vn 0.4121 -0.9107 0.0263
vn -0.0173 -0.9964 -0.0834
vn 0.6294 -0.7510 -0.1996
vn 0.3448 -0.7202 -0.6020
vn 0.6206 -0.7257 -0.2970
vn -0.2245 -0.9387 0.2617
vn 0.4066 -0.8630 0.2999
vn -0.3458 -0.9380 0.0245
vn -0.1769 0.9810 0.0801
vn -0.2436 0.9667 0.0777
vn -0.2385 0.9682 0.0750
vn -0.1787 0.9788 0.1006
vn -0.2766 0.9610 -0.0022
vn -0.0487 0.9981 0.0384
vn -0.2497 0.9672 0.0465
vn 0.0394 -0.9380 -0.3443
vn 0.0325 -0.6678 -0.7436
vn 0.0471 -0.9756 -0.2145
vn 0.0462 -0.9926 -0.1123
vn 0.0714 -0.9766 0.2029
vn -0.9852 -0.0531 0.1629
vn -0.7905 0.0112 0.6123
vn -0.8038 0.0220 0.5944
vn -0.0626 0.5531 0.8308
vn 0.5055 0.4331 0.7463
vn 0.5660 0.6264 0.5360
vn -0.1847 0.1829 0.9656
vn 0.2861 0.2200 0.9326
vn 0.3811 0.2765 0.8822
vn 0.0573 -0.9344 -0.3515
vn 0.0036 -0.7107 -0.7035
vn -0.0847 -0.2569 -0.9627
vn -0.9619 0.2260 -0.1540
vn -0.8934 -0.2857 -0.3468
vn -0.9671 0.2480 0.0569
vn -0.7267 -0.1618 -0.6676
vn -0.9026 -0.3098 -0.2989
vn -0.1588 -0.8130 -0.5602
vn -0.1723 -0.6276 -0.7592
vn -0.2308 -0.0672 -0.9707
vn -0.9023 -0.1658 -0.3980
vn -0.1978 -0.3562 -0.9132
vn -0.9157 0.0985 -0.3895
vn -0.2680 0.2272 -0.9362
vn -0.2804 0.5548 -0.7833
vn -0.8038 0.1457 -0.5768
vn -0.8756 -0.4732 0.0971
vn -0.9084 -0.3603 0.2120
vn -0.8942 -0.4406 -0.0798
vn -0.7110 0.3313 -0.6202
vn -0.8700 0.3196 -0.3755
vn -0.9248 -0.1840 0.3329
vn -0.9288 -0.0414 0.3684
vn -0.8352 0.2632 -0.4828
vn -0.9644 0.2570 0.0620
vn -0.9950 0.0732 0.0676
vn -0.2613 0.7894 -0.5555
vn -0.2590 0.9222 -0.2870
vn -0.9636 -0.1532 0.2191
vn -0.9923 -0.0733 0.0994
vn -0.9837 -0.1402 0.1124
vn -0.7785 0.1329 -0.6134
vn -0.7808 -0.4898 -0.3880
vn -0.8933 0.0841 -0.4416
vn -0.9767 0.2096 0.0456
vn -0.8821 -0.2240 -0.4144
vn -0.9618 -0.0067 0.2737
vn -0.8068 0.1039 -0.5817
vn -0.9254 -0.2752 0.2606
vn -0.9807 -0.0269 0.1936
vn -0.3039 0.9383 -0.1648
vn -0.2053 0.9222 -0.3277
vn -0.2918 0.9324 -0.2131
vn -0.2060 -0.3265 -0.9225
vn -0.2388 -0.0577 -0.9694
vn -0.8636 -0.3167 -0.3924
vn -0.9147 -0.0029 -0.4041
vn -0.2636 0.2337 -0.9359
vn -0.2895 0.5432 -0.7881
vn -0.8025 0.2348 -0.5485
vn -0.9579 0.2628 -0.1156
vn -0.8470 -0.3635 -0.3878
vn -0.9610 0.2624 0.0874
vn -0.1658 -0.5898 -0.7903
vn -0.8465 -0.4310 -0.3126
vn -0.1322 -0.7930 -0.5948
vn -0.5675 -0.6284 -0.5321
vn -0.1169 -0.9298 -0.3490
vn -0.6782 0.6296 -0.3791
vn -0.2657 0.9096 -0.3194
vn -0.7936 -0.1016 -0.5999
vn -0.2767 -0.0326 -0.9604
vn -0.2654 -0.0551 -0.9626
vn -0.6774 -0.4108 -0.6102
vn -0.2296 -0.5422 -0.8083
vn -0.2276 -0.2777 -0.9333
vn -0.0270 0.3415 -0.9395
vn 0.0186 -0.1510 -0.9884
vn -0.2041 0.7709 -0.6034
vn -0.4379 -0.5288 -0.7271
vn -0.0305 0.3521 -0.9355
vn -0.0818 0.9454 -0.3155
vn -0.0690 0.9410 -0.3312
vn -0.0423 0.9465 -0.3198
vn -0.9937 -0.0647 0.0920
vn -0.9896 0.1405 0.0300
vn -0.9983 0.0577 -0.0062
vn -0.9883 -0.1176 -0.0976
vn -0.9865 -0.1206 -0.1112
vn -0.9870 -0.0079 0.1607
vn -0.1867 0.3114 0.9318
vn -0.9886 -0.0432 0.1441
vn -0.8143 0.0419 0.5790
vn -0.2360 0.1159 0.9648
vn -0.9920 -0.1108 -0.0610
vn -0.9519 -0.2657 -0.1529
vn -0.9276 -0.2964 0.2272
vn -0.9898 -0.1422 0.0102
vn -0.9892 -0.1110 -0.0958
vn -0.9929 -0.1092 -0.0466
vn 0.0909 -0.8972 -0.4321
vn -0.2843 -0.7728 -0.5674
vn -0.0030 -0.9934 -0.1145
vn 0.2267 0.9740 -0.0036
vn 0.5126 0.7339 -0.4456
vn 0.7182 0.6816 -0.1400
vn -0.0419 0.9761 -0.2130
vn 0.0928 0.9830 -0.1582
vn -0.1844 0.0494 -0.9816
vn -0.4680 0.6972 -0.5430
vn -0.0793 0.1446 -0.9863
vn 0.1291 0.7383 -0.6620
vn -0.1442 0.8724 -0.4671
vn -0.0600 0.3070 -0.9498
vn -0.0147 0.2112 -0.9773
vn -0.2197 0.8554 -0.4690
vn -0.0825 0.3010 -0.9500
vn -0.1156 0.9834 -0.1402
vn -0.5568 0.8100 -0.1840
vn -0.5542 0.8117 -0.1843
vn -0.9497 0.2779 -0.1442
vn -0.1655 0.9624 -0.2152
vn -0.5555 0.7965 -0.2389
vn -0.7879 0.0584 -0.6131
vn -0.5902 0.7423 -0.3174
vn -0.1542 0.9862 -0.0604
vn -0.2446 0.9642 -0.1025
vn -0.9953 0.0418 0.0874
vn -0.9997 -0.0167 -0.0169
vn -0.9702 -0.0777 0.2296
vn -0.9694 -0.1027 0.2229
vn -0.9668 0.1514 -0.2058
vn -0.8381 -0.3937 -0.3776
vn -0.1476 -0.9258 -0.3480
vn -0.1021 -0.9204 -0.3773
vn -0.8958 -0.1847 -0.4042
vn -0.4571 -0.5843 -0.6706
vn -0.9607 0.0987 -0.2594
vn -0.7493 0.2843 -0.5981
vn -0.4546 -0.0058 -0.8907
vn -0.9102 0.0711 -0.4080
vn -0.3557 0.0623 -0.9325
vn -0.9757 0.2071 -0.0715
vn -0.9862 0.0688 -0.1508
vn -0.9668 0.2128 -0.1416
vn -0.9619 0.0881 -0.2589
vn -0.9236 0.3662 -0.1133
vn -0.9815 0.0764 -0.1753
vn -0.9244 0.3744 -0.0721
vn -0.9990 0.0049 -0.0444
vn -0.9933 0.0340 -0.1107
vn -0.9848 0.1624 0.0614
vn -0.9696 0.1045 -0.2211
vn -0.9748 0.0857 -0.2061
vn -0.9720 0.0921 -0.2161
vn -0.9645 0.0926 -0.2474
vn -0.1906 0.9777 -0.0887
vn -0.1858 0.9824 0.0208
vn -0.2965 0.9424 -0.1550
vn -0.2206 0.9751 -0.0236
vn -0.0922 -0.1324 0.9869
vn -0.7195 -0.2260 0.6567
vn -0.0525 -0.1777 0.9827
vn -0.6837 -0.1951 0.7032
vn -0.1379 -0.1002 0.9854
vn -0.6829 -0.1705 0.7103
vn -0.1902 -0.0688 0.9793
vn -0.7154 -0.1305 0.6865
vn -0.2206 0.8664 -0.4480
vn -0.0904 0.3030 -0.9487
vn -0.1829 0.9820 0.0474
vn -0.2710 0.9625 0.0129
vn -0.2867 0.9537 -0.0906
vn 0.3699 -0.2659 0.8902
vn -0.0144 -0.2177 0.9759
vn 0.0248 -0.3386 0.9406
vn 0.0583 -0.9968 -0.0548
vn -0.0117 -0.9750 -0.2219
vn 0.0393 -0.9843 -0.1722
vn 0.0622 -0.9980 0.0113
vn -0.3603 -0.3579 0.8615
vn -0.7502 -0.2693 0.6039
vn -0.6678 -0.4245 0.6114
vn -0.9629 -0.2187 0.1579
vn -0.9562 -0.1628 0.2432
vn -0.9725 -0.2102 0.1006
vn -0.9613 -0.2579 0.0970
vn -0.2729 0.9600 0.0627
vn 0.5252 -0.8508 0.0148
vn 0.1674 -0.9825 0.0812
vn 0.3503 -0.8614 -0.3678
vn 0.3416 -0.9373 -0.0693
vn -0.2098 -0.8055 -0.5543
vn -0.0437 -0.9967 -0.0686
vn -0.2639 -0.8738 -0.4084
vn -0.1849 -0.9609 -0.2062
vn -0.0757 -0.9369 -0.3412
vn -0.9289 0.1500 -0.3386
vn -0.3120 0.7565 -0.5748
vn -0.2800 0.8666 -0.4130
vn -0.6875 0.1784 -0.7039
vn -0.6956 0.4049 -0.5935
vn -0.8968 -0.4221 0.1323
vn -0.8703 -0.4925 -0.0026
vn -0.9376 -0.3475 0.0129
vn -0.9915 -0.1178 -0.0553
vn -0.9875 -0.1217 -0.0997
vn -0.9859 -0.1210 -0.1158
vn -0.9874 -0.1093 -0.1142
vn 0.2738 0.7934 -0.5436
vn -0.1138 0.9841 -0.1364
vn 0.6605 0.7252 -0.1944
vn -0.1615 0.7759 -0.6098
vn 0.0337 0.7761 -0.6298
vn -0.9634 0.1499 -0.2222
vn -0.9951 0.0236 -0.0957
vn -0.9569 0.2290 -0.1787
vn -0.9970 0.0067 -0.0767
vn -0.9922 0.0221 -0.1223
vn -0.9997 0.0123 -0.0189
vn -0.6927 0.6396 -0.3334
vn -0.6994 0.4428 -0.5611
vn -0.5888 0.8083 -0.0026
vn -0.2133 0.5635 0.7981
vn -0.1060 0.4647 0.8791
vn -0.2400 0.3481 0.9062
vn -0.1857 0.2991 0.9360
vn 0.5749 0.6583 0.4860
vn 0.2513 0.2885 0.9239
vn 0.3372 0.3956 0.8543
vn -0.1737 0.9834 0.0527
vn -0.5746 0.8178 -0.0319
vn -0.0491 -0.2333 0.9712
vn -0.0427 -0.3528 0.9347
vn -0.0289 -0.6577 0.7528
vn -0.0026 -0.9698 0.2440
vn 0.1067 -0.9640 0.2435
vn 0.0609 -0.8476 -0.5272
vn 0.3361 -0.9392 0.0704
vn 0.0375 -0.9984 -0.0426
vn -0.0056 -1.0000 -0.0055
vn -0.5633 -0.6556 0.5030
vn -0.2955 -0.6227 0.7245
vn 0.4412 -0.7779 0.4474
vn 0.4270 -0.5164 0.7423
vn 0.7077 -0.2760 0.6503
vn 0.8581 -0.2804 0.4301
vn 0.3527 -0.7311 0.5840
vn 0.9078 -0.4190 0.0193
vn 0.5396 -0.8308 0.1362
vn 0.6220 -0.7804 -0.0637
vn -0.1578 -0.9841 0.0812
vn 0.4654 -0.8025 -0.3735
vn -0.5167 -0.8442 -0.1427
vn -0.2353 -0.9675 0.0924
vn -0.6786 -0.7312 -0.0697
vn -0.5436 -0.7939 -0.2724
vn -0.6571 -0.7429 -0.1275
vn 0.1213 -0.9914 -0.0497
vn 0.4442 -0.8474 -0.2910
vn 0.2870 -0.8796 -0.3793
vn -0.0641 -0.9963 -0.0566
vn 0.7823 -0.6197 -0.0633
vn -0.9107 -0.4129 -0.0139
vn -0.8944 -0.3831 -0.2311
vn -0.4112 -0.9030 -0.1246
vn -0.7531 -0.6163 -0.2302
vn -0.5140 -0.7105 -0.4806
vn -0.8766 -0.3469 0.3336
vn -0.9746 -0.2101 0.0769
vn -0.3160 -0.8613 -0.3979
vn 0.2440 -0.9662 -0.0834
vn 0.3508 -0.8935 -0.2804
vn 0.0508 -0.9973 0.0529
vn 0.5373 -0.8430 0.0245
vn 0.2672 -0.8745 -0.4047
vn -0.1381 -0.9504 -0.2785
vn 0.1146 -0.8954 -0.4303
vn 0.0923 -0.8008 -0.5918
vn -0.2308 -0.9363 -0.2645
vn -0.0208 -0.8987 -0.4381
vn 0.1760 -0.9830 0.0522
vn 0.5026 -0.8559 0.1214
vn 0.0994 -0.9061 -0.4113
vn 0.1009 -0.9893 -0.1056
vn -0.1832 0.2530 0.9499
vn -0.2149 0.3313 0.9187
vn -0.2283 0.2304 0.9459
vn -0.0510 0.3203 0.9459
vn -0.1834 0.1996 0.9626
vn -0.2146 0.1938 0.9573
vn -0.1088 0.2132 0.9709
vn -0.0992 0.1866 0.9774
vn -0.1782 0.3465 0.9210
vn -0.0983 0.2464 0.9642
vn -0.0943 0.2124 0.9726
vn 0.1874 0.2204 0.9572
vn 0.1764 0.1601 0.9712
vn 0.1927 0.1344 0.9720
vn -0.2355 0.1148 0.9651
vn -0.2662 0.0821 0.9604
vn 0.0836 0.1170 0.9896
vn 0.1288 -0.0337 0.9911
vn -0.1240 -0.1139 0.9857
vn 0.0215 -0.0241 0.9995
vn -0.2206 -0.0827 0.9719
vn -0.0645 -0.1361 0.9886
vn -0.1135 -0.1751 0.9780
vn -0.0547 -0.1645 0.9849
vn -0.0432 -0.1120 0.9928
vn -0.1344 -0.1493 0.9796
vn -0.1466 -0.1221 0.9816
vn -0.0769 -0.1257 0.9891
vn 0.5795 -0.2268 0.7828
vn -0.0525 -0.8817 0.4688
vn 0.4189 -0.1602 0.8938
vn 0.2260 -0.0508 0.9728
vn 0.1029 -0.1180 0.9877
vn -0.1057 -0.2443 0.9639
vn 0.3778 -0.1911 0.9059
vn -0.1318 -0.3643 0.9219
vn -0.1055 -0.3659 0.9246
vn 0.3906 -0.8579 0.3339
vn 0.3110 -0.0988 0.9452
vn -0.0590 -0.9626 0.2644
vn -0.1515 -0.8583 0.4903
vn -0.1136 -0.6597 0.7429
vn 0.3036 -0.7566 0.5792
vn 0.3342 -0.4734 0.8150
vn -0.1788 -0.6483 0.7401
vn -0.1367 -0.8411 0.5234
vn -0.0444 -0.6597 -0.7503
vn -0.0032 -0.9349 -0.3549
vn -0.2481 -0.6703 -0.6994
vn -0.2626 -0.9106 -0.3193
vn -0.6708 -0.6162 -0.4128
vn -0.3325 -0.9058 -0.2625
vn -0.8523 -0.4593 -0.2503
vn -0.8978 -0.4186 -0.1370
vn -0.9300 -0.3550 -0.0956
vn -0.8775 -0.4795 0.0073
vn -0.8629 -0.5005 -0.0702
vn -0.8339 -0.5423 -0.1020
vn -0.7671 -0.6037 -0.2172
vn -0.2287 0.5304 0.8163
vn -0.2263 0.9695 0.0945
vn -0.2255 0.9664 0.1236
vn -0.2238 0.9496 0.2194
vn -0.2034 0.9758 0.0799
vn -0.1515 0.7194 0.6779
vn -0.1784 0.8701 0.4594
vn -0.9762 -0.1204 -0.1803
vn -0.7144 0.0688 -0.6963
vn -0.9582 0.1633 -0.2347
vn -0.9892 0.0976 -0.1094
vn -0.9774 -0.0770 -0.1967
vn -0.9830 -0.1198 -0.1393
vn -0.9824 -0.1126 -0.1487
vn -0.9824 -0.1205 -0.1429
vn -0.9700 -0.0880 -0.2266
vn -0.8073 -0.0867 -0.5838
vn -0.2479 -0.0257 -0.9684
vn -0.9767 -0.1291 -0.1717
vn -0.9692 -0.1325 -0.2078
vn -0.9514 -0.1585 -0.2641
vn -0.9304 -0.0637 -0.3609
vn -0.9738 -0.1091 -0.1998
vn -0.9717 -0.1015 -0.2133
vn -0.9629 -0.1476 0.2261
vn -0.7456 -0.1133 0.6567
vn -0.2131 -0.0425 0.9761
vn -0.9820 -0.0308 0.1865
vn -0.7812 -0.0257 0.6238
vn -0.9782 -0.0574 0.1997
vn -0.3500 0.0405 0.9359
vn 0.0842 0.0907 0.9923
vn -0.9753 -0.1819 0.1252
vn -0.9922 -0.1137 0.0505
vn -0.9920 -0.0925 0.0857
vn -0.9798 -0.0804 0.1830
vn -0.9023 -0.0797 0.4236
vn -0.9062 -0.0902 0.4132
vn -0.3617 -0.0001 0.9323
vn 0.1502 0.0495 0.9874
vn 0.0951 0.0579 0.9938
vn -0.3236 -0.0203 0.9460
vn 0.0927 0.0397 0.9949
vn -0.2425 -0.0352 0.9695
vn -0.0375 0.0021 0.9993
vn -0.9892 -0.1100 0.0972
vn -0.9904 -0.0122 0.1378
vn -0.3727 0.0066 0.9279
vn 0.0863 0.0660 0.9941
vn -0.4167 -0.0122 0.9090
vn 0.0852 0.0691 0.9940
vn -0.7146 -0.0297 0.6989
vn -0.7910 -0.0339 0.6109
vn -0.7374 -0.0486 0.6737
vn -0.6956 -0.0652 0.7154
vn -0.7504 -0.1312 0.6478
vn -0.9074 -0.0970 0.4089
vn -0.7293 -0.0770 0.6799
vn -0.1117 0.0101 0.9937
vn -0.8852 -0.0323 0.4640
vn -0.3257 -0.9031 0.2800
vn 0.1122 -0.9693 0.2190
vn -0.4732 -0.8704 0.1361
vn 0.5232 -0.8049 0.2800
vn 0.6597 -0.7391 0.1363
vn 0.8644 -0.4936 -0.0958
vn 0.7922 -0.5123 -0.3317
vn -0.0260 -0.0721 0.9971
vn -0.4428 -0.6685 0.5976
vn 0.0900 -0.7776 0.6223
vn 0.5835 -0.5499 0.5976
vn 0.7393 0.0409 0.6722
vn -0.0692 -0.8457 -0.5291
vn 0.0832 -0.7207 -0.6882
vn 0.3202 -0.6475 -0.6915
vn 0.6640 -0.3814 -0.6431
vn 0.6531 -0.7119 -0.2583
vn 0.9999 -0.0072 -0.0104
vn 0.1089 -0.9417 -0.3185
vn -0.2628 -0.8620 -0.4334
vn 0.7209 0.1427 0.6782
vn 0.0007 -0.0022 1.0000
vn -0.0887 0.5907 0.8020
vn -0.1224 0.9925 -0.0000
vn -0.5818 0.8133 -0.0000
vn 0.1634 0.7310 0.6625
vn 0.9990 -0.0392 -0.0236
vn 0.9752 0.2212 -0.0004
vn 0.8799 0.4751 -0.0000
vn 0.9958 -0.0679 -0.0612
vn 0.3769 0.2834 0.8818
vn 0.3804 0.9248 -0.0000
vn 0.9039 0.2899 0.3144
vn 0.9818 0.1899 0.0022
vn -0.9992 -0.0393 0.0022
vn -0.9540 -0.2934 -0.0612
vn -0.9699 -0.2335 -0.0683
vn -0.7289 -0.6779 -0.0958
vn -0.6518 -0.6838 -0.3281
vn -1.0000 -0.0073 -0.0004
vn -0.4965 -0.5514 -0.6704
vn -0.8668 -0.3266 0.3768
vn -0.7890 -0.6144 -0.0032
vn -0.8619 0.1580 0.4818
vn -0.6541 0.0836 0.7518
vn -0.9658 0.2591 -0.0000
vn -0.9496 0.2387 -0.2033
vn -0.2713 0.9318 0.2413
vn -0.3935 0.8707 -0.2949
vn -0.8018 0.5942 0.0645
vn -0.9959 -0.0321 -0.0849
vn -0.9391 0.1099 0.3255
vn 0.9770 0.1965 -0.0832
vn 0.8153 0.5371 0.2163
vn 0.8921 0.3198 0.3193
vn 0.9418 -0.2469 0.2284
vn 0.2000 -0.9385 0.2814
vn 0.9291 -0.3329 0.1611
vn -0.8718 -0.4040 0.2773
vn 0.0142 -0.9600 0.2796
vn -0.0747 -0.7553 0.6512
vn -0.9966 -0.0800 -0.0210
vn -0.9283 0.0338 0.3704
vn -0.2563 0.2017 0.9453
vn 0.6587 -0.6427 0.3912
vn 0.8997 0.2432 0.3626
vn 0.2016 0.2576 0.9450
vn 0.9886 0.1497 -0.0176
vn 0.2262 0.4184 0.8797
vn -0.3883 0.4965 0.7763
vn 0.1779 0.9409 0.2882
vn 0.8699 0.4495 -0.2032
vn 0.1832 0.9381 -0.2941
vn 0.1631 0.6294 0.7598
vn -0.3000 0.5764 0.7601
vn 0.1775 0.9420 0.2850
vn 0.8700 0.4492 -0.2033
vn 0.1843 0.9376 -0.2949
vn 0.9769 0.1961 -0.0849
vn 0.6370 0.7411 0.2120
vn 0.8892 0.3214 0.3255
vn -0.9960 -0.0317 -0.0832
vn -0.9164 0.3368 0.2163
vn -0.9495 0.2390 -0.2032
vn -0.8795 -0.3959 0.2641
vn 0.0196 -0.9600 0.2792
vn -0.0768 -0.7551 0.6511
vn 0.9378 -0.2567 0.2339
vn 0.2053 -0.9375 0.2811
vn 0.9239 -0.3473 0.1606
vn 0.9885 0.1496 -0.0210
vn 0.9246 0.2387 0.2968
vn 0.6540 -0.6422 0.3997
vn 0.2039 0.2557 0.9450
vn -0.9314 0.0314 0.3625
vn -0.9966 -0.0799 -0.0176
vn -0.3932 0.4995 0.7719
vn -0.2656 -0.0790 0.9608
vn -0.9553 0.1721 0.2402
vn 0.2470 0.3834 0.8899
vn -0.1992 0.9795 -0.0311
vn -0.3925 0.8715 -0.2941
vn -0.3026 0.5754 0.7598
vn 0.2766 0.6012 0.7497
vn 0.3011 -0.2291 -0.9257
vn 0.2414 0.7859 -0.5692
vn 0.0616 0.7826 -0.6195
vn -0.2408 -0.2918 -0.9257
vn -0.4149 0.7097 -0.5694
vn -0.5566 -0.0685 -0.8279
vn 0.0309 -0.2673 -0.9631
vn -0.0728 0.6294 -0.7736
vn -0.2476 0.6089 -0.7536
vn -0.3483 0.4655 0.8136
vn -0.0972 0.8396 0.5344
vn -0.3978 0.7271 0.5595
vn 0.5160 0.7288 0.4502
vn 0.9619 0.2734 0.0080
vn 0.7759 0.6306 -0.0155
vn -0.9989 0.0466 0.0071
vn 0.2329 0.5327 0.8136
vn -0.0569 0.4917 0.8689
vn -0.3692 0.6459 -0.6682
vn 0.5571 0.0605 -0.8282
vn -0.0319 0.1391 0.9898
vn -0.0677 0.5851 0.8081
vn -0.1318 0.5656 0.8141
vn -0.0587 0.5957 0.8011
vn -0.0210 0.1442 0.9893
vn -0.0448 0.5940 0.8032
vn 0.0125 0.1541 0.9880
vn 0.0353 0.5948 0.8031
vn 0.0110 0.1617 0.9868
vn 0.0304 0.5587 0.8288
vn -0.0226 0.1439 0.9893
vn -0.0666 0.6104 0.7893
vn -0.0602 0.1063 0.9925
vn -0.3274 0.5030 0.7999
vn -0.6895 -0.0036 0.7243
vn -0.1173 -0.0114 0.9930
vn -0.6171 0.2498 0.7461
vn -0.7231 -0.4763 0.5002
vn -0.0679 -0.1116 0.9914
vn -0.0686 -0.1115 -0.9914
vn -0.6357 -0.2576 -0.7277
vn -0.6910 0.0060 -0.7229
vn -0.1176 -0.0112 -0.9930
vn -0.6086 0.2455 -0.7546
vn -0.0664 0.5882 -0.8060
vn -0.0605 0.1068 -0.9924
vn -0.3223 0.4952 -0.8068
vn 0.0126 0.5664 -0.8241
vn -0.0228 0.1445 -0.9892
vn 0.0098 0.5992 -0.8005
vn 0.0110 0.1623 -0.9867
vn -0.0506 0.5890 -0.8066
vn 0.0126 0.1546 -0.9879
vn -0.1759 0.5162 -0.8382
vn -0.0210 0.1447 -0.9893
vn -0.0320 0.1396 -0.9897
vn -0.1299 0.5569 -0.8204
vn -0.0667 0.5764 -0.8144
vn -0.0166 0.1432 -0.9896
vn -0.7885 -0.5400 -0.2944
vn -0.1187 -0.3350 0.9347
vn -0.9988 0.0480 0.0074
vn -0.9087 0.4174 0.0009
vn -0.5447 0.8386 -0.0028
vn -0.1250 0.9922 0.0009
vn 0.1293 0.9916 0.0081
vn 0.2218 0.9751 0.0080
vn -0.0183 0.9995 0.0261
vn -0.2968 0.9549 -0.0002
vn -0.2245 0.9745 0.0002
vn -0.1149 0.9934 0.0004
vn -0.1169 -0.3290 -0.9371
vn -0.0039 1.0000 0.0002
vn -0.0007 0.5718 -0.8204
vn 0.9482 0.3172 -0.0199
vn 0.5351 0.3744 -0.7573
vn 0.7912 0.6115 0.0009
vn 0.2033 0.5541 -0.8073
vn 0.3392 0.9407 0.0011
vn 0.0617 0.9979 -0.0185
vn -0.2008 0.9791 -0.0316
vn -0.1681 0.5625 -0.8096
vn -0.0907 0.5794 -0.8100
vn 0.6846 -0.0655 -0.7259
vn 0.6365 0.1955 -0.7461
vn -0.3456 0.9383 -0.0094
vn -0.0711 0.6041 -0.7937
vn -0.1548 0.5280 -0.8350
vn -0.4339 0.9009 0.0064
vn -0.0865 0.5904 -0.8025
vn -0.0007 0.1427 0.9898
vn -0.0008 0.5807 0.8141
vn 0.0453 0.5498 0.8341
vn 0.0044 0.1425 0.9898
vn -0.0125 0.1452 0.9893
vn -0.0921 0.5885 0.8032
vn -0.0474 0.1471 0.9880
vn -0.1708 0.5707 0.8032
vn -0.0476 0.1549 0.9868
vn -0.1572 0.5369 0.8289
vn -0.0111 0.1453 0.9893
vn -0.0725 0.6134 0.7864
vn 0.2170 0.5590 0.8003
vn 0.1163 0.0161 0.9931
vn 0.5425 0.3805 0.7489
vn 0.6591 0.2045 0.7238
vn 0.0903 -0.0926 0.9916
vn 0.6222 -0.1174 0.7740
vn 0.1781 -0.2809 0.9431
vn 0.9348 -0.2422 -0.2596
vn 0.1753 -0.2756 -0.9451
vn 0.0909 -0.0923 -0.9916
vn 0.1169 0.0167 -0.9930
vn 0.0352 0.1180 -0.9924
vn -0.0111 0.1459 -0.9892
vn -0.0478 0.1555 -0.9867
vn -0.0475 0.1476 -0.9879
vn -0.0126 0.1456 -0.9893
vn 0.0045 0.1430 -0.9897
vn -0.0007 0.1432 -0.9897
vn -0.0476 0.9966 -0.0672
vn 0.0346 0.1177 0.9925
vn 0.2417 0.6844 -0.6879
vn 0.5550 0.1838 -0.8113
vn 0.4272 0.1833 -0.8854
vn -0.1718 -0.1890 0.9668
vn -0.4221 0.6193 0.6621
vn -0.4723 0.0773 0.8780
vn 0.0068 0.9113 0.4116
vn 0.3001 0.8296 0.4709
vn -0.1220 0.9925 -0.0087
vn 0.5465 0.8347 -0.0679
vn 0.4476 0.8833 0.1392
vn 0.1859 0.2869 0.9398
vn 0.8465 0.4569 -0.2732
vn 0.9168 0.1090 -0.3841
vn -0.8677 -0.2631 0.4217
vn 0.0015 0.1317 0.9913
vn 0.6694 -0.7110 0.2153
vn 0.8066 -0.5872 -0.0676
vn 0.2239 -0.9482 0.2252
vn -0.0639 -0.7032 0.7081
vn -0.5679 -0.7326 0.3753
vn -0.9541 -0.0565 0.2942
vn -0.6891 0.5041 0.5206
vn -0.7904 0.6057 0.0920
vn -0.1969 0.9689 -0.1496
vn -0.0556 0.9865 -0.1539
vn 0.5415 0.7764 -0.3223
vn 0.7599 0.5417 -0.3593
vn 0.9415 0.1354 -0.3086
vn 0.9350 0.0787 -0.3458
vn 0.9241 -0.3160 -0.2151
vn 0.4620 -0.0789 -0.8834
vn 0.6652 -0.5220 -0.5339
vn 0.4740 -0.5716 -0.6698
vn 0.9857 -0.1187 -0.1199
vn 0.9663 -0.0384 0.2546
vn 0.8811 -0.2914 -0.3725
vn 0.1510 -0.7710 0.6187
vn -0.4377 -0.1796 0.8810
vn -0.1982 -0.6811 0.7049
vn 0.5954 -0.3167 0.7384
vn 0.9078 -0.2652 0.3250
vn 0.5853 -0.8043 -0.1027
vn 0.2416 -0.9696 0.0400
vn 0.8767 -0.0393 0.4795
vn 0.1952 -0.4770 0.8570
vn 0.9292 -0.0788 0.3611
vn 0.0663 -0.5727 0.8171
vn -0.5564 -0.6267 0.5456
vn -0.7707 -0.6372 -0.0000
vn -0.5564 -0.6267 -0.5456
vn 0.0663 -0.5727 -0.8171
vn 0.6848 -0.4831 0.5456
vn 0.6848 -0.4831 -0.5456
vn 0.6979 0.5968 0.3960
vn -0.1149 0.9934 -0.0000
vn 0.0798 0.9968 -0.0000
vn 0.6784 -0.4621 -0.5711
vn 0.7480 -0.6633 0.0212
vn 0.8958 -0.4444 -0.0000
vn 0.1866 0.6230 0.7596
vn 0.5912 -0.8065 -0.0050
vn 0.4584 -0.8353 0.3035
vn 0.9100 -0.1023 0.4018
vn 0.5482 -0.7074 0.4462
vn 0.0214 0.9925 0.1200
vn -0.4382 0.5422 0.7169
vn 0.1893 -0.7505 0.6332
vn -0.1132 0.9784 0.1732
vn -0.8487 0.4988 0.1760
vn 0.1559 -0.6382 0.7539
vn 0.3535 -0.1524 0.9229
vn -0.2475 0.9614 0.1199
vn -0.3398 -0.7916 0.5078
vn -0.7510 0.5176 -0.4100
vn -0.2451 -0.9172 0.3140
vn -0.4618 -0.2396 0.8540
vn -0.2999 0.9540 -0.0000
vn -0.5832 -0.8084 0.0802
vn -0.3240 0.5640 -0.7596
vn -0.3915 -0.9202 0.0072
vn -0.9104 -0.3060 0.2784
vn -0.4512 -0.8131 -0.3677
vn -0.9348 0.3544 0.0248
vn 0.3028 0.6279 -0.7169
vn -0.5542 -0.6911 -0.4640
vn -0.8626 -0.3074 -0.4018
vn 0.7642 0.6003 -0.2359
vn -0.0149 0.5089 -0.8607
vn 0.0698 -0.5429 -0.8369
vn 0.5835 -0.6956 -0.4192
vn 0.6780 -0.6889 -0.2565
vn -0.0129 -0.7739 -0.6332
vn -0.0046 0.0397 -0.9992
vn 0.2264 -0.6590 -0.7173
vn -0.3093 -0.2291 -0.9229
vn 0.0190 -0.1766 0.9841
vn 0.1100 -0.5917 0.7986
vn 0.0318 -0.1692 0.9851
vn 0.1074 -0.5907 0.7997
vn 0.0352 -0.1737 0.9842
vn 0.0356 -0.1731 0.9843
vn 0.1440 -0.5715 0.8079
vn 0.0464 -0.1722 0.9840
vn 0.1152 -0.6091 0.7847
vn 0.0186 -0.1760 0.9842
vn 0.0369 -0.5467 0.8365
vn 0.0112 -0.1671 0.9859
vn 0.0303 -0.1468 0.9887
vn 0.0244 -0.6402 0.7678
vn 0.1284 -0.5755 0.8077
vn 0.0520 -0.1300 0.9901
vn 0.3303 -0.5003 0.8003
vn 0.5446 -0.2903 0.7868
vn 0.1821 0.1169 0.9763
vn 0.1526 -0.0252 0.9880
vn 0.5819 -0.1184 0.8046
vn 0.2036 0.5567 0.8053
vn 0.1523 0.5754 -0.8036
vn 0.5808 -0.1311 -0.8034
vn 0.1388 0.1465 -0.9794
vn 0.5452 -0.2874 -0.7875
vn 0.1258 0.0095 -0.9920
vn 0.1331 -0.5419 -0.8299
vn 0.0362 -0.0912 -0.9952
vn 0.3172 -0.4791 -0.8184
vn 0.0211 -0.1033 -0.9944
vn -0.0014 -0.5541 -0.8325
vn 0.0080 -0.1177 -0.9930
vn -0.0052 -0.5127 -0.8586
vn 0.0134 -0.1241 -0.9922
vn 0.1116 -0.5792 -0.8075
vn 0.1413 -0.5385 -0.8307
vn 0.0331 -0.1212 -0.9921
vn 0.1754 -0.5756 -0.7987
vn 0.0243 -0.1219 -0.9922
vn 0.0133 -0.1239 -0.9922
vn 0.1044 -0.5617 -0.8207
vn 0.0657 -0.5733 -0.8167
vn 0.7313 0.6784 -0.0702
vn 0.5999 0.4923 0.6307
vn 0.9675 -0.2484 -0.0475
vn 0.8527 -0.5224 0.0008
vn 0.5452 -0.8383 -0.0061
vn 0.1972 -0.9804 0.0006
vn -0.0341 -0.9994 0.0005
vn -0.1106 -0.9933 -0.0325
vn 0.1283 -0.9917 0.0005
vn 0.2397 -0.9709 -0.0001
vn 0.2068 -0.9784 0.0002
vn 0.1764 -0.9843 -0.0009
vn 0.1142 -0.6316 0.7668
vn 0.1143 -0.9934 0.0003
vn 0.5814 0.5181 -0.6274
vn 0.0791 -0.5946 -0.8001
vn 0.0218 -0.9998 0.0002
vn 0.0126 -0.5616 -0.8273
vn -0.8936 -0.4452 0.0567
vn -0.4636 -0.3974 -0.7919
vn -0.7079 -0.7063 0.0008
vn -0.1977 -0.5458 -0.8143
vn -0.3358 -0.9419 0.0008
vn -0.0256 -0.9996 0.0072
vn 0.3393 -0.9406 0.0152
vn 0.0342 -0.5856 -0.8099
vn 0.1016 -0.9948 0.0005
vn -0.6934 0.2618 -0.6714
vn -0.6075 -0.2287 -0.7606
vn -0.0041 -0.9994 0.0336
vn 0.1277 -0.5392 -0.8324
vn 0.2614 -0.9652 0.0005
vn 0.1813 -0.5448 -0.8187
vn 0.0895 -0.6099 -0.7874
vn 0.0049 -0.1766 0.9843
vn 0.0285 -0.5981 0.8009
vn 0.0092 -0.1732 0.9848
vn 0.0054 -0.1772 0.9842
vn -0.0380 -0.6305 0.7753
vn -0.0056 -0.1785 0.9839
vn -0.0604 -0.6319 0.7727
vn 0.0221 -0.1756 0.9842
vn 0.0115 -0.6455 0.7637
vn 0.0272 -0.1652 0.9859
vn 0.0658 -0.5640 0.8231
vn 0.0042 -0.1500 0.9887
vn 0.1079 -0.6027 0.7906
vn -0.1418 -0.0605 0.9880
vn -0.2057 -0.5693 0.7960
vn -0.0213 -0.1383 0.9902
vn -0.2040 0.0722 0.9763
vn -0.4609 -0.4749 0.7497
vn -0.3254 0.4955 0.8053
vn -0.5450 -0.2106 0.8116
vn -0.8570 0.5082 -0.0854
vn -0.2797 0.5254 -0.8036
vn -0.1686 0.1110 -0.9794
vn -0.1238 -0.0207 -0.9921
vn -0.0148 -0.0969 -0.9952
vn 0.0033 -0.1055 -0.9944
vn 0.0191 -0.1165 -0.9930
vn 0.0153 -0.1239 -0.9922
vn -0.0046 -0.1255 -0.9921
vn 0.0042 -0.1242 -0.9922
vn 0.0034 -0.1241 -0.9923
vn 0.0064 -0.1215 -0.9926
vn 0.0537 -0.9986 -0.0028
vn -0.7678 0.2414 0.5935
vn -0.0418 -0.5655 -0.8237
vn -0.0327 -0.6303 0.7757
vn -0.0405 -0.0703 0.9967
vn -0.1767 0.9832 0.0454
vn -0.9925 -0.1172 0.0355
vn 0.0369 0.0699 -0.9969
vn -0.1097 0.6300 -0.7688
vn -0.0426 0.6369 -0.7698
vn 0.0002 0.4886 0.8725
vn 0.0664 -0.0579 0.9961
vn 0.0467 0.7331 0.6785
vn 0.9930 0.1125 0.0355
vn -0.7554 0.2168 0.6184
vn -0.0015 0.9917 0.1286
vn 0.9923 0.1174 -0.0391
vn -0.2057 0.9774 0.0482
vn -0.9929 -0.1123 -0.0391
vn -0.0641 0.0581 -0.9962
vn -0.4159 -0.8279 -0.3763
vn 0.1170 -0.9931 0.0033
vn 0.1098 -0.9822 -0.1527
vn -0.2146 -0.8777 -0.4285
vn 0.0900 -0.7728 -0.6283
vn -0.2491 -0.9630 -0.1028
vn 0.1425 -0.8632 -0.4843
vn 0.4431 -0.8963 -0.0154
vn 0.4598 -0.5140 -0.7241
vn 0.4126 -0.8096 -0.4175
vn 0.8137 0.0911 -0.5740
vn -0.9928 -0.1147 -0.0357
vn -0.9254 -0.1071 -0.3637
vn 0.9931 0.1151 -0.0245
vn -0.6870 -0.5871 0.4283
vn -0.7990 -0.0955 -0.5937
vn -0.4866 -0.0563 -0.8718
vn 0.0042 0.0005 -1.0000
vn 0.4928 0.0570 -0.8683
vn 0.8929 0.1033 -0.4382
vn -0.8501 -0.4892 -0.1949
vn -0.3886 -0.9084 0.1545
vn -0.7917 -0.4470 0.4165
vn -0.4531 -0.4510 0.7690
vn -0.0234 -0.9173 0.3976
vn 0.0316 -0.8908 -0.4532
vn 0.0570 -0.8806 -0.4705
vn -0.1353 -0.3940 0.9091
vn -0.2192 -0.9199 0.3252
vn -0.1259 -0.9534 0.2741
vn -0.0574 -0.4291 0.9014
vn -0.0074 -0.4177 0.9085
vn 0.0985 -0.9025 0.4194
vn 0.0868 -0.8854 -0.4567
vn 0.0999 -0.9030 -0.4178
vn 0.0654 -0.4086 0.9103
vn 0.0866 -0.9201 0.3821
vn 0.2725 -0.3602 -0.8922
vn 0.1409 -0.0003 -0.9900
vn 0.1098 -0.3929 -0.9130
vn 0.0692 -0.0089 -0.9976
vn 0.0171 -0.3548 -0.9348
vn 0.4284 0.0264 -0.9032
vn 0.7283 -0.3515 -0.5883
vn 0.7949 0.0694 -0.6028
vn 0.9356 0.0771 -0.3445
vn -0.6290 -0.1207 -0.7680
vn -0.4725 -0.8422 -0.2598
vn -0.9866 -0.1285 -0.1010
vn -0.9009 -0.1191 0.4174
vn -0.4900 -0.0711 0.8688
vn -0.1617 -0.0376 0.9861
vn -0.0914 -0.0277 0.9954
vn 0.0019 -0.0168 0.9999
vn -0.0420 -0.0219 0.9989
vn 0.0481 -0.8965 -0.4404
vn 0.1543 -0.9454 -0.2870
vn 0.2266 -0.9119 -0.3423
vn 0.5945 0.0257 -0.8037
vn 0.8028 -0.4984 -0.3273
vn 0.8459 -0.5101 -0.1556
vn 0.5855 -0.7958 0.1545
vn 0.4137 -0.8469 -0.3341
vn 0.5836 -0.2261 0.7799
vn 0.8633 -0.2106 0.4586
vn 0.1272 -0.8649 -0.4855
vn 0.2272 -0.8882 0.3992
vn 0.1456 -0.8707 -0.4698
vn 0.4274 -0.8542 0.2962
vn 0.2522 -0.3704 0.8940
vn 0.3335 -0.9022 0.2736
vn 0.1725 -0.4018 0.8994
vn 0.1025 -0.4050 0.9085
vn 0.1553 -0.8963 0.4153
vn 0.1219 -0.8812 -0.4568
vn -0.2495 -0.4622 -0.8510
vn -0.1371 -0.0324 -0.9900
vn -0.4231 -0.0721 -0.9032
vn -0.0660 -0.0246 -0.9975
vn -0.0022 -0.3208 -0.9471
vn 0.0176 -0.4064 -0.9135
vn -0.6287 -0.5087 -0.5882
vn -0.9285 -0.1386 -0.3445
vn -0.7897 -0.1139 -0.6028
vn 0.6399 0.0261 -0.7680
vn 0.9898 0.1002 -0.1010
vn 0.4933 0.0426 0.8688
vn 0.9043 0.0898 0.4174
vn 0.1660 0.0003 0.9861
vn 0.0953 -0.0061 0.9954
vn 0.0459 -0.0117 0.9989
vn 0.0986 -0.8932 -0.4388
vn -0.0289 -0.9703 -0.2403
vn -0.5847 -0.1108 -0.8037
vn 0.0612 -0.3706 -0.9268
vn -0.6703 -0.6725 -0.3138
vn -0.8327 0.5078 0.2206
vn -0.9918 -0.1138 0.0586
vn -0.9835 -0.1083 0.1451
vn -0.4557 0.3928 0.7988
vn 0.3089 0.0326 0.9505
vn 0.3249 0.5527 0.7674
vn -0.0532 0.9803 0.1905
vn -0.1106 0.9307 0.3487
vn -0.8377 0.2910 0.4622
vn -0.8767 -0.1005 0.4705
vn 0.6587 0.5271 0.5369
vn 0.9822 0.1191 0.1451
vn 0.6885 0.6739 0.2682
vn -0.3254 -0.0501 0.9443
vn 0.0223 0.0086 -0.9997
vn -0.4431 0.4444 -0.7786
vn 0.3091 0.5328 -0.7878
vn -0.8340 0.2296 -0.5017
vn -0.8667 0.4985 -0.0207
vn 0.7214 0.4108 -0.5575
vn -0.0930 0.9665 -0.2394
vn 0.9916 0.1156 0.0586
vn 0.7288 0.6830 0.0489
vn -0.2815 -0.0536 0.9581
vn 0.2426 0.5417 0.8048
vn -0.4321 0.4583 0.7767
vn 0.6958 0.5417 0.4716
vn 0.8834 0.1032 0.4572
vn -0.0976 0.9316 0.3501
vn -0.8288 0.3397 0.4447
vn -0.8234 0.5003 0.2679
vn 0.2606 -0.0062 0.9654
vn -0.9034 -0.1032 0.4161
vn 0.6741 0.6433 0.3630
vn -0.0066 0.0042 -1.0000
vn 0.7320 0.3988 -0.5524
vn 0.7513 0.0869 -0.6542
vn 0.7263 0.6869 -0.0259
vn -0.8198 0.2080 -0.5336
vn -0.4411 0.4421 -0.7810
vn -0.1255 0.9608 -0.2471
vn 0.2287 0.6882 -0.6885
vn -0.8656 0.4979 0.0523
vn -0.1156 0.9692 0.2175
vn -0.7694 -0.0890 -0.6325
vn 0.2612 0.0668 0.9630
vn 0.7936 -0.4026 0.4561
vn 0.8804 0.1008 0.4634
vn -0.3338 0.0171 0.9425
vn -0.7040 -0.5583 0.4389
vn -0.2692 -0.5407 0.7969
vn 0.4297 -0.3940 0.8124
vn 0.9872 0.1095 0.1158
vn 0.1610 -0.9300 0.3304
vn -0.9861 -0.1188 0.1158
vn -0.6840 -0.6929 0.2280
vn -0.7201 -0.4111 -0.5589
vn -0.9921 -0.1154 0.0494
vn -0.7793 -0.0902 -0.6202
vn 0.8318 -0.2289 -0.5056
vn 0.0084 -0.0056 -0.9999
vn 0.7495 0.0867 -0.6563
vn -0.3344 -0.5337 -0.7768
vn -0.6476 -0.7583 0.0751
vn 0.1154 -0.9532 -0.2795
vn 0.1104 -0.9676 0.2272
vn 0.9922 0.1141 0.0494
vn 0.8631 -0.5028 0.0472
vn 0.8117 -0.4712 0.3452
vn 0.3700 -0.6217 -0.6903
vn 0.4214 -0.4007 0.8135
vn -0.2746 0.0089 0.9615
vn -0.2609 -0.5656 0.7823
vn -0.6772 -0.5750 0.4591
vn 0.3197 0.0879 0.9434
vn 0.8140 -0.3817 0.4377
vn 0.8941 0.1023 0.4359
vn -0.8774 -0.1025 0.4687
vn 0.1064 -0.9501 0.2932
vn 0.8261 -0.5155 0.2275
vn 0.0481 -0.9880 0.1470
vn 0.8739 -0.4738 -0.1089
vn 0.1139 -0.9541 -0.2771
vn 0.0041 -0.0087 -1.0000
vn -0.7389 -0.3945 -0.5462
vn -0.7575 -0.0876 -0.6469
vn 0.8296 -0.1990 -0.5217
vn 0.4344 -0.4420 -0.7848
vn -0.7622 -0.5681 0.3102
vn -0.6352 -0.7702 0.0578
vn -0.2251 -0.6792 -0.6985
vn 0.3270 -0.5309 0.7818
vn 0.1777 -0.9763 0.1239
vn 0.2834 -0.9559 0.0778
vn -0.2813 0.9490 0.1425
vn -0.0082 -0.9965 0.0832
vn -0.0868 -0.5209 0.8492
vn 0.2457 0.9617 0.1214
vn -0.1322 0.5769 -0.8061
vn -0.1705 0.9701 -0.1727
vn 0.5382 0.3676 0.7584
vn 0.1944 -0.4440 -0.8747
vn -0.1109 0.8448 0.5234
vn 0.4820 -0.1130 0.8689
vn 0.0334 -0.4014 -0.9153
vn -0.1883 -0.9750 -0.1181
vn -0.0101 -0.3596 -0.9330
vn -0.4688 0.4411 -0.7653
vn -0.0492 0.5895 -0.8063
vn -0.1128 0.9919 -0.0592
vn -0.1046 0.9791 -0.1746
vn -0.1042 0.8459 0.5230
vn -0.3936 -0.2640 0.8806
vn 0.4353 0.3785 -0.8169
vn -0.4065 0.1520 -0.9009
vn 0.9553 -0.2377 0.1755
vn 0.4804 -0.8430 0.2422
vn 0.8170 -0.5767 0.0042
vn -0.4385 0.7289 0.5257
vn -0.6337 -0.5712 0.5217
vn -0.2617 -0.2145 0.9410
vn -0.2151 0.9120 -0.3493
vn 0.4181 0.9063 -0.0617
vn 0.3082 0.8062 -0.5051
vn 0.2599 0.9585 0.1174
vn 0.7139 -0.2444 0.6563
vn -0.2431 0.3627 -0.8996
vn 0.5858 -0.7163 -0.3791
vn 0.2110 -0.8898 -0.4046
vn 0.3805 -0.2256 0.8968
vn 0.2205 -0.9060 0.3613
vn 0.2319 -0.9049 0.3569
vn -0.0379 -0.9693 -0.2430
vn -0.4730 0.1677 -0.8649
vn -0.1033 -0.9420 -0.3194
vn -0.2091 0.9221 -0.3254
vn 0.0226 0.9365 0.3498
vn -0.2690 0.9004 -0.3420
vn 0.2369 -0.2758 0.9316
vn 0.3655 -0.8813 0.2997
vn -0.4073 0.2419 -0.8807
vn 0.0625 -0.9420 -0.3297
vn -0.2582 0.9019 -0.3464
vn 0.0746 0.9487 0.3072
vn 0.4977 -0.2577 0.8282
vn 0.1617 -0.9200 0.3570
vn -0.9424 0.1871 -0.2771
vn -0.2176 -0.9193 -0.3279
vn -0.6044 -0.7963 -0.0267
vn -0.1987 0.9077 -0.3696
vn -0.8353 0.5071 0.2123
vn -0.1397 0.9531 0.2683
vn 0.3419 -0.2710 0.8998
vn 0.3901 0.4135 -0.8227
vn -0.4614 0.2156 -0.8606
vn -0.6167 0.1463 -0.7735
vn 0.0626 0.9650 0.2545
vn 0.8984 0.0193 0.4387
vn 0.6156 0.6575 0.4344
vn 0.4493 0.5032 0.7382
vn 0.7964 0.0068 0.6047
vn 0.8323 0.5324 0.1545
vn 0.7717 0.1140 0.6256
vn 0.9926 0.1212 0.0100
vn 0.9634 -0.1648 0.2117
vn 0.7265 0.2372 0.6450
vn 0.8354 -0.1910 0.5154
vn 0.8693 0.2427 0.4306
vn 0.6181 -0.2234 0.7537
vn 0.8985 0.1288 0.4197
vn 0.4009 0.0537 0.9145
vn 0.9434 -0.1881 0.2730
vn 0.8432 0.1195 0.5242
vn 0.8165 -0.3161 0.4832
vn 0.6701 -0.2298 0.7058
vn 0.5634 0.0853 0.8217
vn 0.5871 0.4109 0.6974
vn 0.7060 0.5252 0.4752
vn 0.8613 0.4313 0.2686
vn 0.9765 0.1313 0.1707
vn 0.1530 -0.9874 0.0409
vn -0.8989 -0.4334 0.0641
vn -0.7065 -0.5165 -0.4838
vn -0.2483 -0.3750 -0.8931
vn 0.4083 -0.8879 -0.2119
vn 0.7172 -0.2792 -0.6385
vn 0.8418 0.1287 -0.5243
vn 0.9527 -0.2376 -0.1895
vn 0.4075 0.8068 -0.4278
vn 0.5314 0.7871 -0.3130
vn -0.0205 0.9974 0.0694
vn 0.1195 0.9807 0.1549
vn -0.3748 0.7196 0.5846
vn -0.2090 0.7198 0.6620
vn -0.5001 -0.0044 0.8660
vn -0.2760 -0.0007 0.9612
vn -0.3815 -0.4409 0.8125
vn 0.1814 -0.3654 0.9130
vn -0.4087 -0.8969 -0.1688
vn -0.4320 -0.8378 0.3339
vn -0.0288 -0.9930 -0.1150
vn 0.3028 -0.6389 -0.7072
vn 0.2992 -0.7548 -0.5837
vn 0.5301 0.1083 -0.8410
vn 0.4189 0.0137 -0.9079
vn 0.0829 0.7457 -0.6611
vn 0.1999 0.7930 -0.5754
vn -0.3317 0.9294 -0.1616
vn -0.2261 0.9719 -0.0649
vn -0.6787 0.6531 0.3358
vn -0.5772 0.6860 0.4430
vn -0.7743 -0.1082 0.6235
vn -0.6851 -0.0488 0.7268
vn -0.5496 -0.7142 0.4334
vn 0.8294 -0.0494 0.5564
vn 0.4825 0.0655 0.8734
vn 0.8350 0.1730 0.5224
vn -0.5619 -0.1926 0.8044
vn -0.8686 -0.4954 -0.0062
vn -0.8250 -0.2262 -0.5179
vn 0.9906 -0.1163 0.0724
vn -0.2038 -0.3035 -0.9308
vn 0.6581 -0.0492 -0.7513
vn 0.9882 0.1002 0.1155
vn -0.3690 -0.0602 -0.9275
vn -0.8485 -0.0826 -0.5227
vn -0.9918 -0.1234 0.0327
vn 0.4872 0.0677 0.8706
vn -0.6048 -0.0869 0.7916
vn 0.8156 0.0231 0.5782
vn 0.6049 -0.6981 0.3831
vn -0.0560 -0.8379 0.5429
vn 0.5315 -0.0601 -0.8449
vn 0.5604 -0.8194 -0.1205
vn -0.6362 0.7033 -0.3171
vn -0.4372 0.2049 -0.8757
vn -0.8484 0.0656 -0.5252
vn -0.9589 0.2628 0.1066
vn -0.6780 -0.1765 0.7136
vn -0.2367 -0.4950 0.8360
vn 0.7984 -0.3886 0.4599
vn 0.5664 -0.3737 0.7345
vn 0.7445 -0.0078 -0.6676
vn -0.1790 0.4063 -0.8960
vn -0.8120 0.3478 -0.4687
vn -0.2667 0.1868 -0.9455
vn -0.9363 0.2743 0.2193
vn -0.5674 -0.1536 0.8090
vn 0.6746 -0.0292 -0.7376
vn 0.7288 0.1736 -0.6624
vn -0.9821 0.1489 0.1153
vn 0.9937 -0.0491 -0.1012
vn 0.8405 -0.1049 0.5316
vn 0.7843 0.3901 0.4824
vn -0.7261 0.5130 0.4578
vn -0.8823 -0.1805 0.4347
vn -0.5523 0.3873 0.7382
vn -0.7769 -0.1752 0.6047
vn -0.8253 -0.2872 0.4862
vn -0.9415 0.3143 0.1221
vn -0.7774 -0.0646 0.6256
vn -0.9045 -0.3739 0.2052
vn -0.9918 -0.1264 -0.0201
vn -0.7697 -0.3814 0.5120
vn -0.7613 0.0652 0.6451
vn -0.9018 0.0378 0.4306
vn -0.8314 0.1921 0.5213
vn -0.5408 -0.3400 0.7693
vn -0.9042 -0.0797 0.4197
vn -0.3903 0.0202 0.9205
vn -0.8756 -0.3986 0.2730
vn -0.7227 -0.4942 0.4832
vn -0.8482 -0.0762 0.5242
vn -0.5999 -0.3768 0.7058
vn -0.5680 -0.0456 0.8217
vn -0.6654 0.2660 0.6974
vn -0.8072 0.3501 0.4752
vn -0.9370 0.2233 0.2686
vn -0.9807 -0.0956 0.1707
vn 0.0809 -0.9957 -0.0456
vn 0.9741 -0.2167 0.0640
vn 0.1886 -0.9258 0.3276
vn 0.3754 -0.3975 -0.8373
vn -0.1955 -0.9576 -0.2117
vn -0.8720 -0.1141 -0.4760
vn -0.6236 -0.4529 -0.6372
vn -0.8734 -0.4487 -0.1894
vn -0.5810 0.6924 -0.4278
vn -0.7383 -0.0750 -0.6703
vn -0.7327 0.6413 -0.2280
vn -0.2077 0.9757 0.0694
vn -0.3544 0.9055 0.2334
vn 0.2006 0.7861 0.5846
vn 0.0498 0.6858 0.7261
vn 0.4878 0.1097 0.8660
vn 0.2138 -0.0051 0.9769
vn 0.4720 -0.3421 0.8125
vn 0.4763 -0.8149 -0.3303
vn 0.6119 -0.7170 0.3339
vn 0.6827 -0.5771 0.4482
vn -0.2108 -0.7210 -0.6601
vn 0.2549 -0.9601 -0.1149
vn -0.5398 -0.0594 -0.8397
vn -0.1190 -0.8032 -0.5837
vn -0.2510 0.7071 -0.6611
vn -0.3757 0.7265 -0.5754
vn 0.1108 0.9806 -0.1616
vn -0.0018 0.9979 -0.0649
vn 0.5117 0.7908 0.3358
vn 0.4053 0.7997 0.4430
vn 0.7785 0.0715 0.6235
vn 0.6782 0.1089 0.7268
vn -0.3842 -0.3301 0.8622
vn -0.8230 -0.2285 0.5201
vn -0.8525 -0.0223 0.5223
vn 0.5244 -0.0360 0.8507
vn -0.0888 -0.4482 0.8895
vn 0.9423 -0.1975 0.2701
vn -0.9962 -0.0695 0.0529
vn 0.3737 -0.4129 -0.8306
vn 0.8097 -0.0825 -0.5811
vn -0.6289 -0.1986 -0.7517
vn -0.9954 0.0153 -0.0949
vn 0.3730 0.0262 -0.9274
vn 0.9766 0.2078 0.0554
vn -0.2787 -0.3418 0.8975
vn -0.7991 -0.1648 0.5782
vn -0.4726 -0.8138 0.3382
vn -0.6289 -0.7748 0.0651
vn -0.4518 -0.1740 -0.8750
vn 0.2110 0.3669 -0.9060
vn 0.4541 0.8278 -0.3295
vn 0.8110 0.2575 -0.5253
vn 0.9172 0.3827 -0.1110
vn 0.8176 0.5112 0.2649
vn 0.6399 -0.0866 0.7636
vn -0.0416 -0.4127 0.9099
vn -0.6886 -0.5606 0.4599
vn -0.6396 -0.1820 -0.7469
vn 0.0288 0.4183 -0.9078
vn 0.7111 0.5240 -0.4687
vn 0.5875 -0.0199 0.8090
vn -0.0769 -0.6481 0.7577
vn 0.1509 0.1923 -0.9697
vn -0.6628 -0.1869 -0.7251
vn 0.5704 -0.0455 0.8201
vn 0.9214 0.3235 0.2155
vn 0.8520 0.2252 -0.4727
vn -0.8029 -0.5377 -0.2573
vn 0.0250 -0.1216 -0.9923
vn -0.5516 -0.4102 -0.7262
vn 0.1040 -0.9009 -0.4214
vn -0.6015 -0.6804 -0.4186
vn -0.6051 -0.0151 -0.7960
vn 0.0641 -0.5540 -0.8300
vn 0.0035 -0.0299 -0.9995
vn 0.0228 -0.7385 -0.6739
vn -0.1577 -0.1334 -0.9784
vn -0.0627 -0.0355 -0.9974
vn -0.0051 0.0431 -0.9991
vn -0.3620 -0.0432 -0.9312
vn 0.6663 -0.4350 -0.6056
vn 0.1044 -0.9008 -0.4214
vn 0.6039 -0.0259 -0.7966
vn -0.0584 0.5051 -0.8611
vn 0.5594 0.4431 -0.7006
vn -0.1069 0.9228 -0.3702
vn 0.7112 -0.5226 -0.4702
vn 0.1464 -0.7242 -0.6739
vn 0.1552 -0.1794 -0.9715
vn 0.0692 -0.0202 -0.9974
vn 0.3623 0.0406 -0.9312
vn -0.0068 0.0331 -0.9994
vn 0.0004 -0.0031 -1.0000
vn 0.0008 -0.0068 -1.0000
vn -0.0049 0.0299 -0.9995
vn -0.0035 0.0300 -0.9995
vn -0.0009 0.0338 -0.9994
vn -0.0021 0.0302 -0.9995
vn -0.8371 0.0396 0.5456
vn -0.8524 0.1691 0.4949
vn -0.9941 0.0407 0.1008
vn 0.7181 0.6944 -0.0466
vn 0.7088 0.7012 -0.0769
vn -0.9987 0.0434 -0.0258
vn -0.9918 0.1240 0.0308
vn -0.9883 0.1526 0.0061
vn -0.9800 0.1422 0.1395
vn -0.8369 0.2934 0.4621
vn -0.9669 0.1221 0.2241
vn -0.8656 0.4956 -0.0724
vn -0.5071 0.8441 -0.1740
vn 0.3551 0.9216 0.1571
vn 0.6010 0.7712 0.2099
vn -0.0427 0.9986 0.0312
vn 0.3012 0.9535 0.0067
vn 0.0333 0.9946 0.0981
vn -0.0878 0.6499 0.7549
vn -0.0944 0.8982 0.4294
vn 0.6783 0.7331 0.0492
vn 0.6979 0.7150 -0.0421
vn -0.8785 0.4756 -0.0459
vn 0.9417 0.3116 0.1271
vn 0.9714 0.2372 -0.0123
vn -0.8846 0.4663 0.0017
vn -0.8242 0.5602 -0.0830
vn -0.1139 0.9840 -0.1368
vn -0.8474 0.5230 -0.0917
vn -0.8316 0.5540 0.0396
vn 0.9370 0.3482 0.0282
vn 0.9659 0.2590 -0.0020
vn 0.9264 0.3765 0.0060
vn 0.9192 0.3595 0.1609
vn 0.7051 0.7052 -0.0747
vn 0.5400 0.7602 -0.3612
vn -0.6810 0.5793 0.4479
vn -0.6940 0.4806 0.5360
vn -0.7607 0.6147 0.2084
vn -0.5708 0.8010 0.1803
vn -0.5247 0.8483 0.0718
vn -0.4256 0.3175 0.8474
vn -0.2002 0.9772 0.0703
vn -0.1857 0.5651 0.8038
vn -0.2383 0.9666 0.0945
vn -0.1242 0.8910 0.4366
vn 0.9147 0.3391 0.2199
vn 0.5963 0.5573 -0.5778
vn -0.0812 0.7019 -0.7076
vn 0.4630 0.6524 -0.6000
vn -0.6251 -0.3088 0.7169
vn 0.0283 -0.2447 0.9692
vn -0.6553 -0.1794 0.7338
vn 0.8037 0.0440 0.5935
vn -0.1733 -0.2114 0.9619
vn 0.9104 0.4120 -0.0380
vn 0.7228 0.1656 0.6709
vn 0.9312 0.1725 0.3212
vn 0.0559 -0.4829 0.8739
vn 0.6592 0.1095 0.7439
vn 0.0095 -0.0818 0.9966
vn -0.6668 -0.0439 0.7439
vn -0.6593 -0.4240 0.6209
vn 0.7424 -0.2645 0.6155
vn 0.3684 -0.3600 -0.8571
vn 0.5765 -0.7655 -0.2857
vn -0.0926 0.7713 -0.6298
vn 0.2198 0.9755 0.0065
vn 0.4646 0.7448 -0.4789
vn -0.9323 0.2062 0.2973
vn -0.4517 0.4870 0.7475
vn -0.6303 0.6220 0.4646
vn 0.3286 0.5773 0.7475
vn 0.0600 0.6228 0.7801
vn 0.9259 0.3253 0.1921
vn 0.7863 0.6055 -0.1227
vn 0.3400 0.8935 0.2934
vn 0.7382 -0.6704 0.0753
vn 0.2996 -0.4983 -0.8136
vn 0.5134 -0.8375 -0.1869
vn -0.3058 0.0691 0.9496
vn -0.0750 0.6484 0.7576
vn -0.2825 0.6553 0.7005
vn -0.5424 0.8353 0.0897
vn -0.0217 0.9860 0.1651
vn -0.5706 0.7259 0.3841
vn 0.2200 0.6651 0.7136
vn 0.2453 0.8740 0.4195
vn -0.1135 0.9814 0.1551
vn 0.1882 0.9551 0.2286
vn -0.3587 0.9141 0.1892
vn 0.4104 0.8552 0.3164
vn -0.5116 0.7465 0.4255
vn -0.3315 0.5712 0.7508
vn -0.0567 0.4903 0.8697
vn -0.1004 0.8681 0.4862
vn 0.1948 0.6314 0.7506
vn 0.2818 0.6006 0.7482
vn 0.4732 0.8340 0.2838
vn 0.2591 0.9613 0.0938
vn -0.1148 0.9926 -0.0395
vn -0.4717 0.8768 0.0937
vn -0.5464 0.7453 0.3821
vn -0.6110 0.6838 0.3987
vn 0.3600 0.7429 0.5643
vn -0.4961 0.6224 0.6054
vn -0.0311 0.2684 -0.9628
vn -0.2775 0.6898 -0.6687
vn -0.8345 0.3574 -0.4194
vn -0.6985 0.0521 -0.7137
vn -0.9430 -0.3132 -0.1128
vn -0.9977 0.0056 0.0669
vn -0.6216 -0.6123 0.4885
vn 0.0776 -0.6712 0.7372
vn 0.7450 -0.4542 0.4885
vn 0.9896 -0.0896 -0.1128
vn 0.6536 0.2371 -0.7188
vn -0.0183 0.1580 -0.9873
vn -0.6631 -0.0517 -0.7467
vn -0.8995 -0.4042 -0.1658
vn -0.5889 -0.6935 0.4150
vn 0.0868 -0.7500 0.6557
vn 0.7317 -0.5407 0.4150
vn 0.9680 -0.1882 -0.1658
vn 0.5823 0.2449 -0.7752
vn -0.0559 0.4829 -0.8739
vn -0.7419 0.2602 -0.6179
vn -0.9934 -0.1149 -0.0000
vn -0.6629 -0.4227 0.6179
vn 0.7419 -0.2602 0.6179
vn 0.9934 0.1149 -0.0000
vn 0.6629 0.4227 -0.6179
vn -0.6027 0.5332 -0.5936
vn -0.9592 -0.0474 0.2789
vn -0.7034 0.4945 -0.5105
vn -0.0210 0.8737 0.4860
vn -0.9051 0.4076 -0.1209
vn -0.8740 0.0364 0.4846
vn -0.4789 0.6123 -0.6291
vn -0.3202 -0.9089 -0.2673
vn -0.2180 -0.4582 -0.8617
vn -0.2840 -0.4448 -0.8494
vn 0.0330 0.1173 0.9925
vn -0.0362 -0.9992 -0.0183
vn 0.2640 0.7488 0.6080
vn 0.2418 0.8736 -0.4223
vn 0.2934 0.8721 -0.3917
vn 0.2862 0.1277 0.9496
vn -0.3049 -0.9347 -0.1824
vn -0.1732 -0.5515 -0.8160
vn 0.4190 0.8368 -0.3525
vn 0.2926 0.7709 0.5657
vn 0.1838 0.1580 0.9702
vn -0.0237 -0.4223 -0.9062
vn -0.1771 0.8540 0.4891
vn 0.4007 0.5420 -0.7387
vn 0.7089 0.1570 0.6877
vn -0.4280 0.7925 -0.4345
vn -0.0560 0.0936 0.9940
vn -0.4211 0.6706 0.6107
vn -0.4596 0.6842 0.5663
vn -0.1720 0.1373 0.9755
vn -0.5940 0.7177 -0.3635
vn -0.4786 0.7767 -0.4095
vn -0.6804 0.4424 0.5843
vn -0.5224 0.3533 0.7761
vn -0.3285 -0.4901 0.8074
vn -0.2962 0.3077 0.9042
vn -0.0362 0.3127 0.9492
vn 0.2181 0.3674 0.9042
vn 0.4318 -0.4022 0.8073
vn 0.4279 0.4633 0.7760
vn 0.5613 0.5861 0.5843
vn 0.9391 -0.0786 0.3344
vn 0.5981 0.7170 0.3580
vn 0.8964 0.2910 -0.3344
vn 0.5323 0.8362 0.1319
vn 0.3744 0.9253 -0.0599
vn 0.6629 0.4228 -0.6179
vn 0.1483 0.9709 -0.1882
vn 0.3285 0.4902 -0.8074
vn -0.1117 0.9660 -0.2331
vn -0.4318 0.4022 -0.8074
vn -0.3660 0.9114 -0.1881
vn -0.5758 0.8154 -0.0600
vn -0.9391 0.0786 -0.3344
vn -0.7092 0.6926 0.1319
vn -0.7459 0.5617 0.3581
vn -0.8964 -0.2910 0.3344
vn -0.0458 0.8842 0.4649
vn -0.0599 0.8922 0.4476
vn -0.0802 0.8963 0.4361
vn -0.1036 0.8958 0.4322
vn -0.1264 0.8909 0.4363
vn -0.1454 0.8823 0.4476
vn -0.1572 0.8713 0.4650
vn -0.1607 0.8595 0.4853
vn -0.1546 0.8488 0.5055
vn -0.1405 0.8408 0.5228
vn -0.1203 0.8365 0.5346
vn -0.0968 0.8371 0.5384
vn -0.0740 0.8420 0.5343
vn -0.0552 0.8507 0.5228
vn -0.0433 0.8617 0.5055
vn -0.0399 0.8735 0.4853
vn 0.4210 0.8981 -0.1273
vn 0.1744 0.9478 -0.2669
vn -0.1090 0.9425 -0.3160
vn -0.3862 0.8829 -0.2670
vn -0.6149 0.7783 -0.1273
vn -0.7604 0.6443 0.0818
vn -0.8003 0.5016 0.3284
vn -0.7288 0.3718 0.5750
vn -0.5566 0.2747 0.7840
vn -0.3101 0.2249 0.9237
vn -0.0266 0.2303 0.9728
vn 0.2506 0.2897 0.9237
vn 0.4792 0.3945 0.7840
vn 0.6248 0.5283 0.5750
vn 0.6647 0.6711 0.3284
vn 0.5812 0.8100 0.0783
vn 0.3285 0.4902 -0.8073
vn -0.3285 -0.4902 0.8073
vn 0.4318 -0.4022 0.8074
vn 0.5567 -0.2746 -0.7840
vn 0.3101 -0.2250 -0.9237
vn 0.0266 -0.2302 -0.9728
vn -0.2506 -0.2897 -0.9237
vn -0.4793 -0.3945 -0.7840
vn -0.6247 -0.5284 -0.5750
vn -0.6646 -0.6711 -0.3284
vn -0.5932 -0.8009 -0.0817
vn -0.4210 -0.8981 0.1273
vn -0.1744 -0.9478 0.2669
vn 0.1090 -0.9425 0.3160
vn 0.3862 -0.8829 0.2670
vn 0.6149 -0.7782 0.1273
vn 0.7603 -0.6443 -0.0818
vn 0.8003 -0.5016 -0.3284
vn 0.7267 -0.3875 -0.5672
vn 0.1546 -0.8488 -0.5055
vn 0.1405 -0.8408 -0.5228
vn 0.1202 -0.8366 -0.5344
vn 0.0968 -0.8371 -0.5384
vn 0.0740 -0.8421 -0.5342
vn 0.0551 -0.8506 -0.5229
vn 0.0432 -0.8617 -0.5056
vn 0.0396 -0.8735 -0.4852
vn 0.0459 -0.8841 -0.4650
vn 0.0600 -0.8921 -0.4478
vn 0.0802 -0.8964 -0.4359
vn 0.1036 -0.8958 -0.4322
vn 0.1265 -0.8909 -0.4362
vn 0.1453 -0.8823 -0.4477
vn 0.1573 -0.8713 -0.4649
vn 0.1606 -0.8595 -0.4853
vn -0.3745 -0.9253 0.0600
vn -0.1483 -0.9709 0.1882
vn 0.1118 -0.9660 0.2331
vn 0.3660 -0.9114 0.1880
vn 0.5759 -0.8153 0.0600
vn 0.7092 -0.6926 -0.1319
vn 0.7460 -0.5615 -0.3580
vn 0.6803 -0.4425 -0.5843
vn 0.5223 -0.3535 -0.7760
vn 0.2962 -0.3076 -0.9042
vn 0.0362 -0.3128 -0.9491
vn -0.2181 -0.3672 -0.9042
vn -0.4278 -0.4634 -0.7760
vn -0.5613 -0.5862 -0.5843
vn -0.5980 -0.7171 -0.3580
vn -0.5352 -0.8360 -0.1215
vn -0.0311 0.0286 0.9991
vn 0.2157 0.0341 0.9759
vn 0.5005 0.0815 0.8619
vn -0.1024 0.0314 0.9942
vn -0.0628 0.0550 0.9965
vn 0.3666 -0.0216 0.9301
vn 0.4958 0.1085 0.8616
vn 0.9918 0.1093 0.0658
vn 0.9933 0.1103 0.0353
vn 0.8622 0.4128 0.2937
vn 0.9939 0.1101 0.0025
vn 0.9939 0.1105 0.0002
vn 0.9940 0.1089 -0.0008
vn 0.0115 -0.9999 -0.0000
vn 0.2171 -0.9762 -0.0000
vn 0.2143 -0.9768 -0.0000
vn -0.2171 0.9762 -0.0000
vn -0.0166 0.9999 -0.0000
vn -0.0086 1.0000 -0.0000
vn -1.0000 0.0046 0.0001
vn -0.9725 -0.2328 -0.0000
vn -0.9734 -0.2291 -0.0000
vn 1.0000 -0.0046 -0.0000
vn 0.9740 0.2267 0.0001
vn 0.9717 0.2361 -0.0000
vn 1.0000 -0.0008 -0.0000
vn 0.0144 -0.9999 -0.0000
vn -0.2143 0.9768 -0.0000
vn 0.0144 -0.9999 -0.0001
vn -0.2121 0.9772 -0.0000
vn -0.0115 0.9999 -0.0000
vn -0.2199 0.9755 -0.0000
vn 0.9725 0.2328 -0.0000
vn -1.0000 -0.0017 -0.0000
vn -0.9725 -0.2327 -0.0000
vn -1.0000 0.0080 0.0002
vn -0.0144 0.9999 -0.0000
vn 0.3203 -0.7745 0.5455
vn -0.1430 -0.0625 0.9877
vn -0.1391 -0.8269 0.5449
vn 0.1675 0.0056 0.9859
vn -0.3045 0.6399 0.7055
vn 0.2872 0.9278 0.2380
vn -0.2800 0.7865 -0.5504
vn -0.2514 0.9632 0.0954
vn 0.1403 0.2281 0.9635
vn -0.9745 -0.2138 0.0679
vn -0.9945 0.0330 -0.0995
vn 0.9607 0.2592 -0.0995
vn 0.1957 0.7354 0.6487
vn -0.5825 0.2665 0.7679
vn 0.9976 0.0144 0.0679
vn 0.4393 -0.7294 0.5244
vn -0.2379 -0.1358 0.9618
vn -0.2619 -0.8103 0.5242
vn 0.2722 -0.0548 0.9607
vn -0.4511 0.5668 0.6893
vn 0.3046 0.9404 0.1515
vn -0.4594 0.7202 -0.5198
vn -0.3835 0.9158 0.1191
vn 0.2531 0.3275 0.9103
vn -0.9746 -0.2134 0.0677
vn -0.9952 0.0257 -0.0946
vn 0.9630 0.2522 -0.0946
vn 0.3644 0.7210 0.5894
vn -0.6953 0.3165 0.6453
vn 0.9976 0.0147 0.0676
vn 0.5124 -0.6938 0.5061
vn -0.2738 0.0351 0.9612
vn -0.3408 -0.7923 0.5060
vn 0.3215 0.1258 0.9385
vn -0.4373 0.5631 0.7012
vn 0.3043 0.9401 0.1536
vn -0.4447 0.7270 -0.5232
vn -0.3623 0.9212 0.1418
vn 0.2787 0.2801 0.9186
vn -0.9686 -0.2346 0.0824
vn -0.9910 0.0618 -0.1186
vn 0.9507 0.2864 -0.1186
vn 0.3353 0.7348 0.5896
vn -0.5562 0.4922 0.6696
vn 0.9966 -0.0073 0.0824
vn 0.4606 -0.1635 0.8724
vn -0.0719 0.6195 0.7817
vn 0.0066 -0.0564 0.9984
vn 0.2787 0.9581 -0.0658
vn -0.0946 0.8196 0.5650
vn 0.3246 0.8370 0.4405
vn 0.4788 -0.7064 0.5213
vn 0.0770 -0.6676 0.7405
vn -0.2085 -0.6559 0.7255
vn -0.3618 -0.0922 0.9277
vn -0.3640 0.5459 0.7546
vn -0.4854 0.7527 0.4448
vn -0.9789 0.0546 -0.1970
vn -0.4555 0.2903 -0.8416
vn -0.3956 0.9085 -0.1347
vn 0.3957 0.3871 -0.8328
vn -0.1270 0.9121 -0.3899
vn 0.9406 0.2766 -0.1970
vn 0.7286 0.4721 0.4962
vn -0.2616 -0.8989 0.3516
vn 0.4838 -0.8334 0.2670
vn 0.9698 0.1161 0.2143
vn 0.9925 0.1221 0.0105
vn 0.1058 -0.9163 0.3862
vn 0.5135 -0.8161 0.2653
vn -0.9707 -0.1084 0.2143
vn -0.1317 -0.9041 0.4064
vn 0.5549 -0.8242 -0.1128
vn -0.0833 -0.9888 0.1240
vn 0.3185 -0.9405 0.1187
vn -0.0349 -0.9554 -0.2933
vn 0.2530 -0.9215 -0.2948
vn -0.3311 -0.0383 -0.9428
vn 0.3328 0.0385 -0.9422
vn 0.9685 0.1120 -0.2225
vn 0.9808 0.1135 0.1587
vn -0.1928 -0.9799 0.0505
vn -0.9685 -0.1120 -0.2225
vn -0.9808 -0.1135 0.1587
vn -0.3626 -0.4726 0.8032
vn -0.2879 -0.7978 0.5297
vn -0.3167 -0.6456 0.6948
vn -0.0726 -0.7931 0.6047
vn -0.0980 -0.6375 0.7642
vn 0.0916 -0.7750 0.6253
vn 0.0725 -0.6167 0.7839
vn 0.2514 -0.7547 0.6059
vn 0.2412 -0.5917 0.7693
vn 0.8067 -0.2170 0.5496
vn 0.4715 -0.7081 0.5256
vn 0.9911 0.0538 0.1218
vn 0.7422 -0.5693 0.3537
vn 0.4023 0.8986 0.1753
vn -0.0988 0.8859 0.4532
vn -0.1034 0.8900 0.4442
vn 0.5519 0.8259 0.1152
vn 0.9523 0.1166 -0.2821
vn -0.9832 -0.1161 -0.1407
vn -0.5853 -0.7270 0.3590
vn 0.0374 0.9499 0.3102
vn 0.0205 0.9238 0.3823
vn -0.1697 0.8479 0.5022
vn -0.2275 0.8939 0.3863
vn -0.2845 0.9537 0.0976
vn -0.0946 0.8145 0.5724
vn -0.1285 0.9681 0.2151
vn -0.1815 0.7831 0.5948
vn -0.1989 0.8632 0.4641
vn 0.4159 0.3506 0.8391
vn 0.0060 0.8877 0.4603
vn -0.0554 0.9141 0.4017
vn -0.0266 0.9013 0.4323
vn -0.5942 0.7817 0.1894
vn -0.0356 0.9356 0.3513
vn 0.2549 0.7402 -0.6222
vn -0.0966 0.9243 0.3692
vn -0.5901 0.7800 -0.2081
vn -0.1526 0.9019 0.4041
vn -0.1463 0.9274 0.3442
vn -0.0955 0.8130 0.5743
vn 0.0259 0.8823 0.4699
vn -0.0726 0.9588 -0.2745
vn 0.4364 0.5557 -0.7076
vn -0.0665 0.5746 -0.8157
vn -0.5467 0.4437 -0.7101
vn -0.4605 0.8634 -0.2061
vn 0.7821 0.2891 -0.5520
vn 0.9492 0.1649 -0.2679
vn -0.0528 0.9027 0.4271
vn 0.4112 0.8399 -0.3543
vn -0.0493 0.8339 -0.5498
vn -0.0167 0.9584 0.2849
vn 0.2290 0.9443 -0.2362
vn 0.8892 0.3294 -0.3174
vn -0.9410 0.1177 -0.3174
vn -0.1082 0.8985 0.4255
vn -0.7707 0.6272 -0.1127
vn 0.9522 0.2550 -0.1681
vn 0.5133 0.8460 0.1441
vn -0.9537 -0.1038 -0.2822
vn -0.9498 -0.0028 -0.3127
vn -0.9634 -0.0608 -0.2612
vn -0.2505 0.8559 0.4524
vn -0.1393 0.8234 -0.5501
vn -0.5885 0.7216 -0.3646
vn -0.9860 0.0278 -0.1642
vn -0.1744 -0.2021 0.9637
vn -0.2051 -0.3031 0.9306
vn -0.1428 -0.3451 0.9277
vn -0.0372 -0.4769 0.8782
vn 0.1112 -0.9612 0.2523
vn 0.0745 -0.6429 0.7623
vn -0.0226 -0.4381 0.8986
vn -0.1905 0.0670 0.9794
vn -0.0551 0.2704 0.9612
vn -0.1047 -0.4500 0.8869
vn 0.0013 -0.3418 0.9398
vn 0.0103 -0.1461 0.9892
vn 0.1272 -0.4368 0.8905
vn 0.0097 -0.0835 0.9965
vn -0.2712 -0.0372 0.9618
vn -0.2077 -0.0984 0.9732
vn -0.4063 -0.0915 0.9092
vn -0.4396 -0.2728 0.8557
vn -0.4462 0.1308 0.8853
vn -0.0741 0.5289 0.8454
vn -0.3108 -0.4438 0.8405
vn -0.1270 0.4434 0.8873
vn 0.1055 0.4658 0.8786
vn 0.0069 -0.9587 0.2843
vn 0.1117 -0.9654 0.2358
vn 0.2086 -0.2676 0.9407
vn 0.2956 -0.2685 0.9168
vn 0.2571 -0.3743 0.8910
vn 0.0744 -0.6429 0.7623
vn 0.1196 -0.4137 0.9025
vn 0.1741 0.1058 0.9790
vn -0.0081 0.2758 0.9612
vn 0.2281 -0.4207 0.8781
vn 0.0769 -0.3330 0.9398
vn 0.3547 -0.2960 0.8869
vn 0.2658 -0.1603 0.9506
vn 0.2964 0.0922 0.9506
vn 0.3964 0.0375 0.9173
vn 0.3898 0.2571 0.8843
vn -0.0486 0.5319 0.8454
vn 0.4356 -0.2904 0.8520
vn 0.3471 -0.1768 0.9210
vn -0.1650 0.4728 -0.8656
vn -0.0164 0.1534 -0.9880
vn -0.0485 0.4253 -0.9038
vn -0.2125 0.5087 -0.8343
vn -0.0132 0.1395 -0.9901
vn -0.0525 0.4678 -0.8823
vn -0.1241 0.9835 -0.1313
vn -0.1069 0.9883 -0.1084
vn -0.1104 0.9710 0.2120
vn -0.1118 0.9659 0.2335
vn -0.0913 -0.0107 -0.9958
vn -0.0000 -0.0004 -1.0000
vn -0.0000 -0.0002 -1.0000
vn -0.0973 0.0153 -0.9951
vn -0.1065 0.9211 -0.3745
vn -0.1118 0.9607 0.2542
vn -0.1148 0.9569 0.2666
vn -0.1107 0.8274 0.5506
vn -0.1124 0.8368 0.5358
vn -0.1127 0.1063 0.9879
vn -0.1208 0.0142 0.9926
vn 0.0756 0.2646 0.9614
vn -0.1160 0.9932 -0.0023
vn -0.1149 0.9934 -0.0033
vn -0.6505 -0.0784 -0.7554
vn -0.3470 -0.0776 -0.9347
vn -0.0153 0.1499 -0.9886
vn -0.7014 -0.0215 -0.7124
vn 0.1572 0.4984 -0.8526
vn -0.0786 0.9482 -0.3077
vn -0.1585 0.1114 -0.9811
vn -0.8143 0.5583 0.1586
vn -0.1048 0.8427 0.5281
vn -0.1777 0.8189 0.5458
vn -0.1506 0.0210 0.9884
vn 0.0006 -0.0048 1.0000
vn -0.3537 0.7061 0.6134
vn -0.1119 0.9674 0.2272
vn -0.1495 0.4946 0.8561
vn -0.2627 0.7333 0.6271
vn -0.1443 0.0150 0.9894
vn 0.0236 0.2837 0.9586
vn -0.1871 0.8815 -0.4335
vn -0.0158 0.1473 -0.9890
vn -0.0879 0.9588 0.2702
vn -0.1132 0.8428 0.5262
vn -0.1166 0.9574 0.2641
vn -0.3082 0.7532 0.5811
vn -0.0191 0.1531 -0.9880
vn -0.0474 0.4143 -0.9089
vn -0.0507 0.4250 -0.9038
vn -0.0190 0.1389 -0.9901
vn -0.0615 0.4332 -0.8992
vn -0.0557 0.4675 -0.8823
vn -0.1033 0.9859 -0.1313
vn -0.1133 0.9850 -0.1304
vn -0.1217 0.9866 -0.1084
vn -0.1109 0.9917 -0.0646
vn -0.1136 0.9707 0.2120
vn -0.1119 0.9659 0.2335
vn 0.0914 0.0096 -0.9958
vn 0.0922 0.0102 -0.9957
vn -0.1088 0.9612 0.2533
vn -0.1068 0.9579 0.2665
vn -0.2113 0.7511 0.6254
vn -0.0817 0.8404 0.5358
vn -0.1138 0.9935 -0.0023
vn 0.5392 0.6412 -0.5460
vn 0.6512 0.0722 -0.7554
vn 0.6825 0.0930 -0.7250
vn 0.1922 0.5920 -0.7827
vn -0.0194 0.1496 -0.9886
vn 0.1289 0.1446 -0.9811
vn 0.0133 0.9911 -0.1328
vn -0.0609 0.9954 -0.0735
vn -0.0903 0.8443 0.5281
vn -0.0820 0.8256 0.5583
vn -0.0823 0.8589 0.5055
vn 0.0326 0.5157 0.8562
vn 0.1116 0.1697 0.9792
vn 0.1371 0.0475 0.9894
vn 0.0999 0.1312 0.9863
vn 0.1147 0.0415 0.9925
vn -0.0183 0.1470 -0.9890
vn -0.0861 0.9567 0.2781
vn -0.1051 0.9588 0.2641
vn -0.1723 0.8310 0.5290
vn -0.2488 0.6970 0.6725
vn 0.0699 0.1212 0.9902
vn 0.0818 0.0377 0.9959
vn 0.0382 0.1273 0.9911
vn 0.0504 0.0369 0.9980
vn 0.0411 0.0118 0.9991
vn 0.0793 0.0132 0.9968
vn 0.0621 -0.0368 0.9974
vn 0.0307 -0.1074 0.9937
vn 0.1415 0.0547 0.9884
vn 0.0604 0.1668 0.9841
vn -0.0883 0.0180 0.9959
vn -0.0663 0.1152 0.9911
vn -0.0427 0.0021 0.9991
vn -0.0802 -0.0053 0.9968
vn -0.0575 0.0245 0.9980
vn -0.0488 -0.1112 0.9926
vn -0.3099 0.2209 0.9247
vn -0.0054 0.0565 0.9984
vn -0.0766 0.3367 0.9385
vn -0.0600 0.0487 0.9970
vn -0.0999 0.0348 0.9944
vn -0.1014 0.3966 0.9124
vn -0.1356 0.0564 0.9892
vn 0.0667 0.9268 0.3695
vn 0.2754 0.5365 0.7977
vn -0.1794 -0.0206 0.9836
vn -0.1690 -0.0484 0.9844
vn -0.1973 0.0133 0.9803
vn -0.0396 0.0399 0.9984
vn -0.0139 0.1673 0.9858
vn 0.0982 0.5889 0.8022
vn 0.1857 0.9826 -0.0000
vn 0.6315 0.7753 -0.0000
vn 0.0238 0.7987 0.6012
vn 0.0423 0.9991 -0.0000
vn -0.5352 0.5692 0.6242
vn -0.0069 1.0000 -0.0000
vn -0.0762 0.9971 -0.0000
vn 0.2221 0.2347 0.9464
vn -0.3306 -0.0066 0.9437
vn 0.1861 0.5308 0.8268
vn 0.6571 0.6540 0.3748
vn -0.0811 0.9865 0.1425
vn 0.6572 0.6540 0.3747
vn 0.2879 0.9577 -0.0009
vn 0.3960 0.9100 0.1228
vn 0.6996 0.6523 0.2917
vn 0.8642 0.5031 -0.0000
vn 0.9037 0.4282 -0.0000
vn -0.0056 0.3292 0.9442
vn 0.0962 0.0602 0.9935
vn 0.0078 0.4111 0.9116
vn 0.0103 0.3909 0.9204
vn 0.0509 0.0717 0.9961
vn 0.1075 0.5006 0.8590
vn 0.1169 0.0867 0.9893
vn 0.1841 0.0645 0.9808
vn 0.1894 0.0183 0.9817
vn 0.1796 -0.0320 0.9832
vn 0.0062 0.0424 0.9991
vn -0.3360 0.5406 0.7713
vn -0.0680 0.2366 0.9692
vn -0.7382 0.4962 0.4569
vn -0.4051 0.9143 -0.0000
vn -0.7919 0.6106 -0.0000
vn -0.2693 0.9630 -0.0000
vn -0.2216 0.9751 -0.0000
vn -0.1535 0.9881 -0.0000
vn -0.2914 0.1546 0.9440
vn -0.0362 0.0015 0.9993
vn -0.3091 0.4719 0.8257
vn -0.7891 0.4867 0.3747
vn -0.1462 0.9789 0.1425
vn -0.4990 0.8666 -0.0009
vn -0.5931 0.7957 0.1228
vn -0.8145 0.3278 0.4787
vn -0.9563 0.2925 -0.0000
vn -0.9776 0.2106 -0.0000
vn -0.4870 0.1094 0.8665
vn -0.0714 0.6194 0.7818
vn -0.3732 0.5448 0.7509
vn -0.1127 0.8096 0.5760
vn -0.4090 0.9043 -0.1223
vn -0.5027 0.7409 0.4455
vn -0.3474 -0.4280 0.8343
vn 0.0060 -0.0651 0.9979
vn 0.3469 -0.5923 0.7272
vn 0.5733 -0.2532 0.7792
vn 0.4548 0.6953 0.5565
vn 0.9394 0.2787 -0.1998
vn 0.3703 0.3866 -0.8446
vn -0.0928 0.9092 -0.4060
vn -0.4669 0.2882 -0.8361
vn -0.9782 0.0568 -0.1998
vn 0.5945 0.6824 0.4252
vn 0.3838 0.8532 -0.3532
vn -0.0373 0.3232 -0.9456
vn 0.5835 -0.8118 0.0205
vn -0.3832 -0.7538 0.5337
vn -0.9698 -0.1082 0.2184
vn -0.1232 -0.9059 0.4051
vn 0.1061 -0.9162 0.3864
vn 0.9689 0.1160 0.2184
vn 0.9924 0.1222 0.0107
vn 0.6763 -0.6910 0.2551
vn 0.0880 -0.6631 0.7433
vn 0.2818 -0.7737 -0.5674
vn -0.0832 -0.9747 0.2075
vn -0.0916 -0.9887 0.1189
vn 0.1890 -0.3325 -0.9240
vn -0.0327 -0.9554 -0.2934
vn 0.3251 0.0376 -0.9449
vn -0.3268 -0.0378 -0.9444
vn -0.9675 -0.1119 -0.2269
vn -0.9803 -0.1134 0.1617
vn 0.9675 0.1119 -0.2269
vn 0.9517 -0.2691 -0.1480
vn 0.9803 0.1134 0.1617
vn 0.7510 -0.4143 -0.5142
vn 0.3516 -0.0811 -0.9326
vn 0.7427 -0.0785 -0.6650
vn -0.5592 -0.5306 -0.6370
vn -0.2833 -0.2413 -0.9282
vn 0.1625 -0.9086 -0.3847
vn 0.1059 -0.9790 0.1742
vn -0.7968 -0.6002 0.0703
vn -0.7117 -0.6114 -0.3459
vn 0.0466 0.3107 0.9494
vn 0.0763 -0.7739 0.6287
vn 0.1028 -0.7739 0.6250
vn -0.0205 -0.9940 0.1074
vn 0.2153 -0.9571 -0.1939
vn 0.0018 -0.9815 -0.1913
vn -0.0203 -0.9842 0.1760
vn 0.0913 -0.9958 -0.0090
vn 0.2332 -0.9567 0.1742
vn 0.0482 -0.9164 0.3975
vn 0.1520 -0.9496 0.2741
vn 0.8475 -0.4709 0.2450
vn -0.0871 -0.9951 0.0460
vn 0.9187 -0.3947 -0.0134
vn 0.0361 -0.9226 -0.3840
vn 0.1706 -0.8903 0.4222
vn 0.9994 0.0290 -0.0168
vn 0.9994 0.0314 0.0128
vn 0.8942 0.2468 0.3735
vn 0.8088 -0.5289 0.2571
vn 0.9962 0.0361 0.0797
vn 0.1285 0.9556 0.2652
vn 0.7097 0.6957 0.1111
vn 0.2905 0.9537 -0.0783
vn 0.0189 0.9591 0.2825
vn 0.4070 0.8523 0.3287
vn -0.0791 0.7820 0.6182
vn 0.3458 0.8285 0.4404
vn -0.1655 0.8732 0.4583
vn -0.1934 0.9516 0.2389
vn 0.6550 0.3399 0.6748
vn 0.7820 -0.5136 0.3530
vn 0.2888 -0.7528 0.5914
vn 0.3102 0.3649 0.8778
vn 0.0514 -0.9597 0.2763
vn -0.9779 -0.2083 -0.0189
vn -0.6816 -0.2061 -0.7021
vn -0.9792 -0.2026 0.0095
vn -0.3136 -0.7644 0.5634
vn -0.7052 0.2059 0.6785
vn -0.9324 -0.0860 0.3510
vn 0.2028 -0.3388 0.9187
vn -0.6303 -0.5302 0.5671
vn -0.4432 0.3149 0.8393
vn 0.8481 -0.4615 0.2603
vn 0.9994 0.0307 0.0179
vn 0.2226 -0.9458 0.2366
vn -0.0129 -0.9707 0.2400
vn 0.5855 0.2447 -0.7728
vn 0.6640 0.7149 -0.2190
vn 0.8147 0.5500 -0.1836
vn -0.5320 0.0449 -0.8455
vn -0.8414 0.5024 -0.1992
vn -0.6741 -0.1173 -0.7293
vn -0.3717 0.8290 0.4179
vn -0.1432 0.2062 0.9680
vn 0.0309 0.8446 0.5345
vn 0.8028 0.5920 -0.0712
vn 0.8058 0.5818 -0.1107
vn 0.8375 0.5407 -0.0790
vn 0.6722 0.0641 -0.7376
vn -0.6004 0.6733 -0.4315
vn -0.9496 0.3130 -0.0160
vn -0.9315 0.3599 -0.0527
vn -0.9796 -0.2005 0.0128
vn -0.9323 0.3599 -0.0352
vn -0.9760 -0.2006 0.0843
vn -0.8570 0.4869 0.1687
vn -0.6370 0.7282 0.2531
vn -0.0406 -0.9542 0.2963
vn 0.3085 -0.4361 0.8453
vn 0.0074 -0.9141 0.4053
vn 0.0265 -0.9676 0.2510
vn -0.0473 -0.9550 0.2929
vn 0.1898 -0.9490 0.2518
vn 0.2140 -0.8965 0.3879
vn 0.1821 -0.8798 0.4392
vn -0.5986 -0.7503 0.2807
vn -0.7670 -0.6251 0.1448
vn 0.0255 -0.8868 0.4615
vn 0.3767 0.9099 -0.1740
vn -0.0772 0.8129 0.5773
vn -0.0826 0.9627 -0.2579
vn -0.3370 0.8088 0.4820
vn -0.4581 0.8888 -0.0073
vn -0.5262 0.8481 -0.0616
vn -0.3603 0.9313 0.0530
vn 0.6163 0.7432 0.2604
vn -0.1852 0.9347 -0.3035
vn -0.2492 0.9128 -0.3236
vn -0.6093 0.7753 -0.1664
vn 0.6458 0.7485 0.1508
vn 0.4608 0.8710 -0.1704
vn -0.7251 0.6638 -0.1836
vn -0.6902 0.6872 -0.2267
vn -0.2006 0.9545 -0.2208
vn -0.2568 -0.1291 -0.9578
vn -0.0518 0.9730 -0.2251
vn -0.1055 0.9642 -0.2433
vn -0.7529 0.5888 0.2939
vn -0.3222 0.6555 0.6830
vn -0.5999 0.3909 -0.6981
vn -0.0637 0.9765 -0.2059
vn -0.1131 0.9722 -0.2052
vn -0.1803 0.9583 -0.2217
vn -0.6444 0.5576 0.5233
vn -0.0242 0.9739 -0.2258
vn 0.2798 -0.0699 -0.9575
vn -0.8670 0.3396 -0.3647
vn 0.0113 -0.0974 -0.9952
vn 0.7930 0.4493 -0.4114
vn -0.0248 0.9849 -0.1716
vn -0.1132 0.9788 -0.1705
vn -0.0201 0.1739 -0.9845
vn -0.0595 0.1905 0.9799
vn 0.0221 -0.1941 0.9807
vn -0.0269 0.2348 0.9717
vn -0.0996 0.9755 -0.1963
vn -0.1931 0.5893 -0.7845
vn -0.2216 0.9569 -0.1876
vn 0.0034 -0.0301 -0.9995
vn -0.0521 0.5840 -0.8101
vn 0.0419 -0.3189 -0.9469
vn 0.0829 -0.7178 -0.6913
vn 0.0885 -0.7227 -0.6855
vn 0.0978 -0.9851 -0.1413
vn 0.1135 -0.9639 0.2410
vn 0.0232 -0.9793 -0.2013
vn -0.1081 0.8135 0.5715
vn -0.1148 0.9914 -0.0621
vn -0.2144 0.9752 -0.0557
vn -0.3556 0.7606 0.5432
vn -0.5879 0.8089 0.0040
vn -0.5920 0.7783 -0.2094
vn 0.0518 -0.2162 0.9750
vn -0.0461 -0.9187 0.3923
vn -0.0739 0.8177 0.5709
vn -0.0053 0.9985 -0.0550
vn -0.0326 0.2777 0.9601
vn -0.0882 0.2599 0.9616
vn -0.0569 0.8414 0.5374
vn 0.0969 0.3288 0.9394
vn 0.0064 0.9821 -0.1884
vn 0.0351 0.0947 0.9949
vn 0.0190 -0.2182 0.9757
vn 0.1624 -0.2156 0.9629
vn 0.3159 -0.0518 -0.9474
vn 0.3897 0.5848 -0.7115
vn 0.7714 0.0206 -0.6360
vn 0.5347 0.8401 -0.0914
vn -0.0069 -0.6826 -0.7308
vn 0.2363 -0.2030 -0.9502
vn 0.1988 -0.7311 -0.6527
vn 0.7982 0.0222 -0.6020
vn 0.9065 -0.1553 -0.3927
vn 0.3560 -0.0884 -0.9303
vn 0.1925 -0.9566 -0.2188
vn 0.9511 -0.2998 -0.0747
vn 0.8348 -0.3138 0.4523
vn 0.5099 -0.7655 0.3923
vn 0.7853 0.0127 0.6190
vn 0.2064 0.7050 0.6785
vn 0.9770 0.1797 0.1148
vn 0.4505 0.8926 0.0154
vn 0.0206 0.1817 0.9831
vn 0.0620 0.6200 -0.7822
vn 0.1099 0.0051 -0.9939
vn 0.0313 -0.3197 -0.9470
vn 0.1111 -0.9849 -0.1325
vn 0.1664 -0.9549 0.2459
vn 0.7472 0.3429 0.5693
vn -0.0397 0.2431 0.9692
vn 0.9328 0.1964 -0.3021
vn 0.9819 0.1484 0.1176
vn 0.6798 0.2503 0.6894
vn 0.9885 0.0925 -0.1193
vn -0.7529 -0.1618 -0.6379
vn -0.2898 -0.1649 -0.9428
vn -0.8275 -0.3792 -0.4140
vn -0.1566 -0.2562 -0.9539
vn -0.0153 -0.7575 -0.6527
vn -0.9876 -0.1157 -0.1065
vn -0.1607 0.2581 0.9527
vn -0.0082 -0.9711 0.2386
vn -0.1683 -0.9765 -0.1344
vn -0.9895 -0.0834 0.1181
vn -0.7370 -0.1780 0.6520
vn -0.7229 0.0701 0.6874
vn -0.2787 -0.2812 0.9183
vn -0.9655 0.0073 0.2604
vn -0.9867 -0.0809 -0.1407
vn -0.7257 -0.1513 -0.6712
vn -0.4653 0.5164 -0.7189
vn -0.2562 -0.1180 -0.9594
vn -0.0993 -0.0181 -0.9949
vn -0.5273 -0.7908 0.3107
vn -0.5620 -0.7648 -0.3150
vn -0.1018 0.4255 0.8992
vn -0.7889 0.1098 0.6046
vn -0.6096 -0.5070 -0.6094
vn -0.3238 -0.1593 -0.9326
vn 0.1755 -0.9065 -0.3840
vn 0.7216 -0.4218 -0.5489
vn 0.3309 -0.1702 -0.9282
vn 0.7311 -0.1010 -0.6748
vn -0.0642 -0.9969 0.0446
vn 0.0492 -0.9217 -0.3847
vn 0.9128 -0.4024 0.0704
vn -0.0657 -0.9864 0.1505
vn 0.4068 -0.5198 0.7512
vn -0.1227 0.2951 0.9475
vn 0.0748 -0.7772 0.6248
vn 0.0089 -0.9810 -0.1939
vn 0.2340 -0.9662 0.1083
vn 0.2224 -0.9560 -0.1913
vn 0.0665 -0.9932 0.0959
vn 0.2445 -0.9544 0.1716
vn -0.0095 -0.9843 0.1765
vn 0.0743 -0.9587 0.2744
vn -0.8201 -0.5708 0.0408
vn 0.3132 -0.9487 0.0438
vn 0.3118 -0.9381 0.1510
vn -0.5442 -0.8386 0.0228
vn -0.9796 -0.2001 -0.0168
vn -0.6936 -0.1854 -0.6961
vn -0.9808 -0.1950 0.0084
vn -0.9311 -0.1073 0.3485
vn -0.6667 -0.6996 0.2571
vn -0.3904 -0.7878 0.4763
vn -0.6657 0.7319 -0.1452
vn -0.8498 0.5153 0.1111
vn -0.6178 0.7556 0.2178
vn -0.6017 0.7967 -0.0564
vn -0.4295 0.7641 0.4814
vn -0.3113 0.9291 0.1998
vn -0.1609 0.8729 0.4605
vn -0.0451 0.8861 0.4614
vn -0.0304 0.9705 0.2393
vn -0.7343 0.1902 0.6516
vn 0.0296 -0.7657 0.6425
vn -0.3853 0.2844 0.8779
vn 0.1688 -0.9383 0.3018
vn 0.2356 -0.9175 0.3203
vn 0.9996 0.0206 -0.0189
vn 0.7055 -0.7086 0.0060
vn 0.9996 0.0263 0.0095
vn 0.7832 -0.5225 0.3369
vn 0.6396 0.3615 0.6784
vn 0.3945 -0.6373 0.6620
vn 0.2736 -0.7510 0.6010
vn 0.2780 0.3647 0.8887
vn -0.7942 -0.5959 0.1186
vn -0.9812 -0.1461 0.1261
vn -0.9811 -0.1931 0.0109
vn -0.0167 -0.9705 0.2407
vn -0.0319 -0.9645 0.2621
vn -0.5054 0.0231 -0.8626
vn -0.8096 0.5445 -0.2195
vn -0.6690 -0.0911 -0.7376
vn 0.5819 0.1982 -0.7888
vn 0.7046 0.6812 -0.1988
vn 0.8428 0.5108 -0.1697
vn 0.1039 0.2410 0.9650
vn 0.2130 0.8385 0.5016
vn -0.9167 0.3931 -0.0712
vn -0.9173 0.3824 -0.1107
vn -0.9388 0.3352 -0.0789
vn -0.5298 0.5373 -0.6562
vn 0.6831 0.0397 -0.7293
vn 0.7738 0.5785 -0.2581
vn 0.8315 0.5460 -0.1024
vn 0.9995 0.0285 0.0128
vn 0.8257 0.5609 -0.0605
vn 0.9961 0.0275 0.0843
vn 0.6413 0.7634 0.0768
vn 0.4049 0.8551 0.3239
vn 0.8768 0.0757 0.4749
vn 0.2574 -0.9197 0.2965
vn -0.5009 -0.2812 0.8186
vn 0.2665 -0.9355 0.2318
vn 0.2683 -0.9274 0.2608
vn 0.1980 -0.9443 0.2630
vn 0.0319 -0.9673 0.2518
vn 0.0404 -0.9535 0.2986
vn -0.0228 -0.9543 0.2981
vn 0.7801 -0.5668 0.2650
vn 0.8335 -0.4919 0.2516
vn -0.6092 0.6643 0.4331
vn -0.1779 0.9495 -0.2585
vn -0.1395 0.9560 -0.2581
vn -0.1843 0.9289 -0.3211
vn 0.1321 0.9450 0.2992
vn 0.3188 0.9458 -0.0617
vn -0.0027 0.9387 0.3447
vn -0.1647 0.9678 -0.1904
vn -0.0362 0.9527 -0.3017
vn -0.4964 0.7089 0.5010
vn -0.0406 0.9655 -0.2572
vn -0.6863 0.6987 -0.2019
vn -0.7072 0.6633 0.2447
vn -0.6475 0.7428 -0.1703
vn 0.6755 0.7273 0.1212
vn 0.6394 0.7585 0.1259
vn 0.8476 0.5295 0.0347
vn -0.0243 0.9739 -0.2257
vn 0.2798 -0.0701 -0.9575
vn -0.0624 0.9197 -0.3876
vn -0.1719 0.9588 -0.2264
vn -0.1037 0.9644 -0.2432
vn 0.1066 0.7520 0.6505
vn -0.1609 0.9654 -0.2054
vn 0.3214 0.7915 0.5198
vn -0.1184 0.9720 -0.2028
vn 0.4997 0.6976 0.5134
vn 0.9687 0.2479 0.0147
vn -0.2007 0.9544 -0.2209
vn -0.2569 -0.1290 -0.9578
vn -0.1598 0.9103 -0.3818
vn -0.1031 0.8891 -0.4460
vn -0.2007 0.9645 -0.1716
vn -0.1133 0.9788 -0.1705
vn -0.0134 -0.2035 0.9790
vn -0.0487 0.2228 0.9737
vn -0.0275 0.2347 0.9717
vn 0.0539 0.6209 -0.7820
vn -0.1128 0.9760 -0.1864
vn -0.0027 0.9822 -0.1876
vn 0.0036 -0.0301 -0.9995
vn 0.1008 0.0051 -0.9949
vn -0.0053 -0.6721 -0.7404
vn 0.0320 -0.3200 -0.9469
vn 0.0788 -0.7238 -0.6855
vn 0.0336 -0.9784 -0.2038
vn 0.1116 -0.9848 -0.1332
vn 0.1096 -0.9643 0.2410
vn 0.1118 -0.9606 0.2545
vn -0.1308 0.9901 -0.0503
vn -0.0763 0.8155 0.5738
vn -0.0139 0.9984 -0.0557
vn 0.1560 0.7964 0.5843
vn 0.3876 0.9218 0.0041
vn 0.3986 0.8928 -0.2097
vn -0.0867 -0.3504 0.9326
vn -0.1148 0.8129 0.5709
vn -0.0558 0.8411 0.5379
vn -0.0317 0.2778 0.9601
vn -0.1681 0.2947 0.9407
vn -0.2304 0.9547 -0.1884
vn -0.2783 0.9575 -0.0753
vn -0.0599 -0.2638 0.9627
vn -0.0660 0.1974 0.9781
vn -0.1082 -0.2475 0.9628
vn -0.2958 -0.1225 -0.9474
vn -0.7557 -0.1561 -0.6360
vn -0.5129 0.4804 -0.7115
vn -0.6480 0.7321 -0.2102
vn 0.0589 -0.7250 -0.6862
vn -0.1838 -0.2516 -0.9502
vn 0.0426 -0.3184 -0.9470
vn -0.7821 -0.1612 -0.6019
vn -0.3264 -0.1674 -0.9303
vn -0.8470 -0.3583 -0.3927
vn -0.0188 -0.5696 -0.8217
vn -0.0104 -0.9912 -0.1321
vn -0.8573 -0.5097 -0.0726
vn -0.8445 -0.5195 0.1298
vn -0.7838 -0.2393 0.5731
vn -0.3039 -0.9025 0.3051
vn -0.9701 -0.0159 0.2420
vn -0.3645 0.7171 0.5941
vn -0.6425 0.7662 0.0153
vn -0.0251 0.1194 0.9925
vn -0.2019 0.5895 -0.7821
vn -0.0720 0.5941 -0.8011
vn -0.1082 -0.0201 -0.9939
vn 0.0389 -0.3338 -0.9418
vn 0.1140 -0.9641 0.2398
vn 0.0211 -0.9799 -0.1984
vn -0.8062 0.1087 0.5816
vn -0.0169 0.2457 0.9692
vn 0.1060 0.3274 0.9389
vn -0.9520 -0.0114 -0.3058
vn -0.9899 -0.0797 0.1176
vn -0.9864 -0.1252 -0.1069
vn 0.7699 0.0148 -0.6380
vn 0.8923 -0.1801 -0.4141
vn 0.3198 -0.0944 -0.9428
vn 0.2109 -0.2137 -0.9539
vn 0.1878 -0.7340 -0.6527
vn 0.9879 0.1128 -0.1065
vn 0.9404 -0.3310 -0.0775
vn 0.0149 0.2067 0.9783
vn 0.2255 -0.9652 -0.1322
vn 0.2295 -0.9436 0.2386
vn 0.9781 0.1629 0.1296
vn 0.7579 -0.0049 0.6524
vn 0.9270 -0.3516 0.1307
vn 0.7013 0.2008 0.6840
vn 0.9703 0.2405 0.0243
vn 0.7072 0.2536 0.6600
vn 0.9792 0.1466 -0.1405
vn 0.7411 0.0184 -0.6712
vn 0.2764 -0.0564 -0.9594
vn 0.3351 0.6090 -0.7189
vn 0.3497 -0.3636 0.8634
vn 0.0552 0.4624 0.8850
vn -0.6969 0.0395 0.7161
vn -0.0563 -0.1823 0.9816
vn 0.0007 -0.0058 1.0000
vn -0.0522 0.0164 0.9985
vn -0.1118 -0.1474 0.9827
vn -0.1321 0.0787 0.9881
vn -0.1209 -0.0711 0.9901
vn -0.1810 0.1683 0.9690
vn -0.0995 0.2215 0.9701
vn 0.0758 0.0142 0.9970
vn 0.0215 0.1576 0.9873
vn 0.1942 -0.0049 0.9809
vn 0.3384 0.0478 0.9398
vn -0.0547 0.1144 0.9919
vn -0.0936 0.0446 0.9946
vn -0.0118 0.1065 0.9942
vn 0.1103 -0.9531 0.2818
vn -0.0720 -0.2959 0.9525
vn 0.3311 -0.8259 0.4564
vn 0.3719 -0.7834 0.4980
vn 0.1149 -0.9934 0.0058
vn 0.1478 -0.9890 0.0064
vn 0.2542 -0.9671 0.0083
vn 0.1843 -0.8289 0.5282
vn 0.4144 -0.9100 0.0112
vn 0.6579 -0.6622 0.3587
vn 0.8294 -0.4552 0.3238
vn 0.6821 -0.7310 0.0157
vn 0.8546 -0.5191 0.0149
vn 0.9750 -0.2219 0.0146
vn 0.2352 0.0211 0.9717
vn 0.8908 0.0469 0.4520
vn 0.3827 0.8951 0.2288
vn 0.0882 0.9354 0.3423
vn 0.4067 0.8534 0.3262
vn 0.3162 0.8329 0.4542
vn 0.0822 0.9716 0.2220
vn 0.1910 0.9601 0.2044
vn 0.3034 0.6783 0.6692
vn 0.5845 0.7758 0.2378
vn 0.1282 0.8049 0.5794
vn 0.3411 0.8065 0.4830
vn 0.2003 0.9731 -0.1138
vn 0.9299 0.3633 0.0574
vn 0.9355 0.3523 -0.0275
vn 0.2758 0.5931 0.7564
vn 0.3567 0.9339 0.0232
vn 0.9928 0.1197 0.0007
vn 0.0144 0.9650 0.2618
vn -0.1112 0.9613 0.2519
vn -0.1111 0.9603 0.2557
vn 0.5867 0.7456 0.3161
vn 0.1553 0.8444 0.5127
vn 0.0705 0.7525 0.6548
vn 0.2523 0.7596 0.5995
vn -0.0352 0.9502 0.3096
vn 0.0088 0.9939 0.1097
vn -0.1012 0.9941 -0.0394
vn -0.0197 0.9925 -0.1207
vn -0.1037 0.9878 -0.1162
vn -0.1425 0.9853 -0.0941
vn -0.1143 0.9878 -0.1058
vn -0.1125 0.9730 0.2017
vn 0.4768 0.1088 0.8723
vn -0.0256 0.0550 0.9982
vn 0.4404 0.1018 0.8920
vn -0.0590 0.0512 0.9969
vn 0.6538 0.6343 0.4125
vn 0.9926 0.1204 0.0140
vn 0.9016 0.4008 -0.1626
vn 0.9431 0.3298 0.0415
vn 0.9942 0.1077 0.0023
vn 0.9941 0.1087 0.0037
vn 0.0533 -0.1591 0.9858
vn 0.0471 0.0279 0.9985
vn 0.0878 -0.1011 0.9910
vn 0.1106 0.1067 0.9881
vn 0.0860 -0.0115 0.9962
vn 0.1378 0.2051 0.9690
vn 0.0463 0.2384 0.9701
vn -0.0370 -0.0877 0.9955
vn -0.0570 0.1486 0.9873
vn -0.1879 -0.0492 0.9810
vn -0.0128 0.1064 0.9942
vn 0.0272 0.1239 0.9919
vn -0.3401 -0.0348 0.9397
vn 0.0809 0.0648 0.9946
vn 0.0885 -0.9535 0.2880
vn 0.0005 -0.9463 0.3234
vn -0.1631 -0.9234 0.3475
vn 0.0818 -0.9966 0.0064
vn -0.0267 -0.9996 0.0083
vn -0.6077 -0.6442 0.4645
vn -0.4972 -0.8675 0.0158
vn -0.1957 -0.9806 0.0114
vn -0.7135 -0.7005 0.0149
vn -0.8747 -0.3878 0.2906
vn -0.9756 -0.1906 0.1089
vn -0.8985 -0.4386 0.0146
vn -0.5600 -0.5250 0.6410
vn -0.2232 -0.0432 0.9738
vn -0.3011 0.8924 0.3362
vn -0.5770 0.7841 0.2288
vn -0.5908 0.7380 0.3262
vn -0.4741 0.8558 0.2071
vn -0.3018 0.9271 0.2220
vn -0.4998 0.7530 0.4280
vn -0.2602 0.7912 0.5534
vn -0.7462 0.6218 0.2378
vn -0.7305 0.6036 0.3194
vn -0.4172 0.9017 -0.1138
vn -0.9883 0.1415 0.0572
vn -0.4113 0.9004 0.1418
vn -0.3475 0.7237 0.5962
vn -0.9971 -0.0577 0.0491
vn -0.9939 -0.1102 0.0007
vn -0.2343 0.9362 0.2618
vn -0.2227 0.9327 0.2837
vn -0.2330 0.7164 0.6576
vn -0.4423 0.7310 0.5196
vn -0.5294 0.6842 0.5017
vn -0.2926 0.8900 0.3496
vn -0.2627 0.8461 0.4638
vn -0.1285 0.9909 -0.0394
vn -0.2074 0.9708 -0.1207
vn -0.1246 0.9854 -0.1162
vn -0.3991 -0.0906 0.9124
vn -0.4520 -0.0015 0.8920
vn 0.0124 0.0594 0.9982
vn -0.9936 -0.0844 0.0750
vn -0.4051 0.8911 0.2044
vn -0.9938 -0.1099 0.0148
vn -0.9928 -0.1198 0.0025
vn -0.9935 0.1058 0.0415
vn -0.9929 -0.1193 0.0027
vn -0.9926 -0.1211 0.0037
vn -0.9929 -0.1194 0.0002
vn -0.9929 -0.1186 0.0011
vn 0.0354 0.0358 0.9987
vn -0.4378 -0.0326 0.8985
vn -0.0250 0.0220 0.9994
vn -0.3149 -0.0152 0.9490
vn 0.0926 0.0539 0.9942
vn -0.4649 -0.0188 0.8852
vn 0.0486 0.0679 0.9965
vn -0.5075 -0.0075 0.8616
vn -0.9906 -0.1200 0.0658
vn -0.8432 0.1399 0.5190
vn 0.9941 0.1084 0.0013
vn 0.9919 0.1126 0.0589
vn 0.9085 -0.2506 0.3344
vn 0.9982 0.0599 0.0072
vn 0.9263 -0.1908 0.3249
vn 0.9950 0.0994 -0.0035
vn 0.9933 0.1070 0.0433
vn 0.9942 0.1075 -0.0021
vn 0.9938 0.1113 0.0011
vn -0.9907 -0.1258 0.0511
vn -0.9855 -0.1696 0.0072
vn -0.9915 -0.1226 0.0433
vn -0.9927 -0.1209 -0.0008
vn -0.9926 -0.1214 0.0013
vn -0.9925 -0.1223 -0.0021
vn -0.9915 -0.1304 -0.0035
vn -0.8582 -0.3939 0.3293
vn -0.9914 -0.1168 0.0589
vn -0.1620 0.7871 0.5952
vn 0.9796 0.1220 0.1595
vn -0.9826 -0.1028 0.1545
vn -0.9836 -0.0976 0.1514
vn 0.9795 0.1306 0.1533
vn -0.9828 0.1802 0.0407
vn -0.0983 0.9937 -0.0535
vn -0.1312 0.9899 -0.0535
vn -0.0148 -0.0388 -0.9991
vn -0.1006 0.8697 0.4831
vn 0.2721 0.8335 0.4809
vn -0.9881 -0.0630 0.1406
vn -0.9870 -0.0961 0.1285
vn -0.2206 0.7743 0.5931
vn 0.1009 -0.8718 -0.4794
vn 0.2519 -0.9441 0.2129
vn 0.6009 0.0893 0.7943
vn 0.4759 -0.8769 -0.0679
vn 0.9937 0.0311 -0.1078
vn 0.4449 -0.5897 0.6740
vn -0.0350 0.6314 0.7747
vn -0.0297 -0.9766 0.2129
vn -0.2631 -0.9624 -0.0679
vn 0.0116 0.3119 -0.9500
vn 0.1103 -0.9534 0.2809
vn -0.8202 -0.5490 0.1606
vn -0.8285 -0.5363 0.1611
vn -0.0165 0.1426 0.9896
vn -0.0369 0.1377 0.9898
vn -0.0370 0.1382 -0.9897
vn -0.3658 -0.9307 0.0010
vn 0.5686 -0.8226 0.0010
vn 0.0226 -0.1186 -0.9927
vn 0.2925 0.9562 0.0111
vn -0.5031 0.8642 0.0111
vn 0.8854 0.1034 0.4532
vn -0.7596 -0.0879 -0.6444
vn 0.7668 0.0887 -0.6357
vn -0.8929 -0.1045 0.4380
vn 0.7803 0.0903 -0.6188
vn 0.8064 -0.3415 -0.4828
vn -0.4110 -0.0823 -0.9079
vn -0.0048 0.0432 -0.9991
vn -0.2953 -0.0282 0.9550
vn -1.0000 0.0008 -0.0000
vn 0.9734 0.2291 -0.0001
vn 0.0964 0.8296 -0.5500
vn 0.2832 0.8060 -0.5197
vn 0.2673 0.8093 -0.5231
vn -0.0375 0.3231 -0.9456
vn -0.9941 -0.1076 0.0108
vn -0.1184 0.9909 -0.0646
vn -0.1134 0.9936 -0.0015
vn -0.1165 0.9932 -0.0015
vn -0.9941 -0.1077 0.0105
vn 0.0384 -0.3338 -0.9418
vn -0.9912 0.1294 -0.0275
vn 0.0457 0.0633 0.9969
vn -0.9923 -0.1241 0.0020
vt 0.921783 0.013638
vt 0.096657 0.990680
vt 0.096657 0.013638
vt 0.773918 0.549043
vt 0.750118 0.600091
vt 0.746382 0.550202
vt 0.773914 0.608600
vt 0.750706 0.609417
vt 0.726470 0.612183
vt 0.725280 0.603196
vt 0.715923 0.614843
vt 0.706595 0.607217
vt 0.703702 0.612181
vt 0.708116 0.614791
vt 0.701977 0.572626
vt 0.696442 0.574104
vt 0.700634 0.597938
vt 0.702446 0.608460
vt 0.718600 0.554251
vt 0.702655 0.558895
vt 0.700415 0.560928
vt 0.696766 0.564357
vt 0.742521 0.832862
vt 0.773902 0.904528
vt 0.736321 0.903784
vt 0.712487 0.829474
vt 0.698752 0.901024
vt 0.773905 0.834143
vt 0.743334 0.827372
vt 0.773906 0.828445
vt 0.713844 0.824017
vt 0.691991 0.819724
vt 0.690225 0.825193
vt 0.669184 0.897098
vt 0.684327 0.817148
vt 0.682044 0.822908
vt 0.680098 0.817527
vt 0.676878 0.821331
vt 0.661393 0.894131
vt 0.657308 0.883653
vt 0.658364 0.890993
vt 0.797711 0.600095
vt 0.773915 0.598655
vt 0.821357 0.612190
vt 0.822549 0.603203
vt 0.831904 0.614852
vt 0.841233 0.607227
vt 0.839711 0.614801
vt 0.844125 0.612192
vt 0.845381 0.608470
vt 0.845857 0.572636
vt 0.851391 0.574116
vt 0.847196 0.597949
vt 0.801455 0.550206
vt 0.845181 0.558906
vt 0.847420 0.560939
vt 0.851069 0.564368
vt 0.829236 0.554259
vt 0.805290 0.832865
vt 0.811482 0.903788
vt 0.835325 0.829481
vt 0.849052 0.901032
vt 0.804477 0.827375
vt 0.833968 0.824023
vt 0.855822 0.819733
vt 0.857587 0.825202
vt 0.863486 0.817158
vt 0.867715 0.817537
vt 0.865768 0.822918
vt 0.878621 0.897109
vt 0.886412 0.894143
vt 0.890498 0.883666
vt 0.889441 0.891006
vt 0.870934 0.821341
vt 0.661983 0.734443
vt 0.651356 0.729825
vt 0.662046 0.710288
vt 0.661733 0.762557
vt 0.597125 0.739642
vt 0.643613 0.770742
vt 0.595381 0.786771
vt 0.641825 0.734692
vt 0.659998 0.775891
vt 0.644754 0.797840
vt 0.655983 0.787909
vt 0.593705 0.824259
vt 0.640519 0.691225
vt 0.599344 0.688085
vt 0.649032 0.691496
vt 0.661674 0.692569
vt 0.885828 0.734443
vt 0.885766 0.710288
vt 0.896456 0.729825
vt 0.886079 0.762557
vt 0.950687 0.739642
vt 0.904199 0.770742
vt 0.905987 0.734692
vt 0.887814 0.775891
vt 0.891829 0.787909
vt 0.903058 0.797840
vt 0.952431 0.786771
vt 0.907293 0.691225
vt 0.948467 0.688085
vt 0.898780 0.691496
vt 0.900321 0.666072
vt 0.893912 0.657887
vt 0.901755 0.653175
vt 0.886576 0.675918
vt 0.889444 0.666250
vt 0.899419 0.680960
vt 0.885620 0.682379
vt 0.647491 0.666072
vt 0.653900 0.657887
vt 0.658368 0.666250
vt 0.661236 0.675918
vt 0.648393 0.680960
vt 0.639694 0.663769
vt 0.646057 0.653175
vt 0.599823 0.676740
vt 0.640201 0.680641
vt 0.610742 0.633035
vt 0.638839 0.648539
vt 0.601801 0.635344
vt 0.601342 0.647448
vt 0.908118 0.663769
vt 0.908973 0.648539
vt 0.947989 0.676740
vt 0.946470 0.647448
vt 0.907611 0.680641
vt 0.937070 0.633035
vt 0.946011 0.635344
vt 0.865958 0.099559
vt 0.892380 0.081830
vt 0.866033 0.081702
vt 0.918592 0.099783
vt 0.892290 0.099677
vt 0.945361 0.082135
vt 0.918763 0.081975
vt 0.523915 0.100108
vt 0.549839 0.081979
vt 0.523240 0.082137
vt 0.576312 0.099680
vt 0.550010 0.099787
vt 0.602571 0.081705
vt 0.576222 0.081832
vt 0.628980 0.099462
vt 0.602646 0.099563
vt 0.655312 0.099384
vt 0.628918 0.081603
vt 0.681642 0.099328
vt 0.655265 0.081525
vt 0.707958 0.081439
vt 0.681612 0.081470
vt 0.734303 0.099287
vt 0.707974 0.099296
vt 0.760633 0.099297
vt 0.734303 0.081429
vt 0.786965 0.099330
vt 0.760647 0.081439
vt 0.813294 0.099384
vt 0.786992 0.081471
vt 0.813339 0.081525
vt 0.839626 0.099460
vt 0.839686 0.081602
vt 0.724654 0.194755
vt 0.744137 0.202827
vt 0.745795 0.194755
vt 0.744137 0.186686
vt 0.739603 0.179806
vt 0.732724 0.175273
vt 0.724654 0.173615
vt 0.716583 0.175273
vt 0.709704 0.179806
vt 0.705171 0.186686
vt 0.703514 0.194755
vt 0.705171 0.202827
vt 0.709704 0.209706
vt 0.716583 0.214238
vt 0.724654 0.215897
vt 0.732724 0.214238
vt 0.739603 0.209706
vt 0.818185 0.240090
vt 0.844326 0.240084
vt 0.828655 0.229617
vt 0.818185 0.213951
vt 0.804504 0.219620
vt 0.814508 0.195471
vt 0.799701 0.195471
vt 0.818185 0.176989
vt 0.804503 0.171322
vt 0.828654 0.161323
vt 0.818185 0.150850
vt 0.844323 0.150857
vt 0.838657 0.137174
vt 0.862806 0.132372
vt 0.862806 0.147180
vt 0.881287 0.150855
vt 0.886955 0.137174
vt 0.896954 0.161322
vt 0.907424 0.150850
vt 0.921105 0.171322
vt 0.907424 0.176988
vt 0.925908 0.195469
vt 0.911100 0.195469
vt 0.907423 0.213951
vt 0.921104 0.219617
vt 0.896954 0.229617
vt 0.907424 0.240089
vt 0.881287 0.240084
vt 0.886955 0.253766
vt 0.862806 0.258569
vt 0.862806 0.243760
vt 0.838657 0.253766
vt 0.768368 0.238468
vt 0.742608 0.238098
vt 0.748312 0.251866
vt 0.767997 0.212709
vt 0.757830 0.227932
vt 0.781766 0.218413
vt 0.771573 0.194755
vt 0.786474 0.194755
vt 0.767997 0.176803
vt 0.781766 0.171100
vt 0.757830 0.161580
vt 0.768366 0.151045
vt 0.742606 0.151414
vt 0.724654 0.132936
vt 0.748310 0.137644
vt 0.706701 0.151414
vt 0.724654 0.147837
vt 0.680941 0.151045
vt 0.700997 0.137644
vt 0.681311 0.176803
vt 0.691478 0.161580
vt 0.667543 0.171100
vt 0.677736 0.194755
vt 0.662834 0.194755
vt 0.681311 0.212709
vt 0.680942 0.238468
vt 0.667543 0.218413
vt 0.700998 0.251866
vt 0.691478 0.227932
vt 0.724655 0.256575
vt 0.706701 0.238098
vt 0.724655 0.241674
vt 0.848354 0.230355
vt 0.836103 0.222171
vt 0.827915 0.209919
vt 0.825042 0.195471
vt 0.827915 0.181020
vt 0.836103 0.168772
vt 0.848354 0.160585
vt 0.862806 0.157712
vt 0.877256 0.160585
vt 0.889507 0.168769
vt 0.897694 0.181017
vt 0.900568 0.195469
vt 0.897694 0.209919
vt 0.889506 0.222170
vt 0.877256 0.230355
vt 0.862806 0.233228
vt 0.839744 0.064602
vt 0.813382 0.064524
vt 0.787020 0.064472
vt 0.760660 0.064438
vt 0.734303 0.064430
vt 0.707944 0.064438
vt 0.681585 0.064470
vt 0.655223 0.064524
vt 0.628859 0.064603
vt 0.602496 0.064707
vt 0.576134 0.064843
vt 0.549808 0.065027
vt 0.523703 0.065019
vt 0.944899 0.065016
vt 0.918793 0.065024
vt 0.892467 0.064840
vt 0.866107 0.064704
vt 0.849443 0.227720
vt 0.838118 0.220154
vt 0.830550 0.208828
vt 0.827893 0.195469
vt 0.830550 0.182109
vt 0.838118 0.170786
vt 0.849443 0.163220
vt 0.862806 0.160563
vt 0.876165 0.163220
vt 0.887491 0.170786
vt 0.895059 0.182109
vt 0.897716 0.195469
vt 0.895059 0.208828
vt 0.887491 0.220154
vt 0.876165 0.227720
vt 0.862805 0.230377
vt 0.852616 0.220064
vt 0.843978 0.214295
vt 0.838206 0.205657
vt 0.836179 0.195469
vt 0.838206 0.185282
vt 0.843978 0.176646
vt 0.852616 0.170875
vt 0.862805 0.168848
vt 0.872993 0.170875
vt 0.881632 0.176643
vt 0.887403 0.185280
vt 0.889429 0.195469
vt 0.887402 0.205657
vt 0.881632 0.214295
vt 0.872993 0.220065
vt 0.862805 0.222092
vt 0.856797 0.209970
vt 0.851705 0.206565
vt 0.848301 0.201475
vt 0.847108 0.195469
vt 0.848301 0.189463
vt 0.851706 0.184370
vt 0.856797 0.180968
vt 0.862806 0.179774
vt 0.868812 0.180968
vt 0.873904 0.184370
vt 0.877308 0.189462
vt 0.878502 0.195469
vt 0.877308 0.201475
vt 0.873905 0.206568
vt 0.868812 0.209971
vt 0.862806 0.211165
vt 0.862806 0.195471
vt 0.944687 0.100104
vt 0.157643 0.280843
vt 0.159700 0.288127
vt 0.154554 0.289287
vt 0.145003 0.282239
vt 0.149294 0.289932
vt 0.144016 0.289421
vt 0.151924 0.306594
vt 0.161885 0.305874
vt 0.170930 0.301318
vt 0.176596 0.295318
vt 0.163125 0.285713
vt 0.129444 0.287470
vt 0.130697 0.279561
vt 0.140134 0.304818
vt 0.182172 0.279780
vt 0.168572 0.274857
vt 0.161374 0.271694
vt 0.126180 0.301338
vt 0.577785 0.330134
vt 0.584465 0.327608
vt 0.584465 0.339205
vt 0.591145 0.330134
vt 0.594749 0.336943
vt 0.592743 0.345454
vt 0.584462 0.351898
vt 0.576182 0.345454
vt 0.574180 0.336941
vt 0.567091 0.315444
vt 0.584466 0.309382
vt 0.601840 0.315446
vt 0.611751 0.330760
vt 0.610983 0.347994
vt 0.604442 0.361700
vt 0.557943 0.347992
vt 0.557179 0.330756
vt 0.593444 0.267036
vt 0.586764 0.276108
vt 0.586764 0.264510
vt 0.580082 0.267036
vt 0.576477 0.273845
vt 0.578479 0.282356
vt 0.586762 0.288800
vt 0.595045 0.282357
vt 0.597047 0.273845
vt 0.604138 0.252348
vt 0.569388 0.252347
vt 0.559478 0.267657
vt 0.560241 0.284891
vt 0.613283 0.284896
vt 0.614047 0.267660
vt 0.405485 0.288100
vt 0.407540 0.280815
vt 0.410631 0.289259
vt 0.413265 0.306565
vt 0.403304 0.305847
vt 0.394258 0.301293
vt 0.388591 0.295295
vt 0.420182 0.282209
vt 0.415891 0.289903
vt 0.396365 0.274288
vt 0.403622 0.271183
vt 0.402059 0.285687
vt 0.383159 0.280335
vt 0.436004 0.287410
vt 0.421169 0.289390
vt 0.425055 0.304787
vt 0.333369 0.485413
vt 0.323745 0.475288
vt 0.339369 0.478779
vt 0.327991 0.489143
vt 0.317923 0.480887
vt 0.327549 0.464625
vt 0.307285 0.554882
vt 0.323865 0.550929
vt 0.314963 0.559160
vt 0.329665 0.555210
vt 0.321626 0.566050
vt 0.336423 0.562801
vt 0.278960 0.555119
vt 0.310717 0.485177
vt 0.306973 0.460048
vt 0.326433 0.452477
vt 0.283460 0.484902
vt 0.281534 0.461070
vt 0.315381 0.434144
vt 0.328471 0.432413
vt 0.315247 0.441555
vt 0.320810 0.444700
vt 0.335519 0.438243
vt 0.342192 0.449692
vt 0.343566 0.465554
vt 0.306519 0.439600
vt 0.281148 0.441227
vt 0.214738 0.485413
vt 0.224362 0.475288
vt 0.230184 0.480887
vt 0.220116 0.489143
vt 0.237390 0.485177
vt 0.220559 0.464625
vt 0.208739 0.478779
vt 0.204541 0.465554
vt 0.240822 0.554882
vt 0.233145 0.559160
vt 0.224243 0.550929
vt 0.269148 0.555119
vt 0.264648 0.484902
vt 0.241134 0.460048
vt 0.219636 0.432413
vt 0.232726 0.434144
vt 0.232861 0.441555
vt 0.227297 0.444700
vt 0.221675 0.452477
vt 0.212588 0.438243
vt 0.205915 0.449692
vt 0.241589 0.439600
vt 0.266574 0.461070
vt 0.684260 0.737910
vt 0.678004 0.766031
vt 0.678567 0.737197
vt 0.683780 0.653878
vt 0.677972 0.674131
vt 0.675863 0.655814
vt 0.684813 0.701949
vt 0.678697 0.702415
vt 0.683778 0.767685
vt 0.676500 0.786904
vt 0.694935 0.701554
vt 0.685247 0.672857
vt 0.695764 0.672073
vt 0.695860 0.652428
vt 0.682794 0.789530
vt 0.691821 0.768741
vt 0.689599 0.791327
vt 0.693198 0.738263
vt 0.699071 0.793186
vt 0.702423 0.769802
vt 0.750521 0.645846
vt 0.773912 0.664325
vt 0.750385 0.665235
vt 0.710134 0.670189
vt 0.707922 0.700892
vt 0.727552 0.647705
vt 0.727179 0.667016
vt 0.710896 0.650357
vt 0.773912 0.644630
vt 0.751107 0.631283
vt 0.773913 0.629865
vt 0.623720 0.574105
vt 0.665908 0.621307
vt 0.651143 0.631159
vt 0.682772 0.639630
vt 0.672924 0.642855
vt 0.773910 0.699001
vt 0.749641 0.699918
vt 0.725633 0.700625
vt 0.718713 0.797350
vt 0.704845 0.738611
vt 0.721149 0.772293
vt 0.748381 0.740612
vt 0.773907 0.774491
vt 0.747206 0.774458
vt 0.745978 0.801047
vt 0.723245 0.739679
vt 0.773906 0.802081
vt 0.727946 0.633787
vt 0.773908 0.740682
vt 0.655285 0.640216
vt 0.669454 0.631514
vt 0.660147 0.652151
vt 0.664521 0.662362
vt 0.660644 0.664947
vt 0.655576 0.655745
vt 0.658367 0.666250
vt 0.653899 0.657887
vt 0.666094 0.783097
vt 0.658486 0.791384
vt 0.663406 0.794700
vt 0.662010 0.781142
vt 0.668389 0.763692
vt 0.664568 0.762661
vt 0.629035 0.884175
vt 0.657724 0.812859
vt 0.632343 0.888627
vt 0.653748 0.810663
vt 0.644938 0.802225
vt 0.576320 0.836982
vt 0.595380 0.786771
vt 0.580686 0.741463
vt 0.578533 0.792370
vt 0.576510 0.833158
vt 0.583116 0.686847
vt 0.583635 0.675177
vt 0.640200 0.680641
vt 0.640518 0.691225
vt 0.669242 0.736222
vt 0.665517 0.735979
vt 0.661732 0.762557
vt 0.667844 0.676277
vt 0.669264 0.703080
vt 0.661235 0.675918
vt 0.664978 0.692850
vt 0.665567 0.703852
vt 0.662191 0.682379
vt 0.664184 0.678030
vt 0.601341 0.647448
vt 0.646056 0.653175
vt 0.645755 0.650468
vt 0.620797 0.578707
vt 0.651352 0.642874
vt 0.647431 0.634096
vt 0.638838 0.648539
vt 0.638713 0.646312
vt 0.610741 0.633035
vt 0.602070 0.628251
vt 0.604026 0.632588
vt 0.585174 0.640568
vt 0.585895 0.619326
vt 0.586013 0.615856
vt 0.716646 0.812742
vt 0.695584 0.808595
vt 0.745112 0.815371
vt 0.773905 0.816216
vt 0.773905 0.828445
vt 0.713843 0.824017
vt 0.734881 0.920253
vt 0.773901 0.921680
vt 0.773901 0.904528
vt 0.691990 0.819724
vt 0.643208 0.895832
vt 0.668195 0.818493
vt 0.674449 0.800053
vt 0.680984 0.802905
vt 0.687138 0.806060
vt 0.684326 0.817148
vt 0.680097 0.817527
vt 0.695782 0.916492
vt 0.669183 0.897098
vt 0.649425 0.900864
vt 0.673473 0.820245
vt 0.661392 0.894131
vt 0.664857 0.911881
vt 0.655613 0.905799
vt 0.651407 0.902444
vt 0.676877 0.821331
vt 0.750966 0.613556
vt 0.750705 0.609417
vt 0.773914 0.612235
vt 0.743425 0.510720
vt 0.773916 0.549043
vt 0.695737 0.637988
vt 0.711224 0.637175
vt 0.640602 0.554904
vt 0.676767 0.615272
vt 0.679753 0.626557
vt 0.693815 0.623214
vt 0.691193 0.611831
vt 0.726977 0.616017
vt 0.709177 0.620074
vt 0.715922 0.614843
vt 0.713202 0.514706
vt 0.718599 0.554251
vt 0.654426 0.539872
vt 0.680328 0.568016
vt 0.669463 0.524200
vt 0.696441 0.574104
vt 0.688311 0.516545
vt 0.702654 0.558895
vt 0.696765 0.564357
vt 0.869810 0.766039
vt 0.863557 0.737918
vt 0.869250 0.737205
vt 0.869850 0.674139
vt 0.864044 0.653886
vt 0.871961 0.655822
vt 0.863007 0.701957
vt 0.869123 0.702423
vt 0.864036 0.767693
vt 0.871312 0.786912
vt 0.865018 0.789538
vt 0.852885 0.701561
vt 0.862575 0.672865
vt 0.851964 0.652435
vt 0.855993 0.768748
vt 0.858213 0.791334
vt 0.854618 0.738270
vt 0.848741 0.793192
vt 0.845391 0.769808
vt 0.797303 0.645848
vt 0.837688 0.670194
vt 0.836928 0.650362
vt 0.839898 0.700898
vt 0.852058 0.672080
vt 0.797438 0.665237
vt 0.820272 0.647709
vt 0.820644 0.667020
vt 0.796719 0.631285
vt 0.924110 0.574118
vt 0.881918 0.621316
vt 0.907230 0.554915
vt 0.865053 0.639638
vt 0.874901 0.642864
vt 0.798179 0.699920
vt 0.829098 0.797355
vt 0.842972 0.738617
vt 0.826665 0.772298
vt 0.824571 0.739683
vt 0.822187 0.700629
vt 0.799435 0.740614
vt 0.800607 0.774460
vt 0.819879 0.633791
vt 0.892540 0.640226
vt 0.896683 0.631169
vt 0.887677 0.652161
vt 0.878372 0.631523
vt 0.883302 0.662371
vt 0.887179 0.664957
vt 0.889456 0.666260
vt 0.892247 0.655755
vt 0.893924 0.657897
vt 0.881719 0.783106
vt 0.879425 0.763701
vt 0.889326 0.791394
vt 0.885803 0.781152
vt 0.883246 0.762670
vt 0.887816 0.775901
vt 0.886082 0.762567
vt 0.891830 0.787919
vt 0.918769 0.884187
vt 0.890086 0.812869
vt 0.894062 0.810673
vt 0.954105 0.824275
vt 0.902873 0.802236
vt 0.903058 0.797851
vt 0.952432 0.786786
vt 0.967130 0.741480
vt 0.969279 0.792387
vt 0.971299 0.833175
vt 0.971488 0.836999
vt 0.950692 0.739658
vt 0.964705 0.686863
vt 0.948000 0.676754
vt 0.948477 0.688100
vt 0.907621 0.680652
vt 0.907303 0.691236
vt 0.899429 0.680970
vt 0.898789 0.691506
vt 0.878575 0.736231
vt 0.882300 0.735988
vt 0.878555 0.703089
vt 0.879978 0.676286
vt 0.885774 0.710298
vt 0.882252 0.703861
vt 0.883638 0.678039
vt 0.886587 0.675927
vt 0.882843 0.692859
vt 0.886147 0.692579
vt 0.885631 0.682388
vt 0.964187 0.675193
vt 0.946483 0.647463
vt 0.962651 0.640584
vt 0.901768 0.653186
vt 0.927033 0.578720
vt 0.900394 0.634107
vt 0.896473 0.642884
vt 0.902069 0.650479
vt 0.908986 0.648550
vt 0.909111 0.646324
vt 0.937085 0.633049
vt 0.946025 0.635358
vt 0.943799 0.632603
vt 0.945756 0.628265
vt 0.961932 0.619342
vt 0.961814 0.615872
vt 0.831164 0.812747
vt 0.852226 0.808602
vt 0.802698 0.815373
vt 0.801833 0.801049
vt 0.804475 0.827374
vt 0.833966 0.824022
vt 0.849051 0.901031
vt 0.812920 0.920256
vt 0.884406 0.794709
vt 0.873362 0.800062
vt 0.904595 0.895843
vt 0.879615 0.818502
vt 0.866827 0.802913
vt 0.860673 0.806067
vt 0.855819 0.819731
vt 0.863484 0.817156
vt 0.852019 0.916499
vt 0.878620 0.897107
vt 0.882945 0.911890
vt 0.898378 0.900875
vt 0.874336 0.820254
vt 0.867713 0.817536
vt 0.870932 0.821339
vt 0.886411 0.894141
vt 0.896396 0.902455
vt 0.892189 0.905809
vt 0.890497 0.883663
vt 0.889440 0.891003
vt 0.796861 0.613558
vt 0.804411 0.510723
vt 0.801451 0.550205
vt 0.852088 0.637995
vt 0.836601 0.637180
vt 0.871060 0.615280
vt 0.893407 0.539882
vt 0.868073 0.626565
vt 0.854011 0.623221
vt 0.856634 0.611838
vt 0.820850 0.616021
vt 0.797123 0.609419
vt 0.838650 0.620080
vt 0.831905 0.614848
vt 0.839711 0.614796
vt 0.844126 0.612187
vt 0.845382 0.608466
vt 0.834634 0.514711
vt 0.867503 0.568024
vt 0.878372 0.524209
vt 0.851389 0.574111
vt 0.859524 0.516552
vt 0.851067 0.564363
vt 0.845178 0.558901
vt 0.829233 0.554256
vt 0.885800 0.781142
vt 0.864032 0.767685
vt 0.865016 0.789530
vt 0.864030 0.653878
vt 0.852046 0.672073
vt 0.862563 0.672857
vt 0.855989 0.768741
vt 0.858211 0.791327
vt 0.848739 0.793186
vt 0.845387 0.769802
vt 0.797289 0.645846
vt 0.773898 0.664325
vt 0.797425 0.665235
vt 0.854612 0.738263
vt 0.851950 0.652428
vt 0.837676 0.670189
vt 0.839888 0.700892
vt 0.852875 0.701554
vt 0.820258 0.647705
vt 0.820631 0.667016
vt 0.836914 0.650357
vt 0.773898 0.644630
vt 0.796703 0.631283
vt 0.773897 0.629865
vt 0.773900 0.699001
vt 0.798169 0.699918
vt 0.822177 0.700625
vt 0.826661 0.772293
vt 0.829097 0.797350
vt 0.842965 0.738611
vt 0.799429 0.740612
vt 0.773903 0.774491
vt 0.800604 0.774458
vt 0.801832 0.801047
vt 0.824565 0.739679
vt 0.773904 0.802081
vt 0.819864 0.633787
vt 0.773902 0.740682
vt 0.889324 0.791384
vt 0.887394 0.776983
vt 0.883242 0.762661
vt 0.891282 0.788666
vt 0.831164 0.812742
vt 0.852226 0.808595
vt 0.802698 0.815371
vt 0.773905 0.827463
vt 0.804331 0.826391
vt 0.833727 0.823053
vt 0.812929 0.920253
vt 0.849248 0.902011
vt 0.811576 0.904783
vt 0.773909 0.921680
vt 0.773909 0.905529
vt 0.855510 0.818765
vt 0.874337 0.820245
vt 0.894062 0.810663
vt 0.866826 0.802905
vt 0.860672 0.806060
vt 0.863236 0.816172
vt 0.867650 0.816496
vt 0.852028 0.916492
vt 0.878911 0.898068
vt 0.886857 0.895019
vt 0.882953 0.911881
vt 0.892197 0.905799
vt 0.896403 0.902444
vt 0.889949 0.891821
vt 0.890911 0.884545
vt 0.871949 0.821007
vt 0.898385 0.900864
vt 0.773896 0.609158
vt 0.796844 0.613556
vt 0.797069 0.609976
vt 0.773896 0.612235
vt 0.804385 0.510720
vt 0.773893 0.548453
vt 0.801472 0.549613
vt 0.852073 0.637988
vt 0.836586 0.637175
vt 0.820833 0.616017
vt 0.804476 0.827372
vt 0.833967 0.824017
vt 0.855820 0.819724
vt 0.863484 0.817148
vt 0.867713 0.817527
vt 0.890502 0.883653
vt 0.870932 0.821331
vt 0.889446 0.890993
vt 0.886418 0.894131
vt 0.878627 0.897098
vt 0.849058 0.901024
vt 0.811489 0.903784
vt 0.773909 0.904528
vt 0.863550 0.737910
vt 0.862997 0.701949
vt 0.882293 0.735979
vt 0.885092 0.762593
vt 0.884782 0.734897
vt 0.885827 0.734443
vt 0.886077 0.762557
vt 0.887812 0.775891
vt 0.887166 0.664947
vt 0.865038 0.639630
vt 0.889443 0.666250
vt 0.893490 0.657350
vt 0.888946 0.665965
vt 0.883626 0.678030
vt 0.868057 0.626557
vt 0.892234 0.655745
vt 0.896458 0.642874
vt 0.893910 0.657887
vt 0.901826 0.652528
vt 0.882243 0.703852
vt 0.955005 0.824918
vt 0.902872 0.802225
vt 0.971490 0.836982
vt 0.903019 0.798726
vt 0.969277 0.792370
vt 0.953744 0.787208
vt 0.952430 0.786771
vt 0.918775 0.884175
vt 0.891827 0.787909
vt 0.903056 0.797840
vt 0.954105 0.824259
vt 0.901754 0.653175
vt 0.909004 0.647963
vt 0.871043 0.615272
vt 0.900379 0.634096
vt 0.902055 0.650468
vt 0.944266 0.631519
vt 0.946009 0.635344
vt 0.946982 0.634364
vt 0.937069 0.633035
vt 0.936530 0.632387
vt 0.913696 0.606401
vt 0.927013 0.578707
vt 0.893384 0.539872
vt 0.908972 0.648539
vt 0.961914 0.619326
vt 0.961797 0.615856
vt 0.909097 0.646312
vt 0.935447 0.631084
vt 0.947745 0.646905
vt 0.962636 0.640568
vt 0.967124 0.741463
vt 0.950685 0.739642
vt 0.886575 0.675918
vt 0.885960 0.676358
vt 0.964175 0.675177
vt 0.907330 0.689953
vt 0.899316 0.682635
vt 0.898856 0.690216
vt 0.949422 0.677827
vt 0.964694 0.686847
vt 0.949795 0.686696
vt 0.907562 0.682225
vt 0.952058 0.739794
vt 0.948466 0.688085
vt 0.947987 0.676740
vt 0.899417 0.680960
vt 0.907610 0.680641
vt 0.898778 0.691496
vt 0.885205 0.709266
vt 0.885764 0.710288
vt 0.885042 0.691251
vt 0.882832 0.692850
vt 0.885140 0.684178
vt 0.885619 0.682379
vt 0.886136 0.692569
vt 0.773893 0.549043
vt 0.801428 0.550202
vt 0.773896 0.608600
vt 0.797105 0.609417
vt 0.853995 0.623214
vt 0.838633 0.620074
vt 0.832334 0.615189
vt 0.821267 0.612737
vt 0.839521 0.615650
vt 0.831888 0.614843
vt 0.844769 0.612919
vt 0.839694 0.614791
vt 0.846345 0.608754
vt 0.844108 0.612181
vt 0.834608 0.514706
vt 0.829291 0.553666
vt 0.856617 0.611831
vt 0.829211 0.554251
vt 0.845345 0.558335
vt 0.821340 0.612183
vt 0.851369 0.574104
vt 0.852600 0.573639
vt 0.851045 0.564357
vt 0.852280 0.564632
vt 0.859499 0.516545
vt 0.867482 0.568016
vt 0.878347 0.524200
vt 0.683774 0.767693
vt 0.662007 0.781152
vt 0.682792 0.789538
vt 0.695752 0.672080
vt 0.683766 0.653886
vt 0.685235 0.672865
vt 0.691817 0.768748
vt 0.689597 0.791334
vt 0.699069 0.793192
vt 0.702419 0.769808
vt 0.750507 0.645848
vt 0.693191 0.738270
vt 0.695846 0.652435
vt 0.710122 0.670195
vt 0.710882 0.650362
vt 0.707912 0.700898
vt 0.694925 0.701561
vt 0.750372 0.665237
vt 0.727538 0.647709
vt 0.727166 0.667020
vt 0.751091 0.631285
vt 0.749631 0.699920
vt 0.721145 0.772298
vt 0.704839 0.738617
vt 0.723239 0.739683
vt 0.725623 0.700629
vt 0.748375 0.740614
vt 0.747203 0.774460
vt 0.718712 0.797355
vt 0.727931 0.633791
vt 0.658484 0.791394
vt 0.680983 0.802913
vt 0.660412 0.776992
vt 0.664564 0.762670
vt 0.662713 0.762603
vt 0.656525 0.788676
vt 0.716646 0.812747
vt 0.695584 0.808602
vt 0.745112 0.815373
vt 0.745977 0.801049
vt 0.743480 0.826393
vt 0.714083 0.823058
vt 0.698569 0.902018
vt 0.734890 0.920256
vt 0.736241 0.904787
vt 0.673474 0.820254
vt 0.653748 0.810673
vt 0.687137 0.806067
vt 0.692300 0.818772
vt 0.684574 0.816180
vt 0.695791 0.916499
vt 0.668906 0.898077
vt 0.664865 0.911890
vt 0.680159 0.816504
vt 0.675862 0.821015
vt 0.660959 0.895028
vt 0.651414 0.902455
vt 0.655621 0.905809
vt 0.656905 0.884555
vt 0.649432 0.900875
vt 0.657867 0.891831
vt 0.750949 0.613558
vt 0.743399 0.510723
vt 0.746315 0.549616
vt 0.695722 0.637995
vt 0.711209 0.637180
vt 0.726960 0.616021
vt 0.743335 0.827374
vt 0.713844 0.824022
vt 0.691991 0.819731
vt 0.684326 0.817156
vt 0.680097 0.817536
vt 0.676878 0.821339
vt 0.657313 0.883663
vt 0.658370 0.891003
vt 0.661399 0.894141
vt 0.669190 0.897107
vt 0.736328 0.903788
vt 0.684253 0.737918
vt 0.665510 0.735988
vt 0.684803 0.701957
vt 0.661976 0.734453
vt 0.661728 0.762567
vt 0.659994 0.775901
vt 0.655980 0.787919
vt 0.682757 0.639638
vt 0.660631 0.664957
vt 0.654306 0.657360
vt 0.658354 0.666260
vt 0.658851 0.665975
vt 0.664172 0.678039
vt 0.655562 0.655755
vt 0.679737 0.626565
vt 0.651337 0.642884
vt 0.645970 0.652539
vt 0.653886 0.657897
vt 0.665558 0.703861
vt 0.645741 0.650479
vt 0.592805 0.824933
vt 0.644937 0.802236
vt 0.644789 0.798737
vt 0.578531 0.792387
vt 0.594063 0.787223
vt 0.595378 0.786786
vt 0.629041 0.884187
vt 0.644752 0.797851
vt 0.593705 0.824275
vt 0.638791 0.647974
vt 0.646042 0.653186
vt 0.676750 0.615280
vt 0.647416 0.634107
vt 0.638699 0.646324
vt 0.601785 0.635358
vt 0.603528 0.631533
vt 0.600812 0.634379
vt 0.610725 0.633049
vt 0.611264 0.632401
vt 0.634096 0.606413
vt 0.654403 0.539882
vt 0.620777 0.578720
vt 0.638824 0.648550
vt 0.585878 0.619342
vt 0.612347 0.631098
vt 0.585996 0.615872
vt 0.600050 0.646920
vt 0.601327 0.647463
vt 0.585159 0.640584
vt 0.580680 0.741480
vt 0.595746 0.739810
vt 0.597118 0.739658
vt 0.661223 0.675927
vt 0.661838 0.676367
vt 0.583623 0.675193
vt 0.598376 0.677842
vt 0.640469 0.689965
vt 0.648483 0.682646
vt 0.640236 0.682236
vt 0.583104 0.686863
vt 0.598003 0.686711
vt 0.599333 0.688100
vt 0.599810 0.676754
vt 0.648381 0.680970
vt 0.640189 0.680652
vt 0.649021 0.691506
vt 0.648943 0.690226
vt 0.662596 0.709275
vt 0.662036 0.710298
vt 0.663021 0.734907
vt 0.662757 0.691261
vt 0.664967 0.692859
vt 0.662659 0.684188
vt 0.662179 0.682388
vt 0.661663 0.692579
vt 0.746359 0.550205
vt 0.750723 0.609978
vt 0.693799 0.623221
vt 0.709160 0.620080
vt 0.715458 0.615194
vt 0.715905 0.614848
vt 0.708271 0.615656
vt 0.703023 0.612925
vt 0.708098 0.614796
vt 0.703684 0.612187
vt 0.701447 0.608760
vt 0.702428 0.608466
vt 0.713176 0.514711
vt 0.691176 0.611838
vt 0.718577 0.554256
vt 0.702442 0.558341
vt 0.702632 0.558901
vt 0.718497 0.553670
vt 0.726525 0.612741
vt 0.750687 0.609419
vt 0.726452 0.612187
vt 0.696420 0.574111
vt 0.696743 0.564363
vt 0.695189 0.573646
vt 0.680307 0.568024
vt 0.669438 0.524209
vt 0.688286 0.516552
vt 0.695508 0.564638
vt 0.185275 0.829116
vt 0.176416 0.828138
vt 0.178614 0.825361
vt 0.162088 0.827249
vt 0.155669 0.833001
vt 0.155175 0.823218
vt 0.146103 0.825842
vt 0.169446 0.826223
vt 0.162767 0.832013
vt 0.174673 0.831181
vt 0.182606 0.831006
vt 0.126945 0.823113
vt 0.133745 0.821235
vt 0.134052 0.823653
vt 0.148051 0.821517
vt 0.140904 0.820569
vt 0.148901 0.837045
vt 0.143198 0.830984
vt 0.164690 0.837029
vt 0.134828 0.829338
vt 0.136402 0.840335
vt 0.172935 0.836158
vt 0.169800 0.846405
vt 0.255906 0.261828
vt 0.233764 0.254601
vt 0.256835 0.253610
vt 0.282590 0.261161
vt 0.233238 0.262970
vt 0.204816 0.257853
vt 0.198081 0.263567
vt 0.202845 0.263871
vt 0.236086 0.905357
vt 0.282662 0.911522
vt 0.236205 0.912327
vt 0.282659 0.891533
vt 0.282661 0.904776
vt 0.232139 0.882752
vt 0.282658 0.878934
vt 0.282659 0.883269
vt 0.282663 0.925053
vt 0.235810 0.924135
vt 0.150605 0.385976
vt 0.134886 0.366590
vt 0.151337 0.361657
vt 0.173420 0.308562
vt 0.163143 0.312572
vt 0.165049 0.327548
vt 0.179157 0.338945
vt 0.165831 0.341393
vt 0.234383 0.891459
vt 0.222652 0.905653
vt 0.221266 0.891500
vt 0.222643 0.912704
vt 0.222086 0.923977
vt 0.080511 0.350086
vt 0.085710 0.364011
vt 0.076300 0.354171
vt 0.093684 0.376685
vt 0.089956 0.360539
vt 0.098374 0.374313
vt 0.082948 0.365338
vt 0.073718 0.355815
vt 0.090666 0.377568
vt 0.096716 0.409579
vt 0.098565 0.392360
vt 0.099871 0.409878
vt 0.095417 0.392684
vt 0.094052 0.426944
vt 0.090479 0.443673
vt 0.087419 0.442112
vt 0.083850 0.458643
vt 0.095045 0.446212
vt 0.079937 0.454973
vt 0.071826 0.466673
vt 0.068097 0.461987
vt 0.101948 0.429292
vt 0.104791 0.410156
vt 0.097091 0.427832
vt 0.103431 0.391291
vt 0.076603 0.452303
vt 0.064823 0.458166
vt 0.108642 0.708099
vt 0.132349 0.729004
vt 0.112002 0.730413
vt 0.046635 0.800364
vt 0.054415 0.802833
vt 0.048737 0.805835
vt 0.088629 0.694058
vt 0.089809 0.713159
vt 0.083658 0.697328
vt 0.092663 0.730864
vt 0.095439 0.711304
vt 0.098443 0.730498
vt 0.097457 0.749533
vt 0.091965 0.748494
vt 0.050181 0.795439
vt 0.044893 0.799131
vt 0.052191 0.797354
vt 0.060645 0.789394
vt 0.063514 0.791702
vt 0.086060 0.714172
vt 0.088836 0.731366
vt 0.080145 0.698996
vt 0.087644 0.764560
vt 0.088119 0.748455
vt 0.066557 0.672482
vt 0.074355 0.685571
vt 0.063692 0.677731
vt 0.077971 0.681138
vt 0.071319 0.687911
vt 0.061154 0.680598
vt 0.046211 0.671422
vt 0.042724 0.468266
vt 0.039975 0.466277
vt 0.031528 0.593912
vt 0.033661 0.650355
vt 0.030032 0.650453
vt 0.034836 0.665628
vt 0.031641 0.667024
vt 0.183426 0.926254
vt 0.221909 0.929773
vt 0.183031 0.932040
vt 0.030356 0.813343
vt 0.235665 0.929918
vt 0.282664 0.930808
vt 0.282664 0.932455
vt 0.183410 0.933674
vt 0.221934 0.931419
vt 0.235664 0.931562
vt 0.100085 0.685453
vt 0.069830 0.665585
vt 0.083556 0.650566
vt 0.071498 0.650081
vt 0.116015 0.390141
vt 0.117278 0.410984
vt 0.177635 0.323920
vt 0.135862 0.347307
vt 0.152105 0.342560
vt 0.166158 0.360635
vt 0.152464 0.328651
vt 0.152831 0.313253
vt 0.099930 0.650929
vt 0.083067 0.671705
vt 0.075671 0.472925
vt 0.089312 0.466276
vt 0.106111 0.454715
vt 0.086740 0.521854
vt 0.075314 0.522944
vt 0.102779 0.521291
vt 0.105525 0.835218
vt 0.094081 0.834466
vt 0.109207 0.826971
vt 0.190746 0.263637
vt 0.182440 0.255684
vt 0.188578 0.254421
vt 0.177536 0.244248
vt 0.175431 0.247179
vt 0.055528 0.299596
vt 0.060068 0.291926
vt 0.059792 0.299486
vt 0.058392 0.284401
vt 0.055399 0.292111
vt 0.053109 0.285136
vt 0.282584 0.209880
vt 0.254519 0.214975
vt 0.254077 0.210376
vt 0.180624 0.211371
vt 0.197924 0.215789
vt 0.178836 0.216052
vt 0.079526 0.284205
vt 0.069873 0.291901
vt 0.069616 0.283487
vt 0.069448 0.300289
vt 0.079360 0.292841
vt 0.079470 0.301241
vt 0.066106 0.283512
vt 0.067070 0.291747
vt 0.066472 0.300017
vt 0.089906 0.283155
vt 0.177366 0.234943
vt 0.198220 0.224367
vt 0.134254 0.388461
vt 0.110299 0.367427
vt 0.114164 0.432466
vt 0.066383 0.339476
vt 0.060235 0.342876
vt 0.057260 0.344254
vt 0.053800 0.336045
vt 0.060380 0.333406
vt 0.055297 0.322547
vt 0.050466 0.328947
vt 0.051641 0.321371
vt 0.050482 0.336338
vt 0.054042 0.329749
vt 0.071398 0.332119
vt 0.085370 0.342938
vt 0.068836 0.337644
vt 0.061929 0.321934
vt 0.074765 0.323696
vt 0.099177 0.341535
vt 0.088208 0.336031
vt 0.096938 0.352342
vt 0.110669 0.346395
vt 0.063131 0.332000
vt 0.065290 0.321930
vt 0.063962 0.328058
vt 0.060219 0.328397
vt 0.282586 0.227580
vt 0.254657 0.223046
vt 0.282585 0.222592
vt 0.178263 0.226047
vt 0.198377 0.229742
vt 0.170152 0.781038
vt 0.150916 0.791730
vt 0.151356 0.778890
vt 0.169822 0.758099
vt 0.168411 0.728754
vt 0.151226 0.756584
vt 0.150528 0.728656
vt 0.233933 0.215466
vt 0.233719 0.210890
vt 0.282588 0.248965
vt 0.254597 0.228107
vt 0.254608 0.249395
vt 0.234060 0.228903
vt 0.282585 0.214747
vt 0.234108 0.223705
vt 0.174772 0.815648
vt 0.166142 0.812970
vt 0.168622 0.801419
vt 0.219276 0.882776
vt 0.184014 0.892660
vt 0.183861 0.885658
vt 0.231563 0.875941
vt 0.224788 0.872539
vt 0.157702 0.811453
vt 0.150326 0.798778
vt 0.149109 0.810129
vt 0.169513 0.794215
vt 0.132690 0.773658
vt 0.132700 0.753865
vt 0.110209 0.752622
vt 0.132344 0.784595
vt 0.201176 0.253590
vt 0.234232 0.250068
vt 0.217418 0.852576
vt 0.214465 0.853335
vt 0.216799 0.842109
vt 0.213760 0.839615
vt 0.223307 0.837184
vt 0.222652 0.833652
vt 0.253450 0.835488
vt 0.253127 0.832387
vt 0.043638 0.674133
vt 0.070430 0.786712
vt 0.076198 0.775927
vt 0.079599 0.777513
vt 0.083905 0.763759
vt 0.067387 0.784596
vt 0.092539 0.767034
vt 0.103575 0.774484
vt 0.083633 0.781531
vt 0.100982 0.595599
vt 0.073421 0.594892
vt 0.084263 0.595189
vt 0.282589 0.253082
vt 0.164037 0.263781
vt 0.172051 0.258786
vt 0.172572 0.264657
vt 0.184417 0.264625
vt 0.168210 0.253141
vt 0.092679 0.293986
vt 0.095568 0.283492
vt 0.101681 0.293109
vt 0.097635 0.303275
vt 0.111927 0.297689
vt 0.106591 0.306400
vt 0.102163 0.326202
vt 0.092195 0.325017
vt 0.110604 0.284888
vt 0.119210 0.278390
vt 0.116993 0.286707
vt 0.106152 0.279774
vt 0.257916 0.301057
vt 0.251153 0.310524
vt 0.251505 0.299198
vt 0.254896 0.311579
vt 0.252058 0.332452
vt 0.282598 0.331961
vt 0.282595 0.311421
vt 0.252237 0.275613
vt 0.282594 0.302067
vt 0.282591 0.274743
vt 0.282642 0.732226
vt 0.249461 0.766203
vt 0.247793 0.731965
vt 0.282646 0.766902
vt 0.250807 0.795094
vt 0.251304 0.805945
vt 0.282649 0.796723
vt 0.282650 0.807419
vt 0.282651 0.819256
vt 0.252464 0.826194
vt 0.251924 0.818392
vt 0.282653 0.831162
vt 0.282653 0.833845
vt 0.231913 0.872590
vt 0.254473 0.851047
vt 0.282658 0.875664
vt 0.225383 0.851453
vt 0.227339 0.869513
vt 0.282655 0.850653
vt 0.148676 0.818186
vt 0.156216 0.819815
vt 0.163678 0.822169
vt 0.171280 0.823238
vt 0.183140 0.818691
vt 0.190470 0.824669
vt 0.195875 0.831213
vt 0.190041 0.834532
vt 0.191691 0.841639
vt 0.187244 0.848324
vt 0.188748 0.842107
vt 0.186585 0.836160
vt 0.132992 0.818144
vt 0.125389 0.820318
vt 0.140845 0.817531
vt 0.207161 0.854967
vt 0.194137 0.849720
vt 0.188320 0.856383
vt 0.182176 0.868806
vt 0.180209 0.861658
vt 0.196781 0.840651
vt 0.190205 0.848939
vt 0.131621 0.812391
vt 0.077300 0.812724
vt 0.104012 0.810270
vt 0.115120 0.820382
vt 0.131941 0.803807
vt 0.140444 0.810815
vt 0.122826 0.815279
vt 0.118696 0.824241
vt 0.184862 0.837152
vt 0.186518 0.848122
vt 0.183939 0.853932
vt 0.179520 0.840431
vt 0.180777 0.847917
vt 0.185563 0.854934
vt 0.122678 0.828397
vt 0.121193 0.826922
vt 0.123820 0.840407
vt 0.127245 0.832906
vt 0.113576 0.830102
vt 0.116674 0.832001
vt 0.175936 0.854421
vt 0.110418 0.837318
vt 0.178660 0.858099
vt 0.114786 0.838440
vt 0.179217 0.860148
vt 0.178320 0.857496
vt 0.116800 0.838978
vt 0.228767 0.350233
vt 0.201892 0.333198
vt 0.229971 0.332346
vt 0.195917 0.333853
vt 0.202212 0.353053
vt 0.196579 0.357701
vt 0.228932 0.367877
vt 0.202762 0.372912
vt 0.253490 0.349085
vt 0.253602 0.366716
vt 0.254546 0.332873
vt 0.197212 0.375446
vt 0.188174 0.358244
vt 0.179942 0.359292
vt 0.187968 0.335882
vt 0.282599 0.348373
vt 0.282601 0.366227
vt 0.166220 0.385440
vt 0.180526 0.390224
vt 0.188595 0.381015
vt 0.182350 0.730242
vt 0.189522 0.698809
vt 0.193161 0.731103
vt 0.179139 0.697120
vt 0.187816 0.666801
vt 0.246028 0.700585
vt 0.211823 0.731695
vt 0.208239 0.699856
vt 0.282638 0.701291
vt 0.205454 0.671919
vt 0.282636 0.681736
vt 0.244777 0.679003
vt 0.186451 0.807352
vt 0.186989 0.798989
vt 0.185284 0.760024
vt 0.197499 0.762895
vt 0.206189 0.790907
vt 0.201531 0.789914
vt 0.217939 0.793412
vt 0.215207 0.765482
vt 0.206410 0.825201
vt 0.186909 0.784238
vt 0.221303 0.825946
vt 0.220208 0.817501
vt 0.218948 0.804423
vt 0.203731 0.801340
vt 0.205931 0.812765
vt 0.209922 0.802594
vt 0.214527 0.815616
vt 0.184687 0.913260
vt 0.184725 0.906237
vt 0.052639 0.815763
vt 0.033423 0.818468
vt 0.068225 0.835285
vt 0.057705 0.816116
vt 0.069802 0.814044
vt 0.048476 0.831990
vt 0.042549 0.828307
vt 0.056902 0.809829
vt 0.068686 0.806098
vt 0.075587 0.835205
vt 0.066386 0.797214
vt 0.073695 0.791930
vt 0.103400 0.793658
vt 0.087699 0.786006
vt 0.076133 0.794020
vt 0.076515 0.803066
vt 0.232796 0.277415
vt 0.201973 0.310109
vt 0.231634 0.310730
vt 0.202169 0.295582
vt 0.202396 0.278757
vt 0.232083 0.297864
vt 0.202071 0.302846
vt 0.038552 0.650336
vt 0.035016 0.593985
vt 0.039918 0.594061
vt 0.049890 0.666156
vt 0.039955 0.662562
vt 0.062911 0.664064
vt 0.057416 0.524084
vt 0.055907 0.594307
vt 0.054675 0.649941
vt 0.036924 0.521373
vt 0.060156 0.476635
vt 0.048325 0.471908
vt 0.038127 0.475396
vt 0.034914 0.474455
vt 0.033524 0.521126
vt 0.042027 0.522369
vt 0.043544 0.478176
vt 0.131699 0.702893
vt 0.149632 0.698964
vt 0.149789 0.413576
vt 0.133274 0.412503
vt 0.165716 0.413645
vt 0.170837 0.413725
vt 0.130730 0.523089
vt 0.131445 0.459936
vt 0.130313 0.596216
vt 0.140898 0.523964
vt 0.140458 0.596412
vt 0.169548 0.596662
vt 0.163717 0.525079
vt 0.169806 0.524984
vt 0.164246 0.647589
vt 0.164061 0.596728
vt 0.165280 0.675703
vt 0.177117 0.660423
vt 0.169204 0.648738
vt 0.131233 0.680230
vt 0.130890 0.651280
vt 0.164308 0.467728
vt 0.164901 0.443154
vt 0.169794 0.467623
vt 0.169866 0.443049
vt 0.152886 0.466450
vt 0.148944 0.442534
vt 0.152312 0.524727
vt 0.132120 0.437582
vt 0.149070 0.675646
vt 0.152715 0.648729
vt 0.166472 0.696292
vt 0.140700 0.650092
vt 0.152252 0.596604
vt 0.142915 0.463925
vt 0.380030 0.829095
vt 0.388889 0.828114
vt 0.382700 0.830984
vt 0.403217 0.827223
vt 0.410129 0.823189
vt 0.409637 0.832973
vt 0.419201 0.825812
vt 0.402538 0.831986
vt 0.395858 0.826198
vt 0.390632 0.831157
vt 0.438359 0.823079
vt 0.431251 0.823620
vt 0.431558 0.821203
vt 0.417253 0.821487
vt 0.424399 0.820538
vt 0.416405 0.837015
vt 0.400617 0.837003
vt 0.422108 0.830953
vt 0.428905 0.840303
vt 0.395508 0.846380
vt 0.392372 0.836134
vt 0.430477 0.829305
vt 0.309273 0.261822
vt 0.331414 0.254590
vt 0.331941 0.262959
vt 0.308342 0.253604
vt 0.360362 0.257836
vt 0.367099 0.263548
vt 0.362335 0.263853
vt 0.329236 0.905347
vt 0.329118 0.912317
vt 0.330935 0.891448
vt 0.333177 0.882741
vt 0.333752 0.875930
vt 0.430316 0.366557
vt 0.414602 0.385947
vt 0.413864 0.361628
vt 0.391770 0.308538
vt 0.400146 0.327522
vt 0.386039 0.338922
vt 0.387558 0.323897
vt 0.342670 0.905640
vt 0.342681 0.912691
vt 0.329516 0.924125
vt 0.484688 0.350041
vt 0.479492 0.363967
vt 0.475245 0.360496
vt 0.471520 0.376643
vt 0.488900 0.354125
vt 0.482254 0.365294
vt 0.474539 0.377526
vt 0.468496 0.409538
vt 0.466643 0.392319
vt 0.469791 0.392643
vt 0.474740 0.443631
vt 0.471164 0.426902
vt 0.477800 0.442069
vt 0.465341 0.409838
vt 0.481373 0.458599
vt 0.470175 0.446171
vt 0.493399 0.466626
vt 0.485285 0.454928
vt 0.497126 0.461940
vt 0.463268 0.429252
vt 0.460421 0.410117
vt 0.468125 0.427791
vt 0.466830 0.374272
vt 0.461777 0.391251
vt 0.488618 0.452257
vt 0.500400 0.458118
vt 0.432933 0.728971
vt 0.456636 0.708061
vt 0.453281 0.730375
vt 0.518663 0.800312
vt 0.510884 0.802783
vt 0.513107 0.797303
vt 0.476646 0.694015
vt 0.475470 0.713116
vt 0.469839 0.711263
vt 0.472620 0.730822
vt 0.467830 0.749492
vt 0.466840 0.730457
vt 0.515116 0.795388
vt 0.520405 0.799078
vt 0.504651 0.789345
vt 0.479219 0.714128
vt 0.476447 0.731323
vt 0.481618 0.697284
vt 0.477646 0.764517
vt 0.477168 0.748412
vt 0.481385 0.763715
vt 0.473322 0.748452
vt 0.498713 0.672434
vt 0.490918 0.685525
vt 0.487301 0.681093
vt 0.485131 0.698951
vt 0.501579 0.677683
vt 0.493954 0.687864
vt 0.519059 0.671370
vt 0.504118 0.680549
vt 0.522501 0.468213
vt 0.525249 0.466223
vt 0.531604 0.650300
vt 0.533725 0.593856
vt 0.535234 0.650397
vt 0.530433 0.665573
vt 0.533628 0.666969
vt 0.381900 0.926232
vt 0.343418 0.929760
vt 0.343240 0.923964
vt 0.534945 0.813287
vt 0.516563 0.805783
vt 0.329662 0.929908
vt 0.329664 0.931552
vt 0.381918 0.933652
vt 0.343394 0.931406
vt 0.535816 0.811795
vt 0.465188 0.685413
vt 0.495438 0.665538
vt 0.482203 0.671661
vt 0.481709 0.650522
vt 0.493767 0.650034
vt 0.449192 0.390104
vt 0.402047 0.312546
vt 0.429336 0.347275
vt 0.413092 0.342531
vt 0.399043 0.360609
vt 0.465335 0.650889
vt 0.489555 0.472879
vt 0.475912 0.466233
vt 0.459111 0.454676
vt 0.478497 0.521811
vt 0.462458 0.521251
vt 0.459782 0.835179
vt 0.456097 0.826933
vt 0.471225 0.834424
vt 0.374434 0.263617
vt 0.382738 0.255662
vt 0.380763 0.264603
vt 0.387639 0.244225
vt 0.376599 0.254400
vt 0.509660 0.299546
vt 0.505118 0.291877
vt 0.509787 0.292061
vt 0.506792 0.284351
vt 0.310650 0.214969
vt 0.311091 0.210370
vt 0.384545 0.211348
vt 0.367245 0.215770
vt 0.366973 0.211089
vt 0.485658 0.284160
vt 0.495313 0.291854
vt 0.485826 0.292796
vt 0.495740 0.300242
vt 0.499078 0.283464
vt 0.498116 0.291699
vt 0.505396 0.299437
vt 0.475278 0.283112
vt 0.472507 0.293944
vt 0.387807 0.234920
vt 0.364001 0.253572
vt 0.386333 0.216029
vt 0.366952 0.224348
vt 0.454904 0.367389
vt 0.454530 0.346357
vt 0.451053 0.432429
vt 0.447934 0.410947
vt 0.498813 0.339428
vt 0.504963 0.342827
vt 0.491482 0.355769
vt 0.507937 0.344204
vt 0.511396 0.335994
vt 0.514714 0.336287
vt 0.504815 0.333357
vt 0.509896 0.322497
vt 0.514728 0.328896
vt 0.511152 0.329698
vt 0.513551 0.321320
vt 0.479827 0.342894
vt 0.493797 0.332072
vt 0.496360 0.337597
vt 0.503264 0.321885
vt 0.498716 0.299969
vt 0.490428 0.323650
vt 0.485718 0.301196
vt 0.466020 0.341494
vt 0.476987 0.335988
vt 0.468261 0.352301
vt 0.502064 0.331951
vt 0.501232 0.328010
vt 0.499902 0.321882
vt 0.504975 0.328348
vt 0.310513 0.223040
vt 0.310575 0.228101
vt 0.386909 0.226024
vt 0.366795 0.229723
vt 0.495568 0.283440
vt 0.395143 0.781013
vt 0.414380 0.791701
vt 0.395784 0.794190
vt 0.413937 0.778861
vt 0.395467 0.758074
vt 0.414063 0.756555
vt 0.396871 0.728729
vt 0.414755 0.728627
vt 0.331236 0.215455
vt 0.331449 0.210879
vt 0.310568 0.249389
vt 0.331112 0.228892
vt 0.331063 0.223694
vt 0.390530 0.815624
vt 0.396676 0.801394
vt 0.399160 0.812944
vt 0.346040 0.882762
vt 0.381306 0.892638
vt 0.344052 0.891486
vt 0.340526 0.872526
vt 0.407599 0.811425
vt 0.414972 0.798749
vt 0.416192 0.810099
vt 0.432603 0.773625
vt 0.432588 0.753832
vt 0.455079 0.752584
vt 0.432952 0.784562
vt 0.330945 0.250057
vt 0.347893 0.852562
vt 0.337975 0.869501
vt 0.348509 0.842094
vt 0.350845 0.853320
vt 0.341999 0.837171
vt 0.351548 0.839600
vt 0.311856 0.835482
vt 0.342655 0.833639
vt 0.521632 0.674080
vt 0.494865 0.786665
vt 0.489095 0.775881
vt 0.497908 0.784548
vt 0.485694 0.777468
vt 0.501782 0.791654
vt 0.472752 0.766992
vt 0.481661 0.781487
vt 0.461718 0.774444
vt 0.464271 0.595559
vt 0.480990 0.595145
vt 0.491832 0.594846
vt 0.489923 0.522898
vt 0.393127 0.258762
vt 0.401143 0.263755
vt 0.392608 0.264633
vt 0.396967 0.253116
vt 0.389746 0.247155
vt 0.469616 0.283451
vt 0.467553 0.303234
vt 0.458598 0.306361
vt 0.453260 0.297651
vt 0.463030 0.326162
vt 0.472998 0.324975
vt 0.452788 0.327170
vt 0.454580 0.284850
vt 0.445973 0.278354
vt 0.459031 0.279735
vt 0.463505 0.293069
vt 0.307272 0.301052
vt 0.314037 0.310517
vt 0.310294 0.311573
vt 0.313137 0.332445
vt 0.310649 0.332867
vt 0.385034 0.303390
vt 0.377228 0.335861
vt 0.378829 0.318617
vt 0.312945 0.275606
vt 0.313683 0.299191
vt 0.315830 0.766196
vt 0.314491 0.795087
vt 0.313996 0.805938
vt 0.312840 0.826188
vt 0.282652 0.826435
vt 0.312179 0.832381
vt 0.333401 0.872579
vt 0.310837 0.851040
vt 0.339927 0.851440
vt 0.416626 0.818156
vt 0.409087 0.819787
vt 0.401625 0.822142
vt 0.394024 0.823214
vt 0.382163 0.818669
vt 0.374834 0.824649
vt 0.386690 0.825338
vt 0.369431 0.831194
vt 0.375265 0.834512
vt 0.373617 0.841619
vt 0.378066 0.848303
vt 0.375104 0.848919
vt 0.378722 0.836138
vt 0.376560 0.842086
vt 0.432310 0.818111
vt 0.439914 0.820283
vt 0.424457 0.817500
vt 0.358149 0.854950
vt 0.371173 0.849700
vt 0.376991 0.856363
vt 0.383137 0.868784
vt 0.385103 0.861635
vt 0.381456 0.885636
vt 0.368526 0.840632
vt 0.433680 0.812358
vt 0.442476 0.815244
vt 0.488001 0.812679
vt 0.489719 0.835159
vt 0.461288 0.810230
vt 0.450183 0.820345
vt 0.424857 0.810784
vt 0.433359 0.803774
vt 0.446608 0.824204
vt 0.380444 0.837130
vt 0.378791 0.848101
vt 0.381372 0.853910
vt 0.384532 0.847894
vt 0.385788 0.840408
vt 0.379748 0.854912
vt 0.442626 0.828362
vt 0.441487 0.840372
vt 0.448507 0.838941
vt 0.438061 0.832872
vt 0.451729 0.830065
vt 0.448631 0.831965
vt 0.444111 0.826886
vt 0.389374 0.854397
vt 0.386991 0.857473
vt 0.454889 0.837280
vt 0.386651 0.858076
vt 0.450521 0.838403
vt 0.386094 0.860125
vt 0.336432 0.350221
vt 0.363304 0.333180
vt 0.362987 0.353035
vt 0.369279 0.333834
vt 0.336271 0.367866
vt 0.362442 0.372894
vt 0.368621 0.357682
vt 0.367993 0.375427
vt 0.335224 0.332334
vt 0.311708 0.349079
vt 0.311601 0.366710
vt 0.377026 0.358223
vt 0.376611 0.380995
vt 0.385259 0.359269
vt 0.399366 0.341367
vt 0.398986 0.385414
vt 0.384681 0.390201
vt 0.382933 0.730220
vt 0.375754 0.698788
vt 0.386136 0.697097
vt 0.377453 0.666780
vt 0.319249 0.700577
vt 0.353460 0.731679
vt 0.317490 0.731957
vt 0.372122 0.731083
vt 0.357038 0.699840
vt 0.359816 0.671902
vt 0.320495 0.678995
vt 0.378850 0.807331
vt 0.313379 0.818386
vt 0.378310 0.798968
vt 0.380005 0.760002
vt 0.367791 0.762876
vt 0.350084 0.765467
vt 0.363765 0.789896
vt 0.359108 0.790890
vt 0.347359 0.793398
vt 0.358894 0.825184
vt 0.378386 0.784217
vt 0.344001 0.825932
vt 0.345094 0.817487
vt 0.346351 0.804409
vt 0.359371 0.812748
vt 0.361568 0.801322
vt 0.355378 0.802578
vt 0.350775 0.815601
vt 0.380637 0.913238
vt 0.380597 0.906215
vt 0.531879 0.818413
vt 0.512663 0.815712
vt 0.497081 0.835238
vt 0.507597 0.816066
vt 0.510707 0.833968
vt 0.516829 0.831938
vt 0.508398 0.809779
vt 0.495499 0.813997
vt 0.498912 0.797166
vt 0.491601 0.791884
vt 0.461897 0.793618
vt 0.477596 0.785963
vt 0.489164 0.793974
vt 0.488784 0.803020
vt 0.496614 0.806051
vt 0.363218 0.310091
vt 0.332387 0.277404
vt 0.363018 0.295565
vt 0.333105 0.297853
vt 0.362787 0.278739
vt 0.333557 0.310719
vt 0.363118 0.302828
vt 0.526714 0.650282
vt 0.530236 0.593930
vt 0.515379 0.666104
vt 0.502357 0.664015
vt 0.525313 0.662508
vt 0.510591 0.649891
vt 0.507822 0.524034
vt 0.509346 0.594257
vt 0.525335 0.594007
vt 0.528313 0.521319
vt 0.531712 0.521071
vt 0.505071 0.476586
vt 0.527099 0.475342
vt 0.516900 0.471856
vt 0.530312 0.474400
vt 0.523210 0.522316
vt 0.521683 0.478123
vt 0.433578 0.702860
vt 0.415644 0.698935
vt 0.398804 0.696266
vt 0.430953 0.388428
vt 0.415424 0.413547
vt 0.431939 0.412470
vt 0.399497 0.413619
vt 0.394376 0.413700
vt 0.434507 0.523055
vt 0.434940 0.596182
vt 0.433778 0.459903
vt 0.433098 0.437549
vt 0.424340 0.523932
vt 0.424795 0.596380
vt 0.401520 0.525053
vt 0.395706 0.596637
vt 0.395432 0.524959
vt 0.401018 0.647563
vt 0.396061 0.648713
vt 0.399991 0.675677
vt 0.388151 0.660400
vt 0.434039 0.680197
vt 0.434376 0.651246
vt 0.400918 0.467702
vt 0.395431 0.467598
vt 0.400319 0.443128
vt 0.395354 0.443025
vt 0.412338 0.466421
vt 0.416276 0.442504
vt 0.412926 0.524698
vt 0.412550 0.648700
vt 0.416201 0.675616
vt 0.424565 0.650061
vt 0.413002 0.596575
vt 0.401192 0.596702
vt 0.422309 0.463894
vt 0.449989 0.136307
vt 0.439466 0.125250
vt 0.451992 0.125622
vt 0.428905 0.136247
vt 0.426960 0.125582
vt 0.417497 0.129866
vt 0.419793 0.124072
vt 0.439391 0.093080
vt 0.447826 0.102510
vt 0.439440 0.103762
vt 0.431072 0.102571
vt 0.425459 0.094622
vt 0.452172 0.120245
vt 0.439466 0.119893
vt 0.426802 0.120225
vt 0.421777 0.121282
vt 0.426121 0.109853
vt 0.416060 0.098311
vt 0.439458 0.111858
vt 0.452861 0.109825
vt 0.422734 0.063482
vt 0.439114 0.062983
vt 0.442956 0.033458
vt 0.445254 0.025297
vt 0.449695 0.028718
vt 0.438715 0.031781
vt 0.412442 0.095997
vt 0.415238 0.063250
vt 0.421947 0.035866
vt 0.413022 0.129263
vt 0.415776 0.122479
vt 0.416642 0.119269
vt 0.434652 0.033497
vt 0.427796 0.028912
vt 0.429220 0.037805
vt 0.431992 0.025480
vt 0.404409 0.093126
vt 0.411394 0.063137
vt 0.466906 0.062431
vt 0.474564 0.092517
vt 0.466526 0.095575
vt 0.461475 0.129970
vt 0.459203 0.124135
vt 0.463049 0.062655
vt 0.457216 0.121320
vt 0.453393 0.094420
vt 0.462923 0.097982
vt 0.462389 0.119307
vt 0.463252 0.122549
vt 0.465979 0.129393
vt 0.455529 0.063094
vt 0.448372 0.037546
vt 0.455600 0.035416
vt 0.519797 0.434669
vt 0.528581 0.436943
vt 0.527844 0.440053
vt 0.522750 0.432170
vt 0.511600 0.418219
vt 0.517596 0.416214
vt 0.555857 0.418526
vt 0.544382 0.432370
vt 0.549807 0.416469
vt 0.548077 0.380863
vt 0.544458 0.372590
vt 0.551777 0.376429
vt 0.519720 0.380726
vt 0.523505 0.372477
vt 0.524881 0.380727
vt 0.511623 0.385008
vt 0.519012 0.386087
vt 0.526272 0.386843
vt 0.543005 0.380801
vt 0.548739 0.386245
vt 0.541544 0.386913
vt 0.556154 0.385236
vt 0.541948 0.415434
vt 0.525498 0.415343
vt 0.538448 0.437036
vt 0.547301 0.434937
vt 0.539120 0.440166
vt 0.539009 0.429689
vt 0.528227 0.429614
vt 0.516073 0.376257
vt 0.536110 0.946424
vt 0.549435 0.951354
vt 0.537535 0.956073
vt 0.470657 0.946359
vt 0.457323 0.951251
vt 0.458373 0.943859
vt 0.503373 0.947871
vt 0.503368 0.957301
vt 0.469206 0.956013
vt 0.545877 0.977058
vt 0.503365 0.965530
vt 0.543039 0.966025
vt 0.463682 0.965968
vt 0.443661 0.957180
vt 0.449993 0.956525
vt 0.563102 0.957327
vt 0.460808 0.977058
vt 0.503343 0.977058
vt 0.556777 0.956654
vt 0.449397 0.946823
vt 0.557369 0.946940
vt 0.809260 0.475665
vt 0.762423 0.462368
vt 0.809500 0.462239
vt 0.844885 0.461736
vt 0.848425 0.475355
vt 0.849461 0.461623
vt 0.850787 0.475312
vt 0.853077 0.461303
vt 0.856838 0.473778
vt 0.859801 0.461097
vt 0.868425 0.474154
vt 0.873020 0.459421
vt 0.875050 0.476939
vt 0.879314 0.462800
vt 0.897784 0.476449
vt 0.880670 0.479302
vt 0.884652 0.465666
vt 0.917727 0.492436
vt 0.892362 0.486458
vt 0.916124 0.457581
vt 0.927234 0.480814
vt 0.907327 0.464781
vt 0.907229 0.448037
vt 0.894121 0.453653
vt 0.885852 0.442487
vt 0.904792 0.443188
vt 0.890326 0.448528
vt 0.858558 0.441401
vt 0.863645 0.427855
vt 0.872520 0.440051
vt 0.851994 0.442347
vt 0.853278 0.429775
vt 0.848623 0.442529
vt 0.847731 0.428893
vt 0.844360 0.442857
vt 0.846135 0.429020
vt 0.808811 0.430976
vt 0.809320 0.444393
vt 0.762355 0.443937
vt 0.763473 0.430485
vt 0.924698 0.488282
vt 0.923660 0.497119
vt 0.902512 0.470393
vt 0.888081 0.458402
vt 0.881974 0.454058
vt 0.874774 0.448937
vt 0.859943 0.450971
vt 0.852919 0.451659
vt 0.848596 0.451974
vt 0.843016 0.452233
vt 0.808993 0.453206
vt 0.762332 0.453065
vt 0.933049 0.485597
vt 0.762132 0.443940
vt 0.715683 0.454122
vt 0.715185 0.445317
vt 0.622320 0.473049
vt 0.630600 0.456130
vt 0.636658 0.460828
vt 0.634676 0.450525
vt 0.643229 0.456007
vt 0.681648 0.453816
vt 0.676066 0.453667
vt 0.672487 0.444110
vt 0.675857 0.444224
vt 0.597770 0.483842
vt 0.617410 0.467362
vt 0.664708 0.452885
vt 0.651921 0.442220
vt 0.665906 0.443291
vt 0.671741 0.453438
vt 0.680125 0.444469
vt 0.715854 0.476583
vt 0.715352 0.463164
vt 0.679963 0.463356
vt 0.680210 0.477035
vt 0.676682 0.477041
vt 0.675386 0.463332
vt 0.674314 0.477045
vt 0.671763 0.463081
vt 0.668229 0.475619
vt 0.665035 0.462999
vt 0.656653 0.476191
vt 0.651775 0.461565
vt 0.645973 0.464800
vt 0.644550 0.481529
vt 0.640218 0.468009
vt 0.627258 0.479090
vt 0.633240 0.488900
vt 0.607351 0.495245
vt 0.609877 0.502274
vt 0.600396 0.491203
vt 0.592009 0.488656
vt 0.608726 0.459871
vt 0.617514 0.450502
vt 0.620116 0.445241
vt 0.660552 0.429849
vt 0.670954 0.431564
vt 0.676480 0.430573
vt 0.678077 0.430669
vt 0.680786 0.430830
vt 0.715430 0.431894
vt 0.760749 0.430512
vt 0.601524 0.500024
vt 0.638784 0.444874
vt 0.622739 0.439938
vt 0.649853 0.451147
vt 0.650577 0.478871
vt 0.288948 0.067690
vt 0.294237 0.079767
vt 0.285656 0.075828
vt 0.309451 0.107539
vt 0.315195 0.119567
vt 0.307254 0.116731
vt 0.301387 0.066341
vt 0.297828 0.054540
vt 0.305784 0.060978
vt 0.293192 0.060633
vt 0.297833 0.071970
vt 0.303198 0.068194
vt 0.316185 0.108794
vt 0.318178 0.110480
vt 0.299289 0.073715
vt 0.296465 0.081052
vt 0.313868 0.100979
vt 0.309605 0.104902
vt 0.304830 0.093164
vt 0.363197 0.077466
vt 0.362991 0.080903
vt 0.309170 0.097135
vt 0.364319 0.084025
vt 0.366740 0.086403
vt 0.317745 0.105594
vt 0.369071 0.089344
vt 0.310947 0.066237
vt 0.365604 0.066998
vt 0.308290 0.070456
vt 0.365172 0.070804
vt 0.305052 0.075003
vt 0.364204 0.074334
vt 0.302993 0.081421
vt 0.302405 0.087755
vt 0.307280 0.063359
vt 0.281054 0.085868
vt 0.285581 0.096553
vt 0.277407 0.096952
vt 0.295646 0.088490
vt 0.288322 0.096366
vt 0.289860 0.089296
vt 0.290786 0.105189
vt 0.296924 0.114506
vt 0.285929 0.111819
vt 0.303255 0.100632
vt 0.297842 0.095588
vt 0.286526 0.101863
vt 0.279243 0.105877
vt 0.292487 0.103101
vt 0.299203 0.105217
vt 0.289308 0.100316
vt 0.063149 0.089281
vt 0.061921 0.091493
vt 0.058829 0.088443
vt 0.059522 0.092652
vt 0.056572 0.092386
vt 0.054440 0.087252
vt 0.056245 0.084963
vt 0.062868 0.086777
vt 0.058715 0.084101
vt 0.108586 0.059586
vt 0.111214 0.082636
vt 0.100118 0.062451
vt 0.066360 0.061602
vt 0.076398 0.061462
vt 0.074336 0.064616
vt 0.061200 0.084818
vt 0.082580 0.068859
vt 0.064169 0.080337
vt 0.067821 0.084695
vt 0.080288 0.070678
vt 0.085274 0.077520
vt 0.088763 0.076256
vt 0.088270 0.085446
vt 0.092813 0.068226
vt 0.087093 0.094013
vt 0.090812 0.094509
vt 0.086291 0.102913
vt 0.068450 0.090277
vt 0.086824 0.085698
vt 0.096552 0.101240
vt 0.104960 0.105052
vt 0.079096 0.108668
vt 0.081771 0.111318
vt 0.073223 0.115670
vt 0.065876 0.095192
vt 0.083686 0.101608
vt 0.113829 0.105641
vt 0.122658 0.102620
vt 0.064002 0.116314
vt 0.064675 0.120022
vt 0.055468 0.118972
vt 0.061134 0.097841
vt 0.071843 0.113068
vt 0.129424 0.096719
vt 0.046665 0.114441
vt 0.046261 0.117922
vt 0.034491 0.069293
vt 0.032030 0.078341
vt 0.028995 0.076606
vt 0.056128 0.097653
vt 0.055339 0.115782
vt 0.125728 0.064296
vt 0.117837 0.060331
vt 0.049873 0.061816
vt 0.057971 0.056060
vt 0.058074 0.059859
vt 0.067185 0.058761
vt 0.058801 0.078690
vt 0.134337 0.079636
vt 0.133706 0.088607
vt 0.042220 0.065112
vt 0.039987 0.061981
vt 0.048979 0.059021
vt 0.050374 0.083878
vt 0.053645 0.080172
vt 0.036701 0.071586
vt 0.760805 0.417688
vt 0.781951 0.404766
vt 0.782408 0.417688
vt 0.808004 0.404829
vt 0.835364 0.417688
vt 0.806753 0.417688
vt 0.836490 0.404668
vt 0.839187 0.417690
vt 0.840943 0.404634
vt 0.841792 0.418443
vt 0.844446 0.404903
vt 0.850024 0.418193
vt 0.860752 0.419440
vt 0.853268 0.403722
vt 0.865517 0.403503
vt 0.867227 0.421011
vt 0.872591 0.406852
vt 0.878047 0.409434
vt 0.883100 0.425950
vt 0.872221 0.422222
vt 0.889459 0.417080
vt 0.891987 0.429719
vt 0.910923 0.402775
vt 0.898038 0.404703
vt 0.904301 0.395871
vt 0.886799 0.396436
vt 0.897374 0.387270
vt 0.876896 0.385928
vt 0.895250 0.383105
vt 0.882487 0.391861
vt 0.856712 0.369565
vt 0.852510 0.385497
vt 0.847164 0.371933
vt 0.843682 0.385435
vt 0.839594 0.372405
vt 0.840439 0.386052
vt 0.836233 0.386287
vt 0.837731 0.373259
vt 0.808019 0.386765
vt 0.834620 0.373421
vt 0.761920 0.373679
vt 0.782028 0.386592
vt 0.760936 0.386451
vt 0.903160 0.417251
vt 0.905023 0.426857
vt 0.897414 0.421651
vt 0.894157 0.411006
vt 0.881195 0.401919
vt 0.874982 0.398038
vt 0.866925 0.393005
vt 0.852616 0.394439
vt 0.843632 0.395052
vt 0.839873 0.395247
vt 0.834839 0.395387
vt 0.807716 0.395686
vt 0.781853 0.395577
vt 0.760809 0.404715
vt 0.760817 0.395489
vt 0.912435 0.416146
vt 0.905138 0.410517
vt 0.739196 0.386598
vt 0.713919 0.395685
vt 0.713633 0.386762
vt 0.627357 0.410512
vt 0.634847 0.396012
vt 0.640403 0.401548
vt 0.639667 0.390991
vt 0.647316 0.397316
vt 0.686797 0.395347
vt 0.678010 0.394973
vt 0.681235 0.385987
vt 0.681765 0.395189
vt 0.616381 0.409921
vt 0.623533 0.404173
vt 0.654743 0.392769
vt 0.669184 0.385363
vt 0.669033 0.394304
vt 0.678005 0.385352
vt 0.685429 0.386238
vt 0.714849 0.417688
vt 0.739238 0.404767
vt 0.741037 0.417688
vt 0.686210 0.417688
vt 0.713611 0.404828
vt 0.682353 0.417645
vt 0.685120 0.404632
vt 0.679718 0.418381
vt 0.680659 0.404577
vt 0.671465 0.418076
vt 0.677145 0.404822
vt 0.660708 0.419244
vt 0.668323 0.403583
vt 0.649202 0.421930
vt 0.649553 0.406286
vt 0.654749 0.420635
vt 0.638282 0.425557
vt 0.643486 0.409092
vt 0.629361 0.429244
vt 0.632003 0.416631
vt 0.618298 0.416672
vt 0.609034 0.415483
vt 0.610668 0.402127
vt 0.617351 0.395283
vt 0.624359 0.386746
vt 0.626753 0.382157
vt 0.665067 0.369405
vt 0.674597 0.371826
vt 0.682149 0.372339
vt 0.683988 0.373202
vt 0.687073 0.373375
vt 0.714914 0.373891
vt 0.740457 0.373776
vt 0.739415 0.395578
vt 0.624005 0.421126
vt 0.616349 0.426261
vt 0.644846 0.385596
vt 0.629326 0.377227
vt 0.656072 0.403272
vt 0.562668 0.934183
vt 0.561912 0.922276
vt 0.570754 0.926509
vt 0.456661 0.855669
vt 0.559169 0.864569
vt 0.460163 0.864570
vt 0.460102 0.925151
vt 0.456666 0.934185
vt 0.457426 0.922281
vt 0.448585 0.926512
vt 0.559242 0.925150
vt 0.457395 0.867774
vt 0.448396 0.863748
vt 0.561938 0.867770
vt 0.570933 0.863745
vt 0.562670 0.855664
vt 0.166407 0.142723
vt 0.201297 0.117529
vt 0.201009 0.144889
vt 0.178720 0.094823
vt 0.201355 0.089393
vt 0.169813 0.102187
vt 0.235715 0.142934
vt 0.234389 0.113443
vt 0.231502 0.102686
vt 0.222138 0.094806
vt 0.241362 0.138966
vt 0.156859 0.110598
vt 0.160597 0.094253
vt 0.245872 0.110801
vt 0.168561 0.114569
vt 0.160765 0.138760
vt 0.170377 0.083588
vt 0.196143 0.077505
vt 0.206874 0.077658
vt 0.230735 0.083667
vt 0.241977 0.094917
vt 0.049278 0.153333
vt 0.066276 0.164750
vt 0.060759 0.171854
vt 0.081675 0.178157
vt 0.135372 0.164247
vt 0.100653 0.159821
vt 0.136298 0.156558
vt 0.096848 0.177345
vt 0.085073 0.168298
vt 0.099052 0.167616
vt 0.134187 0.173943
vt 0.164922 0.170992
vt 0.200766 0.160821
vt 0.166042 0.153030
vt 0.200766 0.153027
vt 0.200760 0.170463
vt 0.165496 0.161131
vt 0.086775 0.151606
vt 0.099283 0.145290
vt 0.100552 0.151508
vt 0.134015 0.142331
vt 0.135541 0.148379
vt 0.086201 0.145183
vt 0.071193 0.149442
vt 0.071972 0.142741
vt 0.059558 0.140180
vt 0.040467 0.149170
vt 0.047066 0.146159
vt 0.043833 0.156719
vt 0.056734 0.176424
vt 0.078462 0.183982
vt 0.096214 0.183674
vt 0.134008 0.180335
vt 0.200754 0.176867
vt 0.164922 0.177435
vt 0.086658 0.160120
vt 0.070316 0.156740
vt 0.051846 0.144546
vt 0.051697 0.138164
vt 0.045629 0.138684
vt 0.058203 0.146776
vt 0.352259 0.153386
vt 0.335264 0.164811
vt 0.354471 0.146214
vt 0.319868 0.178225
vt 0.340785 0.171913
vt 0.300892 0.159903
vt 0.266163 0.164360
vt 0.265240 0.156673
vt 0.316471 0.168365
vt 0.304691 0.177423
vt 0.302485 0.167692
vt 0.267343 0.174056
vt 0.236600 0.171102
vt 0.236035 0.161245
vt 0.235496 0.153157
vt 0.314766 0.151677
vt 0.302257 0.145366
vt 0.315336 0.145253
vt 0.267526 0.142449
vt 0.300989 0.151585
vt 0.266004 0.148497
vt 0.330348 0.149504
vt 0.341976 0.140238
vt 0.329565 0.142805
vt 0.361070 0.149227
vt 0.357708 0.156773
vt 0.323084 0.184049
vt 0.344811 0.176480
vt 0.305328 0.183751
vt 0.267526 0.180445
vt 0.236595 0.177547
vt 0.314885 0.160192
vt 0.331224 0.156804
vt 0.349838 0.138217
vt 0.349689 0.144598
vt 0.343331 0.146832
vt 0.852279 0.345120
vt 0.863599 0.334460
vt 0.858940 0.348954
vt 0.846254 0.353928
vt 0.840711 0.358296
vt 0.841598 0.353897
vt 0.843901 0.335328
vt 0.843901 0.350160
vt 0.850640 0.352131
vt 0.853462 0.355795
vt 0.837613 0.352171
vt 0.829326 0.348921
vt 0.836014 0.345129
vt 0.847513 0.358176
vt 0.843901 0.308116
vt 0.847960 0.322498
vt 0.841083 0.322421
vt 0.855133 0.322911
vt 0.852704 0.332323
vt 0.833218 0.322857
vt 0.843901 0.329519
vt 0.824742 0.334404
vt 0.835655 0.332307
vt 0.796539 0.356996
vt 0.789407 0.353125
vt 0.795102 0.352810
vt 0.776918 0.348230
vt 0.785218 0.351409
vt 0.782395 0.355072
vt 0.791958 0.349434
vt 0.806535 0.348197
vt 0.798247 0.351450
vt 0.799846 0.344406
vt 0.787662 0.357179
vt 0.801121 0.355093
vt 0.772257 0.333736
vt 0.783580 0.344396
vt 0.791958 0.307387
vt 0.780726 0.322184
vt 0.780212 0.308541
vt 0.783155 0.331596
vt 0.802642 0.322130
vt 0.794986 0.321704
vt 0.791958 0.328744
vt 0.788555 0.321732
vt 0.811119 0.333680
vt 0.800205 0.331581
vt 0.791958 0.334348
vt 0.816021 0.324205
vt 0.670497 0.359485
vt 0.673022 0.353644
vt 0.675911 0.357229
vt 0.661878 0.359221
vt 0.660303 0.353690
vt 0.664130 0.355455
vt 0.669111 0.355333
vt 0.681103 0.350270
vt 0.666402 0.351981
vt 0.652235 0.350238
vt 0.658569 0.346911
vt 0.655766 0.320256
vt 0.647031 0.331524
vt 0.642394 0.321956
vt 0.677670 0.320315
vt 0.666402 0.305553
vt 0.678176 0.306698
vt 0.662746 0.319910
vt 0.658072 0.329796
vt 0.666402 0.327127
vt 0.666402 0.333340
vt 0.686400 0.331581
vt 0.675375 0.329815
vt 0.674797 0.346902
vt 0.669758 0.319903
vt 0.724880 0.357026
vt 0.718426 0.361106
vt 0.720048 0.357055
vt 0.715889 0.355260
vt 0.727038 0.360838
vt 0.728615 0.355305
vt 0.731564 0.358868
vt 0.707805 0.351880
vt 0.713000 0.358845
vt 0.722512 0.353588
vt 0.736684 0.351848
vt 0.730350 0.348522
vt 0.722512 0.335279
vt 0.741889 0.333128
vt 0.730847 0.331399
vt 0.722512 0.328348
vt 0.722512 0.307147
vt 0.711242 0.321913
vt 0.710737 0.308291
vt 0.702511 0.333186
vt 0.697857 0.323619
vt 0.733152 0.321852
vt 0.726254 0.321508
vt 0.714114 0.348513
vt 0.713536 0.331419
vt 0.718517 0.321531
vt 0.571796 0.181524
vt 0.531800 0.174888
vt 0.571695 0.175400
vt 0.436237 0.183165
vt 0.440293 0.177087
vt 0.440320 0.183208
vt 0.569603 0.164839
vt 0.530992 0.167599
vt 0.530968 0.162888
vt 0.575851 0.181426
vt 0.575755 0.175366
vt 0.532182 0.187911
vt 0.531948 0.183929
vt 0.531920 0.170901
vt 0.480830 0.175976
vt 0.480631 0.172001
vt 0.439919 0.172960
vt 0.481463 0.168675
vt 0.442143 0.166524
vt 0.481356 0.163961
vt 0.480766 0.189005
vt 0.480902 0.185013
vt 0.579483 0.179660
vt 0.569613 0.168000
vt 0.571973 0.171259
vt 0.570159 0.189180
vt 0.531448 0.191586
vt 0.442198 0.169678
vt 0.436251 0.177104
vt 0.432587 0.181437
vt 0.432597 0.178294
vt 0.442150 0.190838
vt 0.440011 0.187312
vt 0.481571 0.192647
vt 0.434073 0.236998
vt 0.438054 0.241143
vt 0.433810 0.240556
vt 0.516694 0.228493
vt 0.513270 0.231425
vt 0.512543 0.229063
vt 0.435901 0.226965
vt 0.433374 0.231737
vt 0.431893 0.228243
vt 0.429729 0.237695
vt 0.437005 0.231475
vt 0.438206 0.236403
vt 0.432905 0.248513
vt 0.434535 0.243630
vt 0.438007 0.246275
vt 0.453381 0.235371
vt 0.503237 0.233109
vt 0.453994 0.240843
vt 0.503548 0.236442
vt 0.455613 0.252886
vt 0.454413 0.246372
vt 0.502470 0.222072
vt 0.452989 0.228733
vt 0.452410 0.223275
vt 0.502779 0.229859
vt 0.446937 0.241345
vt 0.447143 0.253366
vt 0.447254 0.246729
vt 0.444995 0.224341
vt 0.446005 0.229762
vt 0.446817 0.236095
vt 0.510736 0.231847
vt 0.514733 0.237755
vt 0.511138 0.234901
vt 0.513177 0.233880
vt 0.512384 0.224503
vt 0.510246 0.221913
vt 0.513073 0.221977
vt 0.510336 0.224838
vt 0.510300 0.228840
vt 0.429990 0.241211
vt 0.431810 0.224808
vt 0.434808 0.222336
vt 0.502299 0.218666
vt 0.451848 0.217737
vt 0.512240 0.219670
vt 0.510153 0.218862
vt 0.517082 0.230918
vt 0.504906 0.240651
vt 0.502748 0.225440
vt 0.443889 0.218622
vt 0.937045 0.299750
vt 0.931237 0.295599
vt 0.939207 0.297780
vt 0.925431 0.299751
vt 0.923259 0.297775
vt 0.923683 0.305299
vt 0.921345 0.305499
vt 0.923715 0.312722
vt 0.925693 0.310825
vt 0.931270 0.316358
vt 0.936813 0.310805
vt 0.938796 0.312691
vt 0.938771 0.305281
vt 0.941079 0.305471
vt 0.934854 0.301708
vt 0.931222 0.305003
vt 0.931216 0.300431
vt 0.927578 0.301711
vt 0.926221 0.305109
vt 0.927691 0.308741
vt 0.931230 0.310314
vt 0.934762 0.308732
vt 0.936213 0.305098
vt 0.931396 0.380577
vt 0.938287 0.380459
vt 0.931322 0.383492
vt 0.924427 0.380360
vt 0.926289 0.378745
vt 0.918649 0.315240
vt 0.919879 0.305651
vt 0.922308 0.314534
vt 0.919082 0.294122
vt 0.921805 0.296484
vt 0.931149 0.291042
vt 0.931212 0.294159
vt 0.943260 0.294104
vt 0.940621 0.296488
vt 0.945574 0.306003
vt 0.942506 0.305612
vt 0.943801 0.315189
vt 0.940185 0.314501
vt 0.959253 0.380997
vt 0.966965 0.394003
vt 0.959035 0.393953
vt 0.949045 0.382468
vt 0.950934 0.394031
vt 0.909823 0.306929
vt 0.899518 0.317823
vt 0.898531 0.309573
vt 0.896681 0.300940
vt 0.908679 0.296375
vt 0.920054 0.283512
vt 0.930818 0.270767
vt 0.931017 0.283645
vt 0.940050 0.270070
vt 0.941984 0.283501
vt 0.953694 0.296285
vt 0.963883 0.309422
vt 0.952480 0.306830
vt 0.951045 0.317437
vt 0.963033 0.317688
vt 0.931284 0.318352
vt 0.938595 0.321288
vt 0.931437 0.321640
vt 0.942172 0.321930
vt 0.965875 0.376484
vt 0.959277 0.372344
vt 0.924011 0.321281
vt 0.952337 0.376484
vt 0.920362 0.321934
vt 0.925176 0.354492
vt 0.952752 0.346016
vt 0.959367 0.345824
vt 0.965747 0.346018
vt 0.937646 0.354505
vt 0.940325 0.354765
vt 0.931495 0.354331
vt 0.931426 0.376768
vt 0.936510 0.378809
vt 0.923846 0.375269
vt 0.926022 0.375718
vt 0.959390 0.331373
vt 0.954752 0.330251
vt 0.959396 0.329120
vt 0.963978 0.330110
vt 0.938900 0.375395
vt 0.936785 0.375808
vt 0.931478 0.365307
vt 0.936627 0.365014
vt 0.924173 0.365635
vt 0.953700 0.332057
vt 0.959381 0.335136
vt 0.953320 0.336672
vt 0.964990 0.331885
vt 0.938622 0.365647
vt 0.918045 0.375453
vt 0.964403 0.324209
vt 0.954378 0.324362
vt 0.959408 0.322911
vt 0.918749 0.372111
vt 0.915341 0.323919
vt 0.922426 0.354763
vt 0.917275 0.355452
vt 0.916770 0.306062
vt 0.911418 0.317515
vt 0.947256 0.323878
vt 0.944028 0.372260
vt 0.944749 0.375567
vt 0.945516 0.355428
vt 0.965293 0.336622
vt 0.926236 0.365007
vt 0.931241 0.297915
vt 0.931262 0.313400
vt 0.969208 0.382450
vt 0.918595 0.365890
vt 0.944214 0.365909
vt 0.760713 0.386460
vt 0.759739 0.373690
vt 0.806756 0.373893
vt 0.322420 0.589156
vt 0.331836 0.600474
vt 0.317046 0.596478
vt 0.324116 0.577802
vt 0.337436 0.591280
vt 0.339271 0.576993
vt 0.325509 0.606742
vt 0.309379 0.601574
vt 0.320193 0.617715
vt 0.308477 0.615874
vt 0.304947 0.578632
vt 0.225687 0.589156
vt 0.216272 0.600474
vt 0.210671 0.591280
vt 0.223992 0.577802
vt 0.208836 0.576993
vt 0.211685 0.562801
vt 0.226481 0.566050
vt 0.218442 0.555210
vt 0.231062 0.596478
vt 0.222598 0.606742
vt 0.238729 0.601574
vt 0.227915 0.617715
vt 0.243160 0.578632
vt 0.295027 0.618127
vt 0.281617 0.602338
vt 0.278430 0.579545
vt 0.281579 0.620379
vt 0.253080 0.618127
vt 0.266491 0.602338
vt 0.269677 0.579545
vt 0.266529 0.620379
vt 0.412730 0.328622
vt 0.412360 0.313224
vt 0.428834 0.334136
vt 0.381559 0.274060
vt 0.394145 0.269380
vt 0.450035 0.307682
vt 0.437923 0.301575
vt 0.446564 0.299418
vt 0.427182 0.312004
vt 0.441972 0.286827
vt 0.439829 0.278770
vt 0.448192 0.286670
vt 0.378832 0.294889
vt 0.368367 0.279223
vt 0.375112 0.278614
vt 0.369490 0.294972
vt 0.370516 0.309345
vt 0.369967 0.301655
vt 0.402224 0.267556
vt 0.136362 0.334168
vt 0.112405 0.327208
vt 0.183623 0.274082
vt 0.162957 0.267582
vt 0.171037 0.269405
vt 0.115154 0.307719
vt 0.118623 0.299454
vt 0.138009 0.312036
vt 0.125354 0.278805
vt 0.123213 0.286862
vt 0.180154 0.303413
vt 0.186354 0.294910
vt 0.190071 0.278634
vt 0.186363 0.318638
vt 0.196816 0.279242
vt 0.194674 0.309364
vt 0.195697 0.294991
vt 0.195221 0.301674
vt 0.470990 0.206013
vt 0.457333 0.207401
vt 0.469732 0.202161
vt 0.526956 0.198743
vt 0.512918 0.195040
vt 0.526946 0.195003
vt 0.498894 0.198832
vt 0.512918 0.198376
vt 0.484743 0.200910
vt 0.498881 0.195089
vt 0.484620 0.196408
vt 0.512888 0.186683
vt 0.499810 0.181151
vt 0.512875 0.183831
vt 0.525936 0.181079
vt 0.526427 0.185678
vt 0.499346 0.185760
vt 0.481061 0.158757
vt 0.480207 0.170213
vt 0.476662 0.159845
vt 0.512790 0.149117
vt 0.503606 0.158058
vt 0.499990 0.154169
vt 0.531230 0.167741
vt 0.522265 0.176551
vt 0.525906 0.167443
vt 0.503461 0.176603
vt 0.512875 0.179274
vt 0.494453 0.167836
vt 0.496823 0.160175
vt 0.499775 0.167514
vt 0.442250 0.164316
vt 0.439258 0.175415
vt 0.436298 0.164604
vt 0.436454 0.161389
vt 0.512811 0.156933
vt 0.505472 0.159904
vt 0.522020 0.158011
vt 0.512804 0.154398
vt 0.524142 0.162266
vt 0.520167 0.159867
vt 0.523259 0.167268
vt 0.512865 0.177066
vt 0.520319 0.174519
vt 0.505398 0.174561
vt 0.501549 0.162229
vt 0.502421 0.167323
vt 0.507321 0.161760
vt 0.512818 0.159452
vt 0.512839 0.167161
vt 0.518327 0.161730
vt 0.519343 0.164280
vt 0.520607 0.167167
vt 0.518420 0.172623
vt 0.512859 0.174732
vt 0.507288 0.172654
vt 0.505071 0.167209
vt 0.506345 0.164254
vt 0.521860 0.163228
vt 0.503829 0.163202
vt 0.462708 0.225216
vt 0.457328 0.212035
vt 0.554906 0.205746
vt 0.563312 0.224894
vt 0.550792 0.218010
vt 0.538282 0.213603
vt 0.541120 0.200732
vt 0.525673 0.211433
vt 0.512963 0.210857
vt 0.500258 0.211515
vt 0.487664 0.213765
vt 0.475183 0.218252
vt 0.477465 0.240581
vt 0.548652 0.240353
vt 0.541056 0.236182
vt 0.532192 0.233255
vt 0.522741 0.231615
vt 0.513030 0.231126
vt 0.503322 0.231678
vt 0.493880 0.233378
vt 0.485035 0.236360
vt 0.481667 0.248691
vt 0.544503 0.248490
vt 0.537273 0.244872
vt 0.529680 0.242291
vt 0.521533 0.240871
vt 0.513059 0.240441
vt 0.504589 0.240926
vt 0.496449 0.242397
vt 0.488873 0.245026
vt 0.568571 0.207042
vt 0.556138 0.201885
vt 0.541215 0.196230
vt 0.539313 0.181831
vt 0.543871 0.142323
vt 0.548975 0.147736
vt 0.544887 0.147597
vt 0.571926 0.198592
vt 0.561607 0.190002
vt 0.573459 0.195068
vt 0.539598 0.187601
vt 0.559402 0.195103
vt 0.548483 0.161290
vt 0.579996 0.174262
vt 0.544939 0.171658
vt 0.552371 0.155145
vt 0.582895 0.165761
vt 0.584169 0.156024
vt 0.552368 0.143253
vt 0.583888 0.151560
vt 0.584916 0.147551
vt 0.528872 0.160222
vt 0.588693 0.162834
vt 0.588847 0.166049
vt 0.585886 0.176860
vt 0.590236 0.151864
vt 0.590430 0.157242
vt 0.583361 0.161287
vt 0.543361 0.153937
vt 0.548470 0.154857
vt 0.548966 0.141615
vt 0.551781 0.136094
vt 0.547892 0.134536
vt 0.544084 0.160202
vt 0.445149 0.172817
vt 0.464182 0.190314
vt 0.453922 0.198975
vt 0.452364 0.195459
vt 0.481785 0.152492
vt 0.476171 0.146292
vt 0.480258 0.146152
vt 0.486433 0.181993
vt 0.466422 0.195400
vt 0.486186 0.187766
vt 0.473364 0.134650
vt 0.476179 0.140170
vt 0.472778 0.141808
vt 0.472775 0.153701
vt 0.440977 0.154580
vt 0.476675 0.153412
vt 0.434715 0.155798
vt 0.441785 0.159842
vt 0.434909 0.150419
vt 0.440229 0.146107
vt 0.441258 0.150114
vt 0.481274 0.140878
vt 0.111351 0.199048
vt 0.129773 0.202622
vt 0.110832 0.202685
vt 0.092929 0.198930
vt 0.092092 0.202538
vt 0.075078 0.197871
vt 0.073846 0.200770
vt 0.375719 0.197871
vt 0.358706 0.202538
vt 0.357869 0.198930
vt 0.339966 0.202685
vt 0.339447 0.199048
vt 0.321024 0.202622
vt 0.320713 0.199011
vt 0.301978 0.202561
vt 0.301792 0.198971
vt 0.282761 0.198947
vt 0.282872 0.202526
vt 0.263731 0.202500
vt 0.263668 0.198931
vt 0.244569 0.202491
vt 0.244541 0.198924
vt 0.225399 0.198920
vt 0.225399 0.202484
vt 0.206257 0.198924
vt 0.206229 0.202491
vt 0.187130 0.198931
vt 0.187068 0.202500
vt 0.168037 0.198947
vt 0.167927 0.202526
vt 0.148820 0.202561
vt 0.149007 0.198971
vt 0.130085 0.199011
vt 0.129352 0.206150
vt 0.110120 0.206229
vt 0.090852 0.206078
vt 0.071670 0.203851
vt 0.376952 0.200770
vt 0.359946 0.206078
vt 0.340678 0.206229
vt 0.321446 0.206150
vt 0.302233 0.206080
vt 0.283025 0.206040
vt 0.263817 0.206008
vt 0.244609 0.205999
vt 0.225399 0.205988
vt 0.206190 0.205999
vt 0.186981 0.206007
vt 0.167774 0.206040
vt 0.148566 0.206079
vt 0.109429 0.209700
vt 0.089660 0.209538
vt 0.069494 0.207409
vt 0.381303 0.207409
vt 0.361138 0.209538
vt 0.341369 0.209700
vt 0.321867 0.209630
vt 0.302495 0.209566
vt 0.283187 0.209531
vt 0.263911 0.209497
vt 0.244652 0.209492
vt 0.225399 0.209477
vt 0.206147 0.209492
vt 0.186887 0.209496
vt 0.167611 0.209531
vt 0.148303 0.209565
vt 0.128931 0.209630
vt 0.128608 0.213120
vt 0.108956 0.213159
vt 0.088951 0.212958
vt 0.068314 0.211470
vt 0.382482 0.211469
vt 0.361846 0.212958
vt 0.341841 0.213159
vt 0.322189 0.213120
vt 0.302713 0.213074
vt 0.283329 0.213048
vt 0.263996 0.213019
vt 0.244691 0.213016
vt 0.225399 0.213002
vt 0.206106 0.213017
vt 0.186802 0.213018
vt 0.167470 0.213048
vt 0.148086 0.213073
vt 0.108775 0.216593
vt 0.088882 0.216372
vt 0.068562 0.215689
vt 0.361913 0.216372
vt 0.342022 0.216593
vt 0.322371 0.216589
vt 0.302859 0.216565
vt 0.283432 0.216549
vt 0.264061 0.216528
vt 0.244722 0.216526
vt 0.225399 0.216515
vt 0.206075 0.216527
vt 0.186736 0.216527
vt 0.167365 0.216549
vt 0.147939 0.216564
vt 0.128426 0.216589
vt 0.128357 0.220010
vt 0.108791 0.219996
vt 0.089220 0.219819
vt 0.069772 0.219665
vt 0.382234 0.215688
vt 0.361575 0.219820
vt 0.342006 0.219996
vt 0.322439 0.220010
vt 0.302934 0.220001
vt 0.283491 0.219992
vt 0.264100 0.219981
vt 0.244741 0.219979
vt 0.225399 0.219973
vt 0.206055 0.219980
vt 0.186696 0.219980
vt 0.167305 0.219992
vt 0.147863 0.220000
vt 0.108823 0.223413
vt 0.089435 0.223413
vt 0.070769 0.223413
vt 0.381024 0.219665
vt 0.361360 0.223413
vt 0.341973 0.223413
vt 0.322452 0.223413
vt 0.302955 0.223413
vt 0.283510 0.223413
vt 0.264112 0.223413
vt 0.244746 0.223413
vt 0.225399 0.223413
vt 0.206049 0.223413
vt 0.186683 0.223413
vt 0.167286 0.223413
vt 0.147841 0.223413
vt 0.128343 0.223413
vt 0.111551 0.195319
vt 0.093231 0.195319
vt 0.075133 0.195319
vt 0.375664 0.195319
vt 0.357566 0.195319
vt 0.339246 0.195319
vt 0.320590 0.195319
vt 0.301716 0.195319
vt 0.282714 0.195319
vt 0.263641 0.195319
vt 0.244528 0.195319
vt 0.225399 0.195319
vt 0.206269 0.195319
vt 0.187156 0.195319
vt 0.168083 0.195319
vt 0.149082 0.195319
vt 0.130207 0.195319
vt 0.420978 0.452891
vt 0.419465 0.519944
vt 0.417124 0.452674
vt 0.418134 0.350993
vt 0.415393 0.303480
vt 0.414068 0.351212
vt 0.411404 0.303566
vt 0.413588 0.518126
vt 0.411380 0.453421
vt 0.408417 0.351445
vt 0.279778 0.520741
vt 0.279124 0.319555
vt 0.287715 0.308747
vt 0.174754 0.785429
vt 0.106431 0.745087
vt 0.106406 0.785417
vt 0.270933 0.745024
vt 0.339243 0.785407
vt 0.339273 0.745076
vt 0.258857 0.785358
vt 0.186819 0.745092
vt 0.186844 0.785424
vt 0.094308 0.785404
vt 0.022369 0.744925
vt 0.022284 0.785256
vt 0.094372 0.745072
vt 0.174750 0.745098
vt 0.010292 0.744898
vt 0.010204 0.785230
vt 0.270919 0.785356
vt 0.900524 0.322046
vt 0.949676 0.055716
vt 0.949664 0.315157
vt 0.632131 0.055725
vt 0.681296 0.322051
vt 0.632155 0.315165
vt 0.703315 0.350146
vt 0.211549 0.557698
vt 0.231654 0.552504
vt 0.233691 0.557697
vt 0.213586 0.552505
vt 0.235330 0.548859
vt 0.213570 0.527248
vt 0.233684 0.522024
vt 0.231666 0.527248
vt 0.209909 0.548860
vt 0.240456 0.551157
vt 0.240406 0.528404
vt 0.204830 0.528406
vt 0.209918 0.530734
vt 0.235318 0.530731
vt 0.204783 0.551158
vt 0.219602 0.604032
vt 0.229475 0.598737
vt 0.231448 0.604033
vt 0.221575 0.598736
vt 0.232984 0.595695
vt 0.221659 0.573418
vt 0.231479 0.568299
vt 0.229394 0.573419
vt 0.218066 0.595694
vt 0.237980 0.598088
vt 0.238262 0.575177
vt 0.212790 0.575175
vt 0.218003 0.577395
vt 0.233049 0.577396
vt 0.213071 0.598087
vt 0.217898 0.513041
vt 0.226014 0.508949
vt 0.227663 0.513043
vt 0.219548 0.508949
vt 0.229456 0.505330
vt 0.219526 0.488864
vt 0.227654 0.484718
vt 0.226040 0.488865
vt 0.216107 0.505329
vt 0.233585 0.507128
vt 0.233504 0.490318
vt 0.212062 0.490316
vt 0.216126 0.492170
vt 0.229440 0.492172
vt 0.211978 0.507127
vt 0.523244 0.685573
vt 0.531008 0.677659
vt 0.531004 0.685670
vt 0.524532 0.665458
vt 0.531007 0.669447
vt 0.522796 0.668972
vt 0.523665 0.692991
vt 0.531006 0.693298
vt 0.545523 0.685672
vt 0.538771 0.692991
vt 0.539191 0.685573
vt 0.545042 0.677613
vt 0.539446 0.677725
vt 0.539645 0.668978
vt 0.544398 0.670033
vt 0.543947 0.666639
vt 0.537905 0.665475
vt 0.524504 0.659671
vt 0.531003 0.664552
vt 0.518491 0.666632
vt 0.518041 0.670027
vt 0.517396 0.677609
vt 0.522994 0.677722
vt 0.516912 0.685668
vt 0.517402 0.693148
vt 0.537942 0.659705
vt 0.545032 0.693151
vt 0.539982 0.699677
vt 0.522446 0.699677
vt 0.518165 0.705554
vt 0.517822 0.699293
vt 0.531000 0.700280
vt 0.522107 0.707329
vt 0.544259 0.705554
vt 0.540316 0.707328
vt 0.520785 0.709460
vt 0.541607 0.719537
vt 0.520816 0.719538
vt 0.537677 0.725026
vt 0.524746 0.725026
vt 0.537470 0.729750
vt 0.519834 0.726466
vt 0.516538 0.719609
vt 0.542590 0.726467
vt 0.516607 0.708125
vt 0.541638 0.709459
vt 0.545885 0.719609
vt 0.545817 0.708124
vt 0.494820 0.789926
vt 0.487549 0.816527
vt 0.484050 0.794108
vt 0.471082 0.820231
vt 0.469246 0.797709
vt 0.451290 0.821645
vt 0.451319 0.799117
vt 0.431895 0.820159
vt 0.433683 0.797629
vt 0.419594 0.794141
vt 0.416148 0.816558
vt 0.408823 0.789952
vt 0.404505 0.812661
vt 0.480174 0.789449
vt 0.467039 0.792663
vt 0.451326 0.793800
vt 0.405771 0.787286
vt 0.400835 0.811188
vt 0.497824 0.787270
vt 0.499305 0.812586
vt 0.414368 0.785306
vt 0.412696 0.781295
vt 0.489258 0.785335
vt 0.490952 0.781323
vt 0.482427 0.752666
vt 0.453430 0.762006
vt 0.478045 0.747507
vt 0.419464 0.766507
vt 0.415464 0.781303
vt 0.484223 0.766227
vt 0.488192 0.781339
vt 0.487185 0.783570
vt 0.435966 0.792597
vt 0.423440 0.789466
vt 0.436557 0.790300
vt 0.478877 0.787411
vt 0.466439 0.790349
vt 0.451347 0.791283
vt 0.416470 0.783523
vt 0.424730 0.787437
vt 0.453437 0.764203
vt 0.418392 0.763794
vt 0.308535 0.812661
vt 0.323511 0.825243
vt 0.312065 0.827903
vt 0.595923 0.808923
vt 0.581358 0.822224
vt 0.584085 0.806817
vt 0.366621 0.792162
vt 0.368095 0.814430
vt 0.417621 0.747806
vt 0.421223 0.753114
vt 0.360834 0.800817
vt 0.360174 0.793297
vt 0.425736 0.747551
vt 0.423342 0.742288
vt 0.319998 0.809997
vt 0.335100 0.822558
vt 0.569622 0.820138
vt 0.451850 0.710018
vt 0.440385 0.697332
vt 0.451871 0.694957
vt 0.463587 0.697378
vt 0.471566 0.706079
vt 0.363964 0.816161
vt 0.331670 0.807293
vt 0.503134 0.811061
vt 0.537303 0.791209
vt 0.536481 0.813522
vt 0.486039 0.747437
vt 0.485237 0.763259
vt 0.480465 0.742280
vt 0.542966 0.799623
vt 0.540415 0.815067
vt 0.424736 0.734609
vt 0.572315 0.804726
vt 0.479103 0.734659
vt 0.432363 0.706013
vt 0.543425 0.792109
vt 0.644045 0.744085
vt 0.647639 0.770140
vt 0.625544 0.763010
vt 0.672817 0.730480
vt 0.664227 0.756516
vt 0.742342 0.719615
vt 0.686153 0.747642
vt 0.775070 0.837832
vt 0.618842 0.842673
vt 0.618495 0.836445
vt 0.775065 0.719159
vt 0.746851 0.740113
vt 0.638180 0.818707
vt 0.646717 0.826153
vt 0.676221 0.767465
vt 0.696106 0.760680
vt 0.750182 0.755098
vt 0.775066 0.739730
vt 0.775066 0.754853
vt 0.617187 0.806965
vt 0.637046 0.801409
vt 0.638411 0.788102
vt 0.617019 0.787823
vt 0.653934 0.796224
vt 0.655354 0.787833
vt 0.654047 0.807367
vt 0.661083 0.813327
vt 0.661469 0.777563
vt 0.775068 0.827502
vt 0.775068 0.812834
vt 0.672671 0.787265
vt 0.775070 0.843386
vt 0.618641 0.967207
vt 0.902492 0.770131
vt 0.906085 0.744078
vt 0.924587 0.763001
vt 0.885904 0.756509
vt 0.877313 0.730475
vt 0.863977 0.747635
vt 0.807787 0.719613
vt 0.931296 0.842661
vt 0.931644 0.836434
vt 0.803279 0.740111
vt 0.911957 0.818698
vt 0.903421 0.826145
vt 0.873911 0.767458
vt 0.854025 0.760674
vt 0.799950 0.755096
vt 0.932947 0.806954
vt 0.932220 0.831812
vt 0.911722 0.788093
vt 0.933113 0.787812
vt 0.913088 0.801400
vt 0.896200 0.796216
vt 0.896088 0.807359
vt 0.889054 0.813320
vt 0.888664 0.777555
vt 0.894780 0.787825
vt 0.877463 0.787258
vt 0.931507 0.967197
vt 0.283025 0.044745
vt 0.319709 0.036340
vt 0.318932 0.047466
vt 0.359313 0.050417
vt 0.384102 0.039805
vt 0.383456 0.052349
vt 0.282239 0.050356
vt 0.358900 0.055296
vt 0.381755 0.078752
vt 0.357537 0.077391
vt 0.251674 0.022104
vt 0.225398 0.033752
vt 0.225394 0.021849
vt 0.251603 0.033924
vt 0.225399 0.038388
vt 0.317050 0.075062
vt 0.280934 0.072975
vt 0.315662 0.099845
vt 0.279681 0.101283
vt 0.315629 0.102849
vt 0.315533 0.117859
vt 0.279615 0.104530
vt 0.245211 0.049554
vt 0.225401 0.049426
vt 0.262713 0.027654
vt 0.253036 0.035168
vt 0.257766 0.024815
vt 0.262103 0.041211
vt 0.284565 0.033359
vt 0.258224 0.038162
vt 0.251366 0.038526
vt 0.261353 0.048696
vt 0.264880 0.029271
vt 0.256036 0.041330
vt 0.380875 0.093904
vt 0.225416 0.104544
vt 0.230681 0.106810
vt 0.225417 0.107119
vt 0.230815 0.104241
vt 0.225408 0.071676
vt 0.380794 0.096128
vt 0.356792 0.096450
vt 0.357212 0.110639
vt 0.356732 0.099061
vt 0.318444 0.052751
vt 0.360103 0.038630
vt 0.260615 0.072074
vt 0.259701 0.101596
vt 0.244523 0.071841
vt 0.240060 0.101860
vt 0.131084 0.036393
vt 0.167774 0.044777
vt 0.131868 0.047519
vt 0.066694 0.039894
vt 0.091489 0.050493
vt 0.067347 0.052438
vt 0.168562 0.050387
vt 0.132359 0.052803
vt 0.091904 0.055371
vt 0.067676 0.056941
vt 0.069062 0.078840
vt 0.093278 0.077465
vt 0.199115 0.022119
vt 0.199193 0.033938
vt 0.133765 0.075113
vt 0.169880 0.073005
vt 0.135166 0.099894
vt 0.171148 0.101313
vt 0.205592 0.049566
vt 0.199432 0.038541
vt 0.188076 0.027676
vt 0.197759 0.035183
vt 0.192571 0.038181
vt 0.188694 0.041232
vt 0.166226 0.033392
vt 0.185910 0.029293
vt 0.194761 0.041347
vt 0.189448 0.048717
vt 0.069950 0.093991
vt 0.094033 0.096524
vt 0.220017 0.104244
vt 0.070031 0.096216
vt 0.094094 0.099135
vt 0.093622 0.110714
vt 0.135201 0.102897
vt 0.135305 0.117908
vt 0.090693 0.038706
vt 0.190199 0.072093
vt 0.206292 0.071851
vt 0.210770 0.101868
vt 0.191129 0.101616
vt 0.171216 0.104561
vt 0.171548 0.121120
vt 0.191402 0.104971
vt 0.192695 0.122140
vt 0.222035 0.123440
vt 0.214333 0.111738
vt 0.221431 0.117446
vt 0.225419 0.117867
vt 0.220152 0.106813
vt 0.211297 0.105046
vt 0.279292 0.121090
vt 0.259428 0.104952
vt 0.228807 0.123438
vt 0.225421 0.123520
vt 0.236502 0.111732
vt 0.258146 0.122122
vt 0.229408 0.117444
vt 0.239534 0.105038
vt 0.225976 0.172404
vt 0.268858 0.151570
vt 0.270907 0.168976
vt 0.306887 0.165492
vt 0.330982 0.149569
vt 0.334572 0.163855
vt 0.303872 0.150229
vt 0.358256 0.149641
vt 0.375147 0.151037
vt 0.376472 0.160439
vt 0.360027 0.162813
vt 0.389658 0.150801
vt 0.384884 0.144218
vt 0.373546 0.146225
vt 0.358338 0.145080
vt 0.372627 0.141678
vt 0.382051 0.141344
vt 0.331439 0.145072
vt 0.225198 0.147590
vt 0.225332 0.152127
vt 0.304128 0.145683
vt 0.268975 0.146996
vt 0.394288 0.140876
vt 0.394775 0.148706
vt 0.388312 0.139535
vt 0.390849 0.136262
vt 0.390230 0.134084
vt 0.385098 0.124172
vt 0.386374 0.134167
vt 0.385126 0.138292
vt 0.379228 0.131201
vt 0.382499 0.125092
vt 0.181864 0.154238
vt 0.144772 0.170485
vt 0.119746 0.155851
vt 0.146841 0.154887
vt 0.172608 0.171432
vt 0.092533 0.157449
vt 0.116984 0.170324
vt 0.091200 0.169810
vt 0.075803 0.159811
vt 0.074054 0.167306
vt 0.061330 0.160603
vt 0.077079 0.154929
vt 0.065623 0.153695
vt 0.068261 0.150636
vt 0.092183 0.152900
vt 0.077706 0.150334
vt 0.119030 0.151387
vt 0.146317 0.150366
vt 0.181476 0.149678
vt 0.056021 0.151018
vt 0.056671 0.158654
vt 0.061891 0.149258
vt 0.059133 0.146169
vt 0.059608 0.143950
vt 0.064067 0.133713
vt 0.063462 0.143770
vt 0.064986 0.147800
vt 0.070397 0.140327
vt 0.066722 0.134454
vt 0.531011 0.659342
vt 0.544606 0.699296
vt 0.602872 0.616342
vt 0.611931 0.620674
vt 0.611731 0.616023
vt 0.461615 0.617651
vt 0.452899 0.622659
vt 0.465305 0.620814
vt 0.468323 0.614876
vt 0.463806 0.586875
vt 0.463211 0.613824
vt 0.552818 0.467400
vt 0.513001 0.473443
vt 0.553090 0.472911
vt 0.557056 0.613543
vt 0.512283 0.618532
vt 0.557314 0.618109
vt 0.556359 0.587883
vt 0.512425 0.613990
vt 0.512313 0.588329
vt 0.468923 0.587175
vt 0.512571 0.485846
vt 0.599898 0.585589
vt 0.596307 0.613574
vt 0.601054 0.612565
vt 0.599480 0.619383
vt 0.595176 0.585987
vt 0.611481 0.611459
vt 0.611713 0.585413
vt 0.604694 0.487113
vt 0.598877 0.513798
vt 0.607199 0.512933
vt 0.583489 0.445417
vt 0.598105 0.458955
vt 0.598891 0.444584
vt 0.574331 0.449457
vt 0.587070 0.459141
vt 0.559109 0.452722
vt 0.576342 0.459091
vt 0.512808 0.459393
vt 0.505105 0.453609
vt 0.587733 0.470751
vt 0.595575 0.485487
vt 0.598886 0.473146
vt 0.576865 0.474927
vt 0.576715 0.468737
vt 0.554622 0.485296
vt 0.452785 0.612968
vt 0.452757 0.617539
vt 0.452001 0.586957
vt 0.466794 0.486917
vt 0.474413 0.472112
vt 0.463008 0.474979
vt 0.486313 0.475878
vt 0.476057 0.479277
vt 0.486178 0.469701
vt 0.599648 0.563959
vt 0.611149 0.563127
vt 0.512313 0.565786
vt 0.556359 0.565345
vt 0.618888 0.614078
vt 0.630212 0.612316
vt 0.623657 0.610139
vt 0.445500 0.616017
vt 0.434647 0.614111
vt 0.447173 0.621558
vt 0.486172 0.460083
vt 0.512937 0.467965
vt 0.552643 0.458779
vt 0.615907 0.488083
vt 0.618270 0.512345
vt 0.624345 0.562248
vt 0.625327 0.585323
vt 0.618002 0.620531
vt 0.440552 0.612061
vt 0.438414 0.587157
vt 0.439007 0.564022
vt 0.452201 0.564666
vt 0.444381 0.514016
vt 0.455472 0.514457
vt 0.446548 0.489689
vt 0.457706 0.488601
vt 0.474564 0.460556
vt 0.591973 0.514587
vt 0.586363 0.478048
vt 0.581515 0.489097
vt 0.556359 0.515672
vt 0.594997 0.564491
vt 0.512313 0.516176
vt 0.482369 0.490174
vt 0.471340 0.515730
vt 0.463866 0.515155
vt 0.463731 0.565262
vt 0.468835 0.565612
vt 0.626419 0.496276
vt 0.627021 0.511052
vt 0.579127 0.440820
vt 0.589647 0.430488
vt 0.586416 0.429151
vt 0.572329 0.446402
vt 0.463153 0.460974
vt 0.476619 0.447496
vt 0.461142 0.447337
vt 0.486684 0.451010
vt 0.558538 0.450819
vt 0.488359 0.447923
vt 0.480547 0.442720
vt 0.469424 0.432820
vt 0.436889 0.498153
vt 0.436331 0.512935
vt 0.633085 0.585386
vt 0.631989 0.561690
vt 0.431382 0.587317
vt 0.432082 0.563630
vt 0.462521 0.318409
vt 0.467006 0.314974
vt 0.457660 0.304250
vt 0.472630 0.296105
vt 0.592786 0.415665
vt 0.589418 0.415077
vt 0.527553 0.415340
vt 0.505520 0.451728
vt 0.472559 0.431322
vt 0.465529 0.418048
vt 0.468856 0.417339
vt 0.592794 0.365636
vt 0.589318 0.365476
vt 0.463361 0.367897
vt 0.527553 0.366560
vt 0.466689 0.345009
vt 0.463135 0.345063
vt 0.466838 0.367630
vt 0.596933 0.302390
vt 0.587737 0.313262
vt 0.592287 0.316540
vt 0.581862 0.294597
vt 0.476199 0.305942
vt 0.527200 0.290488
vt 0.578490 0.304536
vt 0.588678 0.343084
vt 0.592221 0.343024
vt 0.527553 0.344768
vt 0.527553 0.301451
vt 0.719973 0.556338
vt 0.765436 0.573360
vt 0.765436 0.555408
vt 0.765579 0.428759
vt 0.720947 0.424963
vt 0.719541 0.431793
vt 0.765579 0.413120
vt 0.765557 0.421854
vt 0.718700 0.616057
vt 0.765360 0.610075
vt 0.718983 0.609110
vt 0.765436 0.600726
vt 0.719148 0.582184
vt 0.718718 0.599938
vt 0.720517 0.447195
vt 0.765575 0.438224
vt 0.719355 0.441108
vt 0.698352 0.452918
vt 0.696363 0.445038
vt 0.696460 0.434407
vt 0.719892 0.573574
vt 0.765436 0.582597
vt 0.808451 0.447315
vt 0.809677 0.441283
vt 0.765436 0.453596
vt 0.808395 0.455855
vt 0.765537 0.444619
vt 0.720552 0.455793
vt 0.809484 0.432016
vt 0.823675 0.557290
vt 0.808990 0.573660
vt 0.824256 0.573348
vt 0.856578 0.462759
vt 0.853728 0.454457
vt 0.852954 0.465595
vt 0.846060 0.453204
vt 0.809791 0.609119
vt 0.826182 0.614095
vt 0.825722 0.607590
vt 0.857487 0.555144
vt 0.857282 0.571906
vt 0.864206 0.556283
vt 0.865203 0.566763
vt 0.832986 0.606600
vt 0.826517 0.598619
vt 0.833867 0.597544
vt 0.834371 0.579324
vt 0.826132 0.581200
vt 0.830918 0.572257
vt 0.827585 0.453052
vt 0.836083 0.464094
vt 0.835742 0.452646
vt 0.829693 0.445091
vt 0.808930 0.556410
vt 0.808002 0.425238
vt 0.809722 0.416819
vt 0.827151 0.426504
vt 0.810053 0.616066
vt 0.810147 0.599957
vt 0.809788 0.582238
vt 0.829515 0.464599
vt 0.825925 0.461733
vt 0.845617 0.464547
vt 0.829616 0.434386
vt 0.837166 0.557558
vt 0.830030 0.556345
vt 0.850654 0.577095
vt 0.848952 0.556006
vt 0.667935 0.554674
vt 0.660418 0.555846
vt 0.668070 0.571406
vt 0.659411 0.566324
vt 0.692203 0.606208
vt 0.699807 0.613776
vt 0.700280 0.607278
vt 0.676450 0.555379
vt 0.702474 0.557170
vt 0.700039 0.581004
vt 0.699552 0.598342
vt 0.688204 0.557266
vt 0.694426 0.572161
vt 0.695331 0.556324
vt 0.701843 0.573191
vt 0.689462 0.463963
vt 0.690062 0.452347
vt 0.680018 0.464311
vt 0.672746 0.465306
vt 0.671780 0.454007
vt 0.668562 0.462313
vt 0.719346 0.416488
vt 0.698876 0.426596
vt 0.679580 0.452794
vt 0.690983 0.579070
vt 0.691367 0.597205
vt 0.700071 0.461634
vt 0.695928 0.464538
vt 0.674684 0.576624
vt 0.828954 0.417980
vt 0.765340 0.617213
vt 0.737230 0.676302
vt 0.776047 0.657784
vt 0.736092 0.658041
vt 0.703985 0.676093
vt 0.702292 0.657831
vt 0.667575 0.678139
vt 0.665711 0.659163
vt 0.644454 0.662876
vt 0.645053 0.682387
vt 0.630466 0.669242
vt 0.624685 0.689947
vt 0.580501 0.716292
vt 0.603905 0.688206
vt 0.573962 0.716726
vt 0.617863 0.679439
vt 0.775822 0.685364
vt 0.775894 0.677029
vt 0.735779 0.684614
vt 0.703377 0.684452
vt 0.775674 0.703196
vt 0.735449 0.702542
vt 0.703324 0.700627
vt 0.667774 0.686914
vt 0.669311 0.700348
vt 0.645233 0.691361
vt 0.625779 0.697893
vt 0.649327 0.704293
vt 0.632614 0.711491
vt 0.617665 0.721145
vt 0.605463 0.697917
vt 0.607911 0.705723
vt 0.254623 0.588902
vt 0.283644 0.579602
vt 0.280796 0.594863
vt 0.291847 0.556456
vt 0.258709 0.572114
vt 0.266502 0.548066
vt 0.319027 0.570322
vt 0.254611 0.605237
vt 0.310307 0.592730
vt 0.306432 0.602772
vt 0.380904 0.594718
vt 0.347566 0.584086
vt 0.381042 0.583793
vt 0.332411 0.580328
vt 0.348738 0.590798
vt 0.380257 0.570564
vt 0.254550 0.622096
vt 0.262022 0.715907
vt 0.230140 0.705872
vt 0.284129 0.610604
vt 0.286987 0.627956
vt 0.323821 0.602941
vt 0.314762 0.613823
vt 0.325674 0.630087
vt 0.341592 0.613832
vt 0.334801 0.633328
vt 0.374057 0.623330
vt 0.366747 0.644770
vt 0.304140 0.729751
vt 0.334764 0.739522
vt 0.295817 0.726911
vt 0.409496 0.269427
vt 0.412154 0.234423
vt 0.413430 0.269453
vt 0.335345 0.575152
vt 0.322061 0.560675
vt 0.293984 0.547301
vt 0.267458 0.540718
vt 0.267108 0.520989
vt 0.582021 0.722102
vt 0.157316 0.579602
vt 0.186337 0.588902
vt 0.160164 0.594863
vt 0.149113 0.556456
vt 0.182251 0.572114
vt 0.121933 0.570322
vt 0.130653 0.592730
vt 0.186349 0.605237
vt 0.156831 0.610604
vt 0.060056 0.594718
vt 0.093394 0.584086
vt 0.092222 0.590798
vt 0.108549 0.580328
vt 0.105615 0.575152
vt 0.060703 0.570564
vt 0.186410 0.622096
vt 0.178938 0.715907
vt 0.153973 0.627956
vt 0.117139 0.602941
vt 0.134528 0.602772
vt 0.126198 0.613823
vt 0.099368 0.613832
vt 0.115286 0.630087
vt 0.106159 0.633328
vt 0.066903 0.623330
vt 0.136820 0.729751
vt 0.074213 0.644770
vt 0.145143 0.726911
vt 0.031464 0.269427
vt 0.028806 0.234423
vt 0.033330 0.229940
vt 0.029555 0.303566
vt 0.027530 0.269453
vt 0.146976 0.547301
vt 0.174458 0.548066
vt 0.118899 0.560675
vt 0.161181 0.520741
vt 0.173502 0.540718
vt 0.027371 0.518126
vt 0.173852 0.520989
vt 0.161835 0.319555
vt 0.173852 0.307223
vt 0.019980 0.452891
vt 0.021493 0.519944
vt 0.017714 0.526778
vt 0.023834 0.452674
vt 0.022824 0.350993
vt 0.026890 0.351212
vt 0.025566 0.303480
vt 0.029578 0.453421
vt 0.303120 0.304882
vt 0.405763 0.303872
vt 0.592790 0.739571
vt 0.402141 0.233301
vt 0.407630 0.229940
vt 0.381465 0.234577
vt 0.403848 0.269545
vt 0.331094 0.266852
vt 0.267108 0.287747
vt 0.267108 0.307223
vt 0.038819 0.233301
vt 0.037112 0.269545
vt 0.059495 0.234577
vt 0.035196 0.303872
vt 0.153244 0.308747
vt 0.137839 0.304882
vt 0.173852 0.287747
vt 0.109866 0.266852
vt 0.032541 0.351445
vt 0.921783 0.990680
vt 0.797122 0.609420
vt 0.954107 0.824259
vt 0.886137 0.692569
vt 0.604027 0.632588
vt 0.943785 0.632588
vt 0.564482 0.361699
vt 0.586765 0.246284
vt 0.566778 0.298598
vt 0.606743 0.298603
vt 0.435116 0.279438
vt 0.321917 0.430120
vt 0.226190 0.430120
vt 0.266959 0.441227
vt 0.773918 0.508732
vt 0.915461 0.888639
vt 0.885834 0.734453
vt 0.821358 0.612187
vt 0.773892 0.508732
vt 0.943784 0.632588
vt 0.946469 0.647448
vt 0.907292 0.691225
vt 0.845364 0.608460
vt 0.845156 0.558895
vt 0.698759 0.901031
vt 0.576322 0.836999
vt 0.604011 0.632603
vt 0.640507 0.691236
vt 0.029485 0.811851
vt 0.198195 0.211108
vt 0.178178 0.223170
vt 0.054599 0.834018
vt 0.382296 0.932018
vt 0.512075 0.285085
vt 0.386993 0.223147
vt 0.522755 0.828254
vt 0.439433 0.139021
vt 0.548405 0.943962
vt 0.762555 0.475786
vt 0.844904 0.475417
vt 0.915624 0.499587
vt 0.933808 0.477332
vt 0.901919 0.437471
vt 0.843430 0.429235
vt 0.929839 0.492469
vt 0.595294 0.495472
vt 0.591305 0.480142
vt 0.365337 0.063362
vt 0.131714 0.071132
vt 0.892496 0.377704
vt 0.865198 0.383594
vt 0.783000 0.373780
vt 0.909043 0.421626
vt 0.656512 0.383383
vt 0.612375 0.420995
vt 0.080814 0.184599
vt 0.320729 0.184669
vt 0.355905 0.138738
vt 0.834738 0.355815
vt 0.868520 0.324995
vt 0.832780 0.309164
vt 0.819840 0.324931
vt 0.855646 0.309271
vt 0.767338 0.324266
vt 0.803078 0.308434
vt 0.657354 0.357252
vt 0.655344 0.306578
vt 0.691052 0.322018
vt 0.733571 0.308170
vt 0.746526 0.323558
vt 0.572224 0.185614
vt 0.579431 0.176512
vt 0.430956 0.244951
vt 0.437288 0.251844
vt 0.512674 0.238697
vt 0.517336 0.233388
vt 0.921576 0.270078
vt 0.965777 0.300795
vt 0.239631 0.615874
vt 0.484391 0.170992
vt 0.568607 0.211677
vt 0.525616 0.154105
vt 0.591255 0.148357
vt 0.540754 0.172437
vt 0.477253 0.133090
vt 0.433890 0.146912
vt 0.379128 0.203850
vt 0.380026 0.223413
vt 0.423244 0.526778
vt 0.258837 0.745027
vt 0.878506 0.350143
vt 0.211551 0.522026
vt 0.219575 0.568297
vt 0.217912 0.484717
vt 0.524953 0.729751
vt 0.593191 0.824327
vt 0.617919 0.831824
vt 0.775075 0.967592
vt 0.383128 0.056853
vt 0.193021 0.024834
vt 0.389327 0.123890
vt 0.059828 0.133715
vt 0.697273 0.418076
vt 0.059918 0.583793
vt 0.210820 0.705872
vt 0.106196 0.739522
s 1
usemtl Ground_SG
f 2/1/1 3/2/1 1/3/1
f 2/1/1 4/4127/1 3/2/1
usemtl Windows_SG
f 10/4/2 8/5/3 11/6/4
f 8/5/3 13/7/5 12/8/6
f 8/5/3 14/9/7 7/10/8
f 16/11/9 6/12/10 7/10/8
f 17/13/11 6/12/10 15/14/12
f 7/10/8 14/9/7 16/11/9
f 9/15/13 6/12/10 19/16/14
f 19/16/14 6/12/10 20/17/15
f 6/12/10 18/18/16 20/17/15
f 7/10/8 11/6/4 8/5/3
f 7/10/8 9/15/13 21/19/17
f 22/20/18 9/15/13 23/21/19
f 23/21/19 9/15/13 24/22/20
f 9/15/13 19/16/14 24/22/20
f 22/20/18 21/19/17 9/15/13
f 28/23/21 31/24/22 30/25/23
f 27/26/24 30/25/23 32/27/25
f 25/28/26 34/29/27 33/30/28
f 28/23/21 35/31/29 34/29/27
f 27/26/24 36/32/30 35/31/29
f 26/33/31 32/27/25 37/34/32
f 38/35/33 26/33/31 29/36/34
f 39/37/35 29/36/34 40/38/36
f 29/36/34 37/34/32 41/39/37
f 43/40/38 41/39/37 42/41/39
f 43/40/38 40/38/36 29/36/34
f 10/4/2 46/42/40 5/43/41
f 46/42/40 13/7/5 5/43/41
f 50/44/42 46/42/40 45/45/43
f 52/46/44 44/47/45 51/48/46
f 53/49/47 44/47/45 54/50/48
f 45/45/43 52/46/44 50/44/42
f 47/51/49 55/52/50 44/47/45
f 55/52/50 56/53/51 44/47/45
f 44/47/45 56/53/51 54/50/48
f 48/54/52 45/45/43 46/42/40
f 45/45/43 47/51/49 44/47/45
f 58/55/53 59/56/54 47/51/49
f 59/56/54 60/57/55 47/51/49
f 47/51/49 60/57/55 55/52/50
f 58/55/53 47/51/49 57/58/56
f 31/24/22 63/59/57 65/60/58
f 65/60/58 62/61/59 66/62/60
f 25/28/26 67/63/61 63/59/57
f 63/59/57 68/64/62 62/61/59
f 62/61/59 69/65/63 61/66/64
f 61/66/64 66/62/60 62/61/59
f 71/67/65 61/66/64 69/65/63
f 72/68/66 64/69/67 71/67/65
f 64/69/67 70/70/68 61/66/64
f 74/71/69 76/72/70 75/73/71
f 76/72/70 64/69/67 73/74/72
f 80/75/73 77/76/74 81/77/75
f 77/76/74 80/75/73 82/78/76
f 83/79/77 79/80/78 84/81/79
f 78/82/80 82/78/81 79/80/78
f 85/83/82 79/80/78 82/78/81
f 87/84/83 79/80/78 86/85/84
f 84/81/79 87/84/83 88/86/85
f 90/87/86 83/79/77 89/88/87
f 81/77/75 92/89/88 91/90/89
f 77/76/74 90/87/86 92/89/88
f 111/91/90 112/92/91 108/93/92
f 108/93/92 113/94/93 111/91/90
f 114/95/94 110/96/95 109/97/96
f 109/97/96 113/94/97 108/93/92
f 116/98/98 110/96/99 117/99/100
f 118/100/101 117/99/102 110/96/95
f 115/101/103 118/100/101 110/96/95
f 114/95/94 121/102/104 120/103/105
f 112/92/91 123/104/106 108/93/92
f 108/93/92 121/102/104 109/97/96
f 124/105/107 127/106/108 128/107/109
f 124/105/107 129/108/110 126/109/111
f 129/108/110 130/110/112 131/111/113
f 93/112/114 96/113/115 95/114/116
f 93/112/114 95/114/116 98/115/117
f 98/115/117 99/116/118 93/112/114
f 94/117/119 97/118/120 93/112/114
f 102/119/121 94/117/119 103/120/122
f 103/120/122 93/112/114 99/116/118
f 94/117/119 105/121/123 101/122/124
f 107/123/125 94/117/119 104/124/126
f 107/123/125 105/121/123 94/117/119
f 125/125/127 128/107/109 132/126/128
f 133/127/129 125/125/127 135/128/130
f 134/129/131 124/105/107 125/125/127
f 136/130/132 125/125/127 132/126/128
f 125/125/127 138/131/133 135/128/130
f 136/130/132 138/131/133 125/125/127
f 10/4/2 5/43/41 8/5/3
f 8/5/3 5/43/41 13/7/5
f 8/5/3 12/8/6 14/9/7
f 16/11/9 15/14/12 6/12/10
f 17/13/11 18/18/16 6/12/10
f 7/10/8 21/19/17 11/6/4
f 7/10/8 6/12/10 9/15/13
f 28/23/21 25/28/26 31/24/22
f 27/26/24 28/23/21 30/25/23
f 25/28/26 28/23/21 34/29/27
f 28/23/21 27/26/24 35/31/29
f 27/26/24 26/33/31 36/32/30
f 26/33/31 27/26/24 32/27/25
f 38/35/33 36/32/30 26/33/31
f 39/37/35 38/35/33 29/36/34
f 29/36/34 26/33/31 37/34/32
f 43/40/38 29/36/34 41/39/37
f 10/4/2 48/54/52 46/42/40
f 46/42/40 49/4128/4680 13/7/5
f 50/44/42 49/4128/4680 46/42/40
f 52/46/44 45/45/43 44/47/45
f 53/49/47 51/48/46 44/47/45
f 48/54/52 57/58/56 45/45/43
f 45/45/43 57/58/56 47/51/49
f 31/24/22 25/28/26 63/59/57
f 65/60/58 63/59/57 62/61/59
f 25/28/26 33/30/28 67/63/61
f 63/59/57 67/63/61 68/64/62
f 62/61/59 68/64/62 69/65/63
f 61/66/64 70/70/68 66/62/60
f 71/67/65 64/69/67 61/66/64
f 72/68/66 73/74/72 64/69/67
f 64/69/67 74/71/69 70/70/68
f 74/71/69 64/69/67 76/72/70
f 83/79/77 78/82/80 79/80/78
f 78/82/80 77/76/74 82/78/81
f 85/83/82 86/85/4681 79/80/78
f 84/81/79 79/80/78 87/84/83
f 90/87/86 78/82/80 83/79/77
f 81/77/75 77/76/74 92/89/88
f 77/76/74 78/82/80 90/87/86
f 114/95/94 115/101/103 110/96/95
f 109/97/96 110/96/95 113/94/97
f 116/98/98 113/94/4682 110/96/99
f 115/101/103 119/4129/1109 118/100/101
f 114/95/94 109/97/96 121/102/104
f 112/92/91 122/4130/4683 123/104/106
f 108/93/92 123/104/106 121/102/104
f 124/105/107 126/109/111 127/106/108
f 129/108/110 124/105/107 130/110/112
f 93/112/114 97/118/120 96/113/115
f 98/115/117 100/531/4684 99/116/118
f 94/117/119 101/122/124 97/118/120
f 102/119/121 104/124/126 94/117/119
f 103/120/122 94/117/119 93/112/114
f 107/123/125 106/4131/984 105/121/123
f 125/125/127 124/105/107 128/107/109
f 133/127/129 134/129/131 125/125/127
f 134/129/131 130/110/112 124/105/107
f 136/130/132 137/4132/1142 138/131/133
usemtl Body_SG1
f 139/132/134 250/133/135 251/134/136
f 141/135/137 250/133/135 140/136/138
f 141/135/137 248/137/139 249/138/140
f 142/139/141 247/140/142 248/141/139
f 144/142/143 247/140/142 143/143/144
f 144/142/143 245/144/145 246/145/146
f 146/146/147 245/144/145 145/147/148
f 147/148/149 244/149/150 146/146/147
f 148/150/151 243/151/152 147/148/149
f 148/150/151 241/152/153 242/153/154
f 150/154/155 241/152/153 149/155/156
f 151/156/157 240/157/158 150/154/155
f 152/158/159 239/159/160 151/156/157
f 153/160/161 238/161/162 152/158/159
f 237/162/163 154/163/164 236/164/165
f 139/132/134 236/164/165 154/163/164
f 221/165/166 222/166/167 223/167/168
f 221/165/166 224/168/169 225/169/170
f 221/165/166 226/170/171 227/171/172
f 221/165/166 228/172/173 229/173/174
f 221/165/166 230/174/175 231/175/176
f 221/165/166 232/176/177 233/177/178
f 221/165/166 234/178/179 235/179/180
f 221/165/166 219/180/181 220/181/182
f 140/182/138 171/183/183 172/184/184
f 140/182/138 173/185/185 141/186/137
f 141/186/137 174/187/186 142/188/141
f 142/188/141 175/189/187 143/190/144
f 143/190/144 176/191/188 144/192/143
f 144/192/143 177/193/189 145/194/148
f 146/195/147 177/193/189 178/196/190
f 146/195/147 179/197/191 147/198/149
f 147/198/149 180/199/192 148/200/151
f 149/201/156 180/199/192 181/202/193
f 150/203/155 181/202/193 182/204/194
f 150/203/155 183/205/195 151/206/157
f 151/206/157 184/207/196 152/208/159
f 152/208/159 185/209/197 153/210/161
f 154/211/164 185/209/197 186/212/198
f 139/213/134 186/212/198 171/183/183
f 156/214/199 187/215/200 155/216/201
f 156/214/199 189/217/202 188/218/203
f 157/219/204 190/220/205 189/217/202
f 158/221/206 191/222/207 190/220/205
f 159/223/208 192/224/209 191/222/207
f 160/225/210 193/226/211 192/224/209
f 162/227/212 193/226/211 161/228/213
f 162/227/212 195/229/214 194/230/215
f 164/231/216 195/229/214 163/232/217
f 164/231/216 197/233/218 196/234/219
f 165/235/220 198/236/221 197/233/218
f 166/237/222 199/238/223 198/236/221
f 168/239/224 199/238/223 167/240/225
f 169/241/226 200/242/227 168/239/224
f 170/243/228 201/244/229 169/241/226
f 155/216/201 202/245/230 170/243/228
f 172/184/184 203/246/231 204/247/232
f 205/248/233 172/184/184 204/247/232
f 173/185/185 206/249/234 174/187/186
f 207/250/235 174/187/186 206/249/234
f 208/251/236 175/189/187 207/250/235
f 209/252/237 176/191/188 208/251/236
f 178/196/190 209/252/237 210/253/238
f 179/197/191 210/253/238 211/254/239
f 180/199/192 211/254/239 212/255/240
f 181/202/193 212/255/240 213/256/241
f 214/257/242 181/202/193 213/256/241
f 183/205/195 214/257/242 215/258/243
f 184/207/196 215/258/243 216/259/244
f 217/260/245 184/207/196 216/259/244
f 186/212/198 217/260/245 218/261/246
f 171/183/183 218/261/246 203/246/231
f 188/218/203 219/180/181 187/215/200
f 222/166/167 188/218/203 189/217/202
f 223/167/168 189/217/202 190/220/205
f 224/168/169 190/220/205 191/222/207
f 192/224/209 224/168/169 191/222/207
f 226/170/171 192/224/209 193/226/211
f 227/171/172 193/226/211 194/230/215
f 228/172/173 194/230/215 195/229/214
f 229/173/174 195/229/214 196/234/219
f 230/174/175 196/234/219 197/233/218
f 231/175/176 197/233/218 198/236/221
f 199/238/223 231/175/176 198/236/221
f 200/242/227 232/176/177 199/238/223
f 234/178/179 200/242/227 201/244/229
f 235/179/180 201/244/229 202/245/230
f 187/215/200 235/179/180 202/245/230
f 237/162/163 170/262/228 169/263/226
f 238/161/162 169/263/226 168/264/224
f 238/161/162 167/265/225 239/159/160
f 240/157/158 167/265/225 166/266/222
f 241/152/153 166/266/222 165/267/220
f 241/152/153 164/268/216 242/153/154
f 242/153/154 163/269/217 243/151/152
f 243/151/152 162/270/212 244/149/150
f 245/144/145 162/270/212 161/271/213
f 245/144/145 160/272/210 246/145/146
f 246/145/146 159/273/208 247/140/142
f 247/140/142 158/274/206 248/141/139
f 249/138/140 158/275/206 157/276/204
f 250/133/135 157/276/204 156/277/199
f 250/133/135 155/278/201 251/134/136
f 251/134/136 170/262/228 236/164/165
f 204/247/232 252/279/247 253/280/248
f 204/247/232 254/281/249 205/248/233
f 205/248/233 255/282/250 206/249/234
f 206/249/234 256/283/251 207/250/235
f 207/250/235 257/284/252 208/251/236
f 209/252/237 257/284/252 258/285/253
f 210/253/238 258/285/253 259/286/254
f 211/254/239 259/286/254 260/287/255
f 211/254/239 261/288/256 212/255/240
f 212/255/240 262/289/257 213/256/241
f 214/257/242 262/289/257 263/290/258
f 214/257/242 264/291/259 215/258/243
f 215/258/243 265/292/260 216/259/244
f 216/259/244 266/293/261 217/260/245
f 218/261/246 266/293/261 267/294/262
f 203/246/231 267/294/262 252/279/247
f 253/280/248 268/295/263 269/296/264
f 253/280/248 270/297/265 254/281/249
f 255/282/250 270/297/265 271/298/266
f 256/283/251 271/298/266 272/299/267
f 256/283/251 273/300/268 257/284/252
f 258/285/253 273/300/268 274/301/269
f 259/286/254 274/301/269 275/302/270
f 259/286/254 276/303/271 260/287/255
f 261/288/256 276/303/271 277/304/272
f 262/289/257 277/304/272 278/305/273
f 262/289/257 279/306/274 263/290/258
f 263/290/258 280/307/275 264/291/259
f 265/292/260 280/307/275 281/308/276
f 265/292/260 282/309/277 266/293/261
f 267/294/262 282/309/277 283/310/278
f 267/294/262 268/295/263 252/279/247
f 269/296/264 284/311/279 285/312/280
f 269/296/264 286/313/281 270/297/265
f 271/298/266 286/313/281 287/314/282
f 271/298/266 288/315/283 272/299/267
f 273/300/268 288/315/283 289/316/284
f 273/300/268 290/317/285 274/301/269
f 275/302/270 290/317/285 291/318/286
f 275/302/270 292/319/287 276/303/271
f 277/304/272 292/319/287 293/320/288
f 278/305/273 293/320/288 294/321/289
f 278/305/273 295/322/290 279/306/274
f 279/306/274 296/323/291 280/307/275
f 281/308/276 296/323/291 297/324/292
f 281/308/276 298/325/293 282/309/277
f 283/310/278 298/325/293 299/326/294
f 268/295/263 299/326/294 284/311/279
f 285/312/280 284/311/279 300/327/295
f 286/313/281 285/312/280 300/327/295
f 287/314/282 286/313/281 300/327/295
f 288/315/283 287/314/282 300/327/295
f 289/316/284 288/315/283 300/327/295
f 290/317/285 289/316/284 300/327/295
f 291/318/286 290/317/285 300/327/295
f 292/319/287 291/318/286 300/327/295
f 293/320/288 292/319/287 300/327/295
f 294/321/289 293/320/288 300/327/295
f 295/322/290 294/321/289 300/327/295
f 296/323/291 295/322/290 300/327/295
f 297/324/292 296/323/291 300/327/295
f 298/325/293 297/324/292 300/327/295
f 299/326/294 298/325/293 300/327/295
f 284/311/279 299/326/294 300/327/295
f 301/132/296 412/133/297 302/136/298
f 412/133/297 303/135/299 302/136/298
f 303/135/299 410/137/300 304/328/301
f 304/139/301 409/140/302 305/143/303
f 409/140/302 306/142/304 305/143/303
f 306/142/304 407/144/305 307/147/306
f 407/144/305 308/146/307 307/147/306
f 406/149/308 309/148/309 308/146/307
f 309/148/309 404/153/310 310/150/311
f 310/150/311 403/152/312 311/155/313
f 403/152/312 312/154/314 311/155/313
f 402/157/315 313/156/316 312/154/314
f 401/159/317 314/158/318 313/156/316
f 314/158/318 399/162/319 315/160/320
f 399/162/319 316/163/321 315/160/320
f 398/164/322 301/132/296 316/163/321
f 383/165/323 384/166/324 382/181/325
f 383/165/323 386/168/326 385/167/327
f 383/165/323 388/170/328 387/169/329
f 383/165/323 390/172/330 389/171/331
f 383/165/323 392/174/332 391/173/333
f 383/165/323 394/176/334 393/175/335
f 383/165/323 396/178/336 395/177/337
f 383/165/323 381/180/338 397/179/339
f 333/183/340 302/182/298 334/184/341
f 335/185/342 302/182/298 303/186/299
f 336/187/343 303/186/299 304/188/301
f 337/189/344 304/188/301 305/190/303
f 338/191/345 305/190/303 306/192/304
f 339/193/346 306/192/304 307/194/306
f 308/195/307 339/193/346 307/194/306
f 341/197/347 308/195/307 309/198/309
f 310/200/311 341/197/347 309/198/309
f 311/201/313 342/199/348 310/200/311
f 344/204/349 311/201/313 312/203/314
f 345/205/350 312/203/314 313/206/316
f 346/207/351 313/206/316 314/208/318
f 347/209/352 314/208/318 315/210/320
f 316/211/321 347/209/352 315/210/320
f 301/213/296 348/212/353 316/211/321
f 349/215/354 318/214/355 317/216/356
f 318/214/355 351/217/357 319/219/358
f 319/219/358 352/220/359 320/221/360
f 320/221/360 353/222/361 321/223/362
f 321/223/362 354/224/363 322/225/364
f 322/225/364 355/226/365 323/228/366
f 355/226/365 324/227/367 323/228/366
f 324/227/367 357/229/368 325/232/369
f 357/229/368 326/231/370 325/232/369
f 358/234/371 327/235/372 326/231/370
f 327/235/372 360/236/373 328/237/374
f 328/237/374 361/238/375 329/240/376
f 329/240/376 362/242/377 330/239/378
f 362/242/377 331/241/379 330/239/378
f 363/244/380 332/243/381 331/241/379
f 364/245/382 317/216/356 332/243/381
f 365/246/383 334/184/341 366/247/384
f 367/248/385 334/184/341 335/185/342
f 368/249/386 335/185/342 336/187/343
f 369/250/387 336/187/343 337/189/344
f 370/251/388 337/189/344 338/191/345
f 371/252/389 338/191/345 339/193/346
f 372/253/390 339/193/346 340/196/391
f 373/254/392 340/196/391 341/197/347
f 373/254/392 342/199/348 374/255/393
f 375/256/394 342/199/348 343/202/395
f 375/256/394 344/204/349 376/257/396
f 376/257/396 345/205/350 377/258/397
f 377/258/397 346/207/351 378/259/398
f 378/259/398 347/209/352 379/260/399
f 379/260/399 348/212/353 380/261/400
f 380/261/400 333/183/340 365/246/383
f 350/218/401 381/180/338 382/181/325
f 350/218/401 384/166/324 351/217/357
f 351/217/357 385/167/327 352/220/359
f 353/222/361 385/167/327 386/168/326
f 354/224/363 386/168/326 387/169/329
f 355/226/365 387/169/329 388/170/328
f 355/226/365 389/171/331 356/230/402
f 356/230/402 390/172/330 357/229/368
f 358/234/371 390/172/330 391/173/333
f 358/234/371 392/174/332 359/233/403
f 360/236/373 392/174/332 393/175/335
f 361/238/375 393/175/335 394/176/334
f 362/242/377 394/176/334 395/177/337
f 362/242/377 396/178/336 363/244/380
f 363/244/380 397/179/339 364/245/382
f 349/215/354 397/179/339 381/180/338
f 332/262/381 399/162/319 331/263/379
f 400/161/404 331/263/379 399/162/319
f 401/159/317 330/264/378 400/161/404
f 402/157/315 329/265/376 401/159/317
f 327/267/372 402/157/315 403/152/312
f 326/268/370 403/152/312 404/153/310
f 325/269/369 404/153/310 405/151/405
f 406/149/308 325/269/369 405/151/405
f 323/271/366 406/149/308 407/144/305
f 322/272/364 407/144/305 408/145/406
f 321/273/362 408/145/406 409/140/302
f 320/274/360 409/140/302 410/141/300
f 411/138/407 320/275/360 410/137/300
f 412/133/297 319/276/358 411/138/407
f 317/278/356 412/133/297 413/134/408
f 332/262/381 413/134/408 398/164/322
f 366/247/384 414/279/409 365/246/383
f 416/281/410 366/247/384 367/248/385
f 417/282/411 367/248/385 368/249/386
f 369/250/387 417/282/411 368/249/386
f 419/284/412 369/250/387 370/251/388
f 371/252/389 419/284/412 370/251/388
f 372/253/390 420/285/413 371/252/389
f 422/287/414 372/253/390 373/254/392
f 423/288/415 373/254/392 374/255/393
f 375/256/394 423/288/415 374/255/393
f 425/290/416 375/256/394 376/257/396
f 377/258/397 425/290/416 376/257/396
f 427/292/417 377/258/397 378/259/398
f 428/293/418 378/259/398 379/260/399
f 380/261/400 428/293/418 379/260/399
f 365/246/383 429/294/419 380/261/400
f 415/280/420 430/295/421 414/279/409
f 432/297/422 415/280/420 416/281/410
f 417/282/411 432/297/422 416/281/410
f 418/283/423 433/298/424 417/282/411
f 419/284/412 434/299/425 418/283/423
f 436/301/426 419/284/412 420/285/413
f 421/286/427 436/301/426 420/285/413
f 422/287/414 437/302/428 421/286/427
f 423/288/415 438/303/429 422/287/414
f 424/289/430 439/304/431 423/288/415
f 441/306/432 424/289/430 425/290/416
f 442/307/433 425/290/416 426/291/434
f 427/292/417 442/307/433 426/291/434
f 444/309/435 427/292/417 428/293/418
f 429/294/419 444/309/435 428/293/418
f 430/295/421 429/294/419 414/279/409
f 431/296/436 446/311/437 430/295/421
f 448/313/438 431/296/436 432/297/422
f 433/298/424 448/313/438 432/297/422
f 434/299/425 449/314/439 433/298/424
f 435/300/440 450/315/441 434/299/425
f 452/317/442 435/300/440 436/301/426
f 437/302/428 452/317/442 436/301/426
f 454/319/443 437/302/428 438/303/429
f 439/304/431 454/319/443 438/303/429
f 456/321/444 439/304/431 440/305/445
f 457/322/446 440/305/445 441/306/432
f 458/323/447 441/306/432 442/307/433
f 443/308/448 458/323/447 442/307/433
f 460/325/449 443/308/448 444/309/435
f 445/310/450 460/325/449 444/309/435
f 430/295/421 461/326/451 445/310/450
f 447/312/452 462/327/453 446/311/437
f 448/313/438 462/327/453 447/312/452
f 449/314/439 462/327/453 448/313/438
f 450/315/441 462/327/453 449/314/439
f 451/316/454 462/327/453 450/315/441
f 452/317/442 462/327/453 451/316/454
f 453/318/455 462/327/453 452/317/442
f 454/319/443 462/327/453 453/318/455
f 455/320/456 462/327/453 454/319/443
f 456/321/444 462/327/453 455/320/456
f 457/322/446 462/327/453 456/321/444
f 458/323/447 462/327/453 457/322/446
f 459/324/457 462/327/453 458/323/447
f 460/325/449 462/327/453 459/324/457
f 461/326/451 462/327/453 460/325/449
f 446/311/437 462/327/453 461/326/451
f 463/132/458 574/133/459 464/136/460
f 574/133/459 465/135/461 464/136/460
f 465/135/461 572/137/462 466/328/463
f 466/139/463 571/140/464 467/143/465
f 571/140/464 468/142/466 467/143/465
f 468/142/466 569/144/467 469/147/468
f 469/147/468 568/149/469 470/146/470
f 568/149/469 471/148/471 470/146/470
f 471/148/471 566/153/472 472/150/473
f 472/150/473 565/152/474 473/155/475
f 565/152/474 474/154/476 473/155/475
f 474/154/476 563/159/477 475/156/478
f 563/159/477 476/158/479 475/156/478
f 562/161/480 477/160/481 476/158/479
f 561/162/482 478/163/483 477/160/481
f 560/164/484 463/132/458 478/163/483
f 545/165/485 546/166/486 544/181/487
f 545/165/485 548/168/488 547/167/489
f 545/165/485 550/170/490 549/169/491
f 545/165/485 552/172/492 551/171/493
f 545/165/485 554/174/494 553/173/495
f 545/165/485 556/176/496 555/175/497
f 545/165/485 558/178/498 557/177/499
f 545/165/485 543/180/500 559/179/501
f 495/183/502 464/182/460 496/184/503
f 497/185/504 464/182/460 465/186/461
f 498/187/505 465/186/461 466/188/463
f 499/189/506 466/188/463 467/190/465
f 468/192/466 499/189/506 467/190/465
f 501/193/507 468/192/466 469/194/468
f 470/195/470 501/193/507 469/194/468
f 503/197/508 470/195/470 471/198/471
f 472/200/473 503/197/508 471/198/471
f 505/202/509 472/200/473 473/201/475
f 506/204/510 473/201/475 474/203/476
f 507/205/511 474/203/476 475/206/478
f 508/207/512 475/206/478 476/208/479
f 477/210/481 508/207/512 476/208/479
f 478/211/483 509/209/513 477/210/481
f 463/213/458 510/212/514 478/211/483
f 511/215/515 480/214/516 479/216/517
f 480/214/516 513/217/518 481/219/519
f 481/219/519 514/220/520 482/221/521
f 482/221/521 515/222/522 483/223/523
f 483/223/523 516/224/524 484/225/525
f 484/225/525 517/226/526 485/228/527
f 517/226/526 486/227/528 485/228/527
f 486/227/528 519/229/529 487/232/530
f 519/229/529 488/231/531 487/232/530
f 488/231/531 521/233/532 489/235/533
f 489/235/533 522/236/534 490/237/535
f 490/237/535 523/238/536 491/240/537
f 523/238/536 492/239/538 491/240/537
f 524/242/539 493/241/540 492/239/538
f 525/244/541 494/243/542 493/241/540
f 526/245/543 479/216/517 494/243/542
f 527/246/544 496/184/503 528/247/545
f 529/248/546 496/184/503 497/185/504
f 530/249/547 497/185/504 498/187/505
f 531/250/548 498/187/505 499/189/506
f 532/251/549 499/189/506 500/191/550
f 533/252/551 500/191/550 501/193/507
f 534/253/552 501/193/507 502/196/553
f 535/254/554 502/196/553 503/197/508
f 536/255/555 503/197/508 504/199/556
f 537/256/557 504/199/556 505/202/509
f 538/257/558 505/202/509 506/204/510
f 538/257/558 507/205/511 539/258/559
f 539/258/559 508/207/512 540/259/560
f 540/259/560 509/209/513 541/260/561
f 541/260/561 510/212/514 542/261/562
f 542/261/562 495/183/502 527/246/544
f 512/218/563 543/180/500 544/181/487
f 512/218/563 546/166/486 513/217/518
f 513/217/518 547/167/489 514/220/520
f 515/222/522 547/167/489 548/168/488
f 516/224/524 548/168/488 549/169/491
f 517/226/526 549/169/491 550/170/490
f 517/226/526 551/171/493 518/230/564
f 518/230/564 552/172/492 519/229/529
f 519/229/529 553/173/495 520/234/565
f 520/234/565 554/174/494 521/233/532
f 522/236/534 554/174/494 555/175/497
f 523/238/536 555/175/497 556/176/496
f 523/238/536 557/177/499 524/242/539
f 524/242/539 558/178/498 525/244/541
f 525/244/541 559/179/501 526/245/543
f 511/215/515 559/179/501 543/180/500
f 494/262/542 561/162/482 493/263/540
f 492/264/538 561/162/482 562/161/480
f 563/159/477 492/264/538 562/161/480
f 564/157/566 491/265/537 563/159/477
f 489/267/533 564/157/566 565/152/474
f 566/153/472 489/267/533 565/152/474
f 487/269/530 566/153/472 567/151/567
f 486/270/528 567/151/567 568/149/469
f 569/144/467 486/270/528 568/149/469
f 484/272/525 569/144/467 570/145/568
f 483/273/523 570/145/568 571/140/464
f 482/274/521 571/140/464 572/141/462
f 573/138/569 482/275/521 572/137/462
f 574/133/459 481/276/519 573/138/569
f 479/278/517 574/133/459 575/134/570
f 494/262/542 575/134/570 560/164/484
f 528/247/545 576/279/571 527/246/544
f 578/281/572 528/247/545 529/248/546
f 579/282/573 529/248/546 530/249/547
f 580/283/574 530/249/547 531/250/548
f 581/284/575 531/250/548 532/251/549
f 582/285/576 532/251/549 533/252/551
f 534/253/552 582/285/576 533/252/551
f 535/254/554 583/286/577 534/253/552
f 585/288/578 535/254/554 536/255/555
f 537/256/557 585/288/578 536/255/555
f 538/257/558 586/289/579 537/256/557
f 588/291/580 538/257/558 539/258/559
f 589/292/581 539/258/559 540/259/560
f 590/293/582 540/259/560 541/260/561
f 591/294/583 541/260/561 542/261/562
f 527/246/544 591/294/583 542/261/562
f 577/280/584 592/295/585 576/279/571
f 594/297/586 577/280/584 578/281/572
f 579/282/573 594/297/586 578/281/572
f 580/283/574 595/298/587 579/282/573
f 581/284/575 596/299/588 580/283/574
f 598/301/589 581/284/575 582/285/576
f 583/286/577 598/301/589 582/285/576
f 584/287/590 599/302/591 583/286/577
f 585/288/578 600/303/592 584/287/590
f 586/289/579 601/304/593 585/288/578
f 603/306/594 586/289/579 587/290/595
f 588/291/580 603/306/594 587/290/595
f 589/292/581 604/307/596 588/291/580
f 606/309/597 589/292/581 590/293/582
f 591/294/583 606/309/597 590/293/582
f 592/295/585 591/294/583 576/279/571
f 609/312/598 592/295/585 593/296/599
f 610/313/600 593/296/599 594/297/586
f 595/298/587 610/313/600 594/297/586
f 596/299/588 611/314/601 595/298/587
f 597/300/602 612/315/603 596/299/588
f 614/317/604 597/300/602 598/301/589
f 599/302/591 614/317/604 598/301/589
f 616/319/605 599/302/591 600/303/592
f 601/304/593 616/319/605 600/303/592
f 618/321/606 601/304/593 602/305/607
f 619/322/608 602/305/607 603/306/594
f 604/307/596 619/322/608 603/306/594
f 605/308/609 620/323/610 604/307/596
f 622/325/611 605/308/609 606/309/597
f 623/326/612 606/309/597 607/310/613
f 592/295/585 623/326/612 607/310/613
f 609/312/598 624/327/614 608/311/615
f 610/313/600 624/327/614 609/312/598
f 611/314/601 624/327/614 610/313/600
f 612/315/603 624/327/614 611/314/601
f 613/316/616 624/327/614 612/315/603
f 614/317/604 624/327/614 613/316/616
f 615/318/617 624/327/614 614/317/604
f 616/319/605 624/327/614 615/318/617
f 617/320/618 624/327/614 616/319/605
f 618/321/606 624/327/614 617/320/618
f 619/322/608 624/327/614 618/321/606
f 620/323/610 624/327/614 619/322/608
f 621/324/619 624/327/614 620/323/610
f 622/325/611 624/327/614 621/324/619
f 623/326/612 624/327/614 622/325/611
f 608/311/615 624/327/614 623/326/612
f 625/132/620 736/133/621 737/134/622
f 627/135/623 736/133/621 626/136/624
f 627/135/623 734/137/625 735/138/626
f 628/139/627 733/140/628 734/141/625
f 630/142/629 733/140/628 629/143/630
f 630/142/629 731/144/631 732/145/632
f 631/147/633 730/149/634 731/144/631
f 633/148/635 730/149/634 632/146/636
f 634/150/637 729/151/638 633/148/635
f 634/150/637 727/152/639 728/153/640
f 636/154/641 727/152/639 635/155/642
f 637/156/643 726/157/644 636/154/641
f 638/158/645 725/159/646 637/156/643
f 639/160/647 724/161/648 638/158/645
f 723/162/649 640/163/650 722/164/651
f 625/132/620 722/164/651 640/163/650
f 707/165/652 708/166/653 709/167/654
f 707/165/652 710/168/655 711/169/656
f 707/165/652 712/170/657 713/171/658
f 707/165/652 714/172/659 715/173/660
f 707/165/652 716/174/661 717/175/662
f 707/165/652 718/176/663 719/177/664
f 707/165/652 720/178/665 721/179/666
f 707/165/652 705/180/667 706/181/668
f 626/182/624 657/183/669 658/184/670
f 626/182/624 659/185/671 627/186/623
f 627/186/623 660/187/672 628/188/627
f 628/188/627 661/189/673 629/190/630
f 630/192/629 661/189/673 662/191/674
f 631/194/633 662/191/674 663/193/675
f 632/195/636 663/193/675 664/196/676
f 633/198/635 664/196/676 665/197/677
f 633/198/635 666/199/678 634/200/637
f 634/200/637 667/202/679 635/201/642
f 635/201/642 668/204/680 636/203/641
f 636/203/641 669/205/681 637/206/643
f 637/206/643 670/207/682 638/208/645
f 638/208/645 671/209/683 639/210/647
f 640/211/650 671/209/683 672/212/684
f 625/213/620 672/212/684 657/183/669
f 642/214/685 673/215/686 641/216/687
f 642/214/685 675/217/688 674/218/689
f 643/219/690 676/220/691 675/217/688
f 644/221/692 677/222/693 676/220/691
f 645/223/694 678/224/695 677/222/693
f 646/225/696 679/226/697 678/224/695
f 648/227/698 679/226/697 647/228/699
f 648/227/698 681/229/700 680/230/701
f 650/231/702 681/229/700 649/232/703
f 650/231/702 683/233/704 682/234/705
f 651/235/706 684/236/707 683/233/704
f 652/237/708 685/238/709 684/236/707
f 654/239/710 685/238/709 653/240/711
f 655/241/712 686/242/713 654/239/710
f 656/243/714 687/244/715 655/241/712
f 641/216/687 688/245/716 656/243/714
f 658/184/670 689/246/717 690/247/718
f 691/248/719 658/184/670 690/247/718
f 659/185/671 692/249/720 660/187/672
f 693/250/721 660/187/672 692/249/720
f 694/251/722 661/189/673 693/250/721
f 695/252/723 662/191/674 694/251/722
f 696/253/724 663/193/675 695/252/723
f 665/197/677 696/253/724 697/254/725
f 698/255/726 665/197/677 697/254/725
f 699/256/727 666/199/678 698/255/726
f 700/257/728 667/202/679 699/256/727
f 669/205/681 700/257/728 701/258/729
f 670/207/682 701/258/729 702/259/730
f 703/260/731 670/207/682 702/259/730
f 672/212/684 703/260/731 704/261/732
f 657/183/669 704/261/732 689/246/717
f 674/218/689 705/180/667 673/215/686
f 708/166/653 674/218/689 675/217/688
f 709/167/654 675/217/688 676/220/691
f 677/222/693 709/167/654 676/220/691
f 678/224/695 710/168/655 677/222/693
f 712/170/657 678/224/695 679/226/697
f 713/171/658 679/226/697 680/230/701
f 714/172/659 680/230/701 681/229/700
f 715/173/660 681/229/700 682/234/705
f 716/174/661 682/234/705 683/233/704
f 717/175/662 683/233/704 684/236/707
f 685/238/709 717/175/662 684/236/707
f 719/177/664 685/238/709 686/242/713
f 687/244/715 719/177/664 686/242/713
f 721/179/666 687/244/715 688/245/716
f 673/215/686 721/179/666 688/245/716
f 723/162/649 656/262/714 655/263/712
f 723/162/649 654/264/710 724/161/648
f 725/159/646 654/264/710 653/265/711
f 726/157/644 653/265/711 652/266/708
f 726/157/644 651/267/706 727/152/639
f 727/152/639 650/268/702 728/153/640
f 729/151/638 650/268/702 649/269/703
f 729/151/638 648/270/698 730/149/634
f 731/144/631 648/270/698 647/271/699
f 731/144/631 646/272/696 732/145/632
f 732/145/632 645/273/694 733/140/628
f 733/140/628 644/274/692 734/141/625
f 735/138/626 644/275/692 643/276/690
f 736/133/621 643/276/690 642/277/685
f 736/133/621 641/278/687 737/134/622
f 737/134/622 656/262/714 722/164/651
f 690/247/718 738/279/733 739/280/734
f 690/247/718 740/281/735 691/248/719
f 691/248/719 741/282/736 692/249/720
f 693/250/721 741/282/736 742/283/737
f 694/251/722 742/283/737 743/284/738
f 695/252/723 743/284/738 744/285/739
f 696/253/724 744/285/739 745/286/740
f 697/254/725 745/286/740 746/287/741
f 697/254/725 747/288/742 698/255/726
f 699/256/727 747/288/742 748/289/743
f 700/257/728 748/289/743 749/290/744
f 700/257/728 750/291/745 701/258/729
f 701/258/729 751/292/746 702/259/730
f 702/259/730 752/293/747 703/260/731
f 703/260/731 753/294/748 704/261/732
f 689/246/717 753/294/748 738/279/733
f 739/280/734 754/295/749 755/296/750
f 739/280/734 756/297/751 740/281/735
f 741/282/736 756/297/751 757/298/752
f 742/283/737 757/298/752 758/299/753
f 742/283/737 759/300/754 743/284/738
f 743/284/738 760/301/755 744/285/739
f 745/286/740 760/301/755 761/302/756
f 746/287/741 761/302/756 762/303/757
f 747/288/742 762/303/757 763/304/758
f 748/289/743 763/304/758 764/305/759
f 748/289/743 765/306/760 749/290/744
f 749/290/744 766/307/761 750/291/745
f 751/292/746 766/307/761 767/308/762
f 751/292/746 768/309/763 752/293/747
f 753/294/748 768/309/763 769/310/764
f 753/294/748 754/295/749 738/279/733
f 755/296/750 770/311/765 771/312/766
f 755/296/750 772/313/767 756/297/751
f 757/298/752 772/313/767 773/314/768
f 758/299/753 773/314/768 774/315/769
f 759/300/754 774/315/769 775/316/770
f 759/300/754 776/317/771 760/301/755
f 761/302/756 776/317/771 777/318/772
f 761/302/756 778/319/773 762/303/757
f 763/304/758 778/319/773 779/320/774
f 763/304/758 780/321/775 764/305/759
f 764/305/759 781/322/776 765/306/760
f 765/306/760 782/323/777 766/307/761
f 766/307/761 783/324/778 767/308/762
f 768/309/763 783/324/778 784/325/779
f 769/310/764 784/325/779 785/326/780
f 754/295/749 785/326/780 770/311/765
f 771/312/766 770/311/765 786/327/781
f 772/313/767 771/312/766 786/327/781
f 773/314/768 772/313/767 786/327/781
f 774/315/769 773/314/768 786/327/781
f 775/316/770 774/315/769 786/327/781
f 776/317/771 775/316/770 786/327/781
f 777/318/772 776/317/771 786/327/781
f 778/319/773 777/318/772 786/327/781
f 779/320/774 778/319/773 786/327/781
f 780/321/775 779/320/774 786/327/781
f 781/322/776 780/321/775 786/327/781
f 782/323/777 781/322/776 786/327/781
f 783/324/778 782/323/777 786/327/781
f 784/325/779 783/324/778 786/327/781
f 785/326/780 784/325/779 786/327/781
f 770/311/765 785/326/780 786/327/781
f 792/329/782 787/330/783 788/331/784
f 792/332/782 789/333/785 790/334/786
f 794/335/787 788/331/784 793/336/788
f 795/337/789 788/331/784 787/330/783
f 796/338/790 787/330/783 791/339/791
f 792/332/782 797/340/792 798/341/793
f 790/334/786 794/335/787 799/342/794
f 791/339/791 801/343/795 796/338/790
f 800/344/796 792/329/782 798/345/793
f 797/340/792 799/342/794 802/346/797
f 803/347/798 804/348/799 811/349/800
f 804/348/799 805/350/801 811/349/800
f 805/350/801 806/351/802 811/349/800
f 806/351/802 807/352/803 811/349/800
f 807/352/803 808/353/804 811/349/800
f 808/353/804 809/354/805 811/349/800
f 809/354/805 810/355/806 811/349/800
f 810/355/806 803/347/798 811/349/800
f 804/348/799 812/356/807 813/357/808
f 804/348/799 814/358/809 805/350/801
f 805/350/801 815/359/810 806/351/802
f 807/352/803 815/359/810 816/360/811
f 808/353/804 816/360/811 817/361/812
f 808/353/804 818/362/813 809/354/805
f 819/363/814 809/354/805 818/362/813
f 803/347/798 819/363/814 812/356/807
f 820/364/815 828/365/800 821/366/799
f 821/366/799 828/365/800 822/367/816
f 822/367/816 828/365/800 823/368/806
f 823/368/806 828/365/800 824/369/817
f 824/369/817 828/365/800 825/370/804
f 825/370/804 828/365/800 826/371/818
f 826/371/818 828/365/800 827/372/802
f 827/372/802 828/365/800 820/364/815
f 821/366/799 829/373/819 820/364/815
f 831/374/807 821/366/799 822/367/816
f 832/375/814 822/367/816 823/368/806
f 824/369/817 832/375/814 823/368/806
f 825/370/804 833/376/813 824/369/817
f 835/377/811 825/370/804 826/371/818
f 836/378/810 826/371/818 827/372/802
f 820/364/815 836/378/810 827/372/802
f 837/379/820 842/380/821 838/381/822
f 838/381/822 843/382/823 844/383/824
f 845/384/825 838/381/822 844/383/824
f 846/385/826 837/379/820 845/384/825
f 842/386/821 839/387/827 838/381/822
f 842/380/821 847/388/828 848/389/829
f 841/390/830 849/391/831 847/388/828
f 842/386/821 850/392/832 840/393/833
f 843/382/823 840/393/833 851/394/834
f 850/392/832 851/394/834 840/393/833
f 867/395/835 884/396/836 863/397/837
f 859/398/838 885/399/839 867/395/835
f 883/400/840 863/397/837 884/396/836
f 875/401/841 859/398/838 861/402/842
f 886/403/843 861/402/842 853/404/844
f 887/405/845 853/404/844 856/406/846
f 869/407/847 874/408/848 875/401/841
f 883/400/840 877/409/849 882/410/850
f 877/409/849 872/411/851 878/412/852
f 895/413/853 868/414/854 880/415/855
f 881/416/856 868/414/854 864/417/857
f 882/410/850 864/417/857 866/418/858
f 883/400/840 866/418/858 865/419/859
f 873/420/860 878/412/852 879/421/861
f 877/409/849 881/416/856 882/410/850
f 880/415/855 877/409/849 873/420/860
f 877/409/849 885/399/839 874/408/848
f 880/415/855 873/420/860 895/413/862
f 910/422/863 921/423/864 922/424/865
f 902/425/866 922/424/865 913/426/867
f 920/427/868 906/428/837 908/429/859
f 914/430/869 902/425/866 913/426/867
f 923/431/870 904/432/871 914/430/869
f 869/433/847 913/426/867 872/434/851
f 920/427/868 916/435/872 921/423/864
f 916/435/872 872/434/851 913/426/867
f 911/436/873 931/437/874 917/438/875
f 918/439/876 911/436/873 917/438/875
f 919/440/877 907/441/857 918/439/876
f 920/427/868 909/442/858 919/440/877
f 912/443/878 878/444/852 916/435/872
f 916/435/872 918/439/876 917/438/875
f 917/438/875 912/443/878 916/435/872
f 916/435/872 922/424/865 921/423/864
f 917/438/875 931/437/879 912/443/878
f 1001/445/880 973/446/881 1000/447/882
f 946/448/883 972/449/884 957/450/885
f 972/449/884 1012/451/886 1013/452/887
f 959/453/888 961/454/889 973/446/881
f 1011/455/890 955/456/891 975/457/892
f 955/456/891 965/458/893 975/457/892
f 945/459/894 978/460/895 966/461/896
f 959/453/888 1002/462/897 978/460/895
f 948/463/898 978/460/895 968/464/899
f 993/465/900 939/466/901 992/467/902
f 1002/462/897 968/464/899 978/460/895
f 965/458/893 969/468/903 975/457/892
f 975/457/892 1010/469/904 1011/455/890
f 992/467/902 985/470/905 993/465/900
f 984/471/906 951/472/907 985/470/905
f 940/473/908 994/474/909 941/475/910
f 1035/476/911 958/477/912 1032/478/913
f 956/479/914 957/450/885 971/480/915
f 992/467/902 1007/481/916 1008/482/917
f 984/471/906 1008/482/917 1009/483/918
f 968/464/899 982/484/919 948/463/898
f 1003/485/920 983/486/921 968/464/899
f 969/468/903 1009/483/918 1010/469/904
f 1005/487/922 999/488/923 991/489/924
f 982/484/919 991/489/924 990/490/925
f 1004/491/926 991/489/924 983/486/921
f 991/489/924 998/492/927 990/490/925
f 986/493/928 993/465/900 985/470/905
f 1012/451/886 1000/447/882 1013/452/887
f 1004/491/926 1010/469/904 1009/483/918
f 1005/487/922 1009/483/918 1008/482/917
f 1008/482/917 1006/494/929 1005/487/922
f 1011/455/890 1003/485/920 1002/462/897
f 1012/451/886 1002/462/897 1001/445/880
f 1038/495/930 958/477/912 997/496/931
f 997/496/931 1037/497/932 1038/495/930
f 971/480/915 1023/498/933 1037/497/932
f 1022/499/934 1037/497/932 1023/498/933
f 1036/500/935 1053/501/936 1052/502/937
f 1029/503/938 973/446/881 961/454/889
f 1024/504/939 1029/503/938 1026/505/940
f 1028/506/941 1017/507/942 1029/503/938
f 1043/83/943 1014/508/944 1028/506/941
f 1028/506/941 1061/85/945 1043/83/943
f 1031/509/946 1027/510/947 1030/511/948
f 1024/504/939 1027/510/947 1025/512/949
f 1066/86/85 1025/513/949 1031/514/946
f 1024/504/939 1060/84/950 1061/85/945
f 1067/515/951 1041/516/952 1065/79/953
f 1066/86/85 1042/517/951 1067/515/951
f 1031/514/946 1059/518/954 1066/86/85
f 1065/79/953 1045/519/955 1064/88/956
f 1070/119/87 1045/519/955 1044/520/957
f 1071/521/958 1064/88/956 1070/119/87
f 1068/116/959 1046/522/960 1071/521/958
f 1000/447/882 1017/507/942 1016/523/961
f 1014/508/944 1016/523/961 1017/507/942
f 1015/524/962 1055/525/963 1056/75/964
f 1016/523/961 1013/452/887 1000/447/882
f 1020/526/965 1013/452/887 1021/527/966
f 1023/498/933 972/449/884 1020/526/965
f 1015/524/962 1021/527/966 1016/523/961
f 1057/77/967 1015/524/962 1056/75/964
f 1020/526/965 1022/499/934 1023/498/933
f 1022/499/934 1054/528/968 1053/501/936
f 1048/529/969 1020/526/965 1021/527/966
f 1058/90/970 1018/530/971 1057/77/967
f 1048/529/969 1058/90/970 1069/531/972
f 1069/531/972 1047/89/973 1068/116/959
f 1069/531/972 1019/532/974 1048/529/969
f 1021/527/966 1018/530/971 1048/529/969
f 1044/520/957 1063/533/975 1070/119/87
f 1036/500/935 1038/495/930 1037/497/932
f 1036/500/935 1051/534/976 1039/535/977
f 1032/478/913 1034/536/978 1035/476/911
f 1032/478/913 1039/537/977 1033/538/979
f 1039/535/977 1050/539/980 1033/540/979
f 1033/540/979 1050/539/980 1074/541/981
f 1072/123/982 1062/542/983 1073/543/984
f 1072/123/982 1040/544/985 1049/545/986
f 1073/543/984 1062/542/983 1074/541/981
f 1049/545/986 1062/542/983 1072/123/982
f 1033/540/979 1074/541/981 1034/546/978
f 1074/541/981 1062/542/983 1034/546/978
f 1062/542/983 1049/545/986 1034/546/978
f 948/463/898 981/547/987 967/548/988
f 982/484/919 989/549/989 981/547/987
f 990/490/925 938/550/990 989/549/989
f 989/549/989 1076/551/991 1075/29/992
f 981/547/987 1075/29/992 1077/552/993
f 988/553/994 1083/27/995 1081/25/996
f 937/554/997 1081/25/996 1082/555/998
f 967/548/988 1077/552/993 1078/556/999
f 961/454/889 1026/505/940 1029/503/938
f 953/557/1000 1027/510/947 962/558/1001
f 1026/505/940 962/558/1001 1027/510/947
f 967/548/988 966/461/896 948/463/898
f 974/559/1002 945/459/894 960/560/1003
f 960/560/1003 966/461/896 977/561/1004
f 977/561/1004 1078/556/999 1085/562/1005
f 960/560/1003 1085/562/1005 1086/563/1006
f 980/564/1007 1084/565/1008 1083/27/995
f 943/566/1009 962/558/1001 932/567/1010
f 932/567/1010 974/559/1002 960/560/1003
f 1086/563/1006 932/567/1010 960/560/1003
f 1087/568/1011 949/569/1012 952/570/1013
f 1087/568/1011 1080/571/1014 1088/41/1015
f 1089/40/1016 932/567/1010 1079/572/1017
f 1088/41/1015 943/566/1009 1089/40/1016
f 1091/7/1018 934/573/1019 1090/574/1020
f 941/475/910 934/573/1019 933/575/1021
f 995/576/1022 1096/577/1023 1095/6/1024
f 946/448/883 976/578/1025 965/458/893
f 951/472/907 976/578/1025 970/579/1026
f 970/579/1026 985/470/905 951/472/907
f 954/580/1027 947/581/1028 958/477/912
f 947/581/1028 997/496/931 958/477/912
f 971/480/915 996/582/1029 956/479/914
f 979/583/1030 956/479/914 996/582/1029
f 996/582/1029 964/584/1031 979/583/1030
f 994/474/909 935/585/1032 934/573/1019
f 935/585/1032 1090/574/1020 934/573/1019
f 986/493/928 936/586/1033 935/585/1032
f 976/578/1025 936/586/1033 970/579/1026
f 935/585/1032 1098/587/1034 1092/9/1035
f 1098/587/1034 936/586/1033 1099/14/1036
f 1100/13/1037 936/586/1033 979/583/1030
f 964/584/1031 1100/13/1037 979/583/1030
f 987/588/1038 1095/6/1024 1097/589/1039
f 947/581/1028 944/590/1040 964/584/1031
f 964/584/1031 944/590/1040 1094/591/1041
f 944/590/1040 963/592/1042 1094/591/1041
f 1101/593/1043 964/584/1031 1094/591/1041
f 950/594/1044 1094/591/1041 963/592/1042
f 950/594/1044 1103/595/1045 1102/596/1046
f 987/588/1038 1103/595/1045 950/594/1044
f 1102/596/1046 1101/593/1043 1094/591/1041
f 1138/597/1047 1164/598/1048 1163/599/1049
f 1137/600/1050 1111/601/1051 1122/602/1052
f 1173/603/1053 1137/600/1050 1174/604/1054
f 1124/605/1055 1126/606/1056 1110/607/1057
f 1172/608/1058 1120/609/1059 1173/603/1053
f 1120/609/1059 1130/610/1060 1111/601/1051
f 1143/611/1061 1110/607/1057 1131/612/1062
f 1165/613/1063 1124/605/1055 1143/611/1061
f 1143/611/1061 1113/614/1064 1133/615/1065
f 1158/616/1066 939/466/901 940/473/908
f 1133/615/1065 1165/613/1063 1143/611/1061
f 1130/610/1060 1134/617/1067 1116/618/1068
f 1171/619/1069 1140/620/1070 1172/608/1058
f 1157/621/1071 1150/622/1072 1149/623/1073
f 1116/618/1068 1149/623/1073 1150/622/1072
f 940/473/908 1159/624/1074 1158/616/1066
f 1196/625/1075 1123/626/1076 1119/627/1077
f 1122/602/1052 1121/628/1078 1136/629/1079
f 1157/621/1071 1007/481/916 939/466/901
f 1149/623/1073 1169/630/1080 1157/621/1071
f 1147/631/1081 1133/615/1065 1113/614/1064
f 1166/632/1082 1148/633/1083 1167/634/1084
f 1134/617/1067 1170/635/1085 1149/623/1073
f 999/488/923 1168/636/1086 1156/637/1087
f 1147/631/1081 1156/637/1087 1148/633/1083
f 1167/634/1084 1156/637/1087 1168/636/1086
f 1156/637/1087 998/492/927 999/488/923
f 1151/638/1088 1158/616/1066 1159/624/1074
f 1173/603/1053 1163/599/1049 1164/598/1048
f 1171/619/1069 1167/634/1084 1170/635/1085
f 1170/635/1085 1168/636/1086 1169/630/1080
f 1169/630/1080 1006/494/929 1007/481/916
f 1166/632/1082 1172/608/1058 1165/613/1063
f 1173/603/1053 1165/613/1063 1172/608/1058
f 1199/639/1089 1123/626/1076 1193/640/1090
f 1198/641/1091 1162/642/1092 1199/639/1089
f 1184/643/1093 1136/629/1079 1198/641/1091
f 1198/641/1091 1183/644/1094 1184/643/1093
f 1214/645/1095 1197/646/1096 1213/647/1097
f 1190/648/1098 1138/597/1047 1178/649/1099
f 1185/650/1100 1190/648/1098 1189/651/1101
f 1189/651/1101 1178/649/1099 1175/652/1102
f 1204/653/1103 1175/652/1102 1216/654/1104
f 1189/651/1101 1222/655/1105 1185/650/1100
f 1192/656/1106 1188/657/1107 1186/658/1108
f 1188/657/1107 1185/650/1100 1186/658/1108
f 1227/659/1109 1186/660/1108 1221/661/1110
f 1185/650/1100 1221/661/1110 1186/660/1108
f 1228/662/1111 1202/663/1112 1203/664/1111
f 1227/659/1109 1203/664/1111 1220/665/1113
f 1192/666/1106 1227/659/1109 1220/665/1113
f 1226/667/1114 1206/668/1115 1202/663/1112
f 1231/669/105 1206/668/1115 1225/670/1116
f 1232/671/1117 1225/670/1116 1207/672/1118
f 1229/673/1119 1207/672/1118 1208/674/1120
f 1163/599/1049 1178/649/1099 1138/597/1047
f 1175/652/1102 1177/675/1121 1176/676/1122
f 1176/676/1122 1216/654/1104 1175/652/1102
f 1177/675/1121 1174/604/1054 1182/677/1123
f 1181/678/1124 1174/604/1054 1137/600/1050
f 1184/643/1093 1137/600/1050 1122/602/1052
f 1182/677/1123 1176/676/1122 1177/675/1121
f 1218/679/1125 1176/676/1122 1179/680/1126
f 1181/678/1124 1183/644/1094 1180/681/1127
f 1183/644/1094 1215/682/1128 1180/681/1127
f 1209/683/1129 1181/678/1124 1180/681/1127
f 1219/684/1130 1179/680/1126 1209/683/1129
f 1209/683/1129 1230/685/1131 1219/684/1130
f 1230/685/1131 1208/674/1120 1219/684/1130
f 1230/685/1131 1180/681/1127 1215/682/1128
f 1182/677/1123 1209/683/1129 1179/680/1126
f 1205/686/1132 1224/687/1133 1201/688/1134
f 1199/639/1089 1197/646/1096 1198/641/1091
f 1197/646/1096 1212/689/1135 1213/647/1097
f 1193/640/1090 1195/690/1136 1194/691/1137
f 1200/692/1138 1193/640/1090 1194/691/1137
f 1200/693/1138 1211/694/1139 1212/689/1135
f 1194/695/1137 1235/696/1140 1211/694/1139
f 1233/697/1141 1234/698/1142 1223/699/1143
f 1233/697/1141 1201/688/1134 1224/687/1133
f 1234/698/1142 1235/696/1140 1223/699/1143
f 1210/700/1144 1233/697/1141 1223/699/1143
f 1194/695/1137 1195/701/1136 1235/696/1140
f 1235/696/1140 1195/701/1136 1223/699/1143
f 1195/701/1136 1210/700/1144 1223/699/1143
f 1146/702/1145 1113/614/1064 1132/703/1146
f 1154/704/1147 1147/631/1081 1146/702/1145
f 938/550/990 1155/705/1148 1154/704/1147
f 1076/551/991 1154/704/1147 1236/706/1149
f 1236/706/1149 1146/702/1145 1237/707/1150
f 1242/708/1151 1153/709/1152 1241/60/1153
f 1241/60/1153 937/554/997 1082/555/998
f 1132/703/1146 1237/707/1150 1146/702/1145
f 1126/606/1056 1187/710/1154 1139/711/1155
f 1188/657/1107 1118/712/1156 1127/713/1157
f 1127/713/1157 1187/710/1154 1188/657/1107
f 1131/612/1062 1132/703/1146 1113/614/1064
f 1139/711/1155 1110/607/1057 1126/606/1056
f 1125/714/1158 1131/612/1062 1110/607/1057
f 1142/715/1159 1238/716/1160 1132/703/1146
f 1125/714/1158 1244/717/1161 1142/715/1159
f 1145/718/1162 1243/719/1163 1114/720/1164
f 1108/721/1165 1127/713/1157 1118/712/1156
f 1104/722/1166 1139/711/1155 1127/713/1157
f 1245/723/1167 1104/722/1166 1239/724/1168
f 1246/725/1169 1114/720/1164 1243/719/1163
f 1246/725/1169 1240/726/1170 1117/727/1171
f 1248/728/1172 1104/722/1166 1108/721/1165
f 1108/721/1165 1247/729/1173 1248/728/1172
f 1091/7/1018 1105/730/1174 933/575/1021
f 941/475/910 1105/730/1174 1159/624/1074
f 1096/577/1023 1160/731/1175 1253/732/1176
f 1141/733/1177 1111/601/1051 1130/610/1060
f 1116/618/1068 1141/733/1177 1130/610/1060
f 1135/734/1178 1150/622/1072 1151/638/1088
f 1119/627/1077 1112/735/1179 1109/736/1180
f 1162/642/1092 1112/735/1179 1123/626/1076
f 1161/737/1181 1136/629/1079 1121/628/1078
f 1144/738/1182 1121/628/1078 1141/733/1177
f 1161/737/1181 1129/739/1183 1112/735/1179
f 1159/624/1074 1106/740/1184 1151/638/1088
f 1249/741/1185 1106/740/1184 1105/730/1174
f 1151/638/1088 1107/742/1186 1135/734/1178
f 1141/733/1177 1107/742/1186 1144/738/1182
f 1106/740/1184 1255/743/1187 1107/742/1186
f 1255/743/1187 1256/744/1188 1107/742/1186
f 1257/745/1189 1107/742/1186 1256/744/1188
f 1129/739/1183 1257/745/1189 1251/746/1190
f 1152/747/1191 1253/732/1176 1160/731/1175
f 1112/735/1179 1129/739/1183 1109/736/1180
f 1129/739/1183 1252/748/1192 1109/736/1180
f 1109/736/1180 1252/748/1192 1128/749/1193
f 1258/750/1194 1129/739/1183 1251/746/1190
f 1115/751/1195 1252/748/1192 1259/752/1196
f 1115/751/1195 1259/752/1196 1260/753/1197
f 1152/747/1191 1260/753/1197 1254/754/1198
f 1259/752/1196 1252/748/1192 1258/750/1194
f 1337/755/1199 1284/756/1200 1274/757/1201
f 1275/758/1202 1294/759/1203 1282/760/1204
f 1274/757/1201 1297/761/1205 1289/762/1206
f 1277/763/1207 1297/761/1205 1291/764/1208
f 1312/765/1209 1268/766/1210 1311/767/1211
f 1319/768/1212 1291/764/1208 1297/761/1205
f 1288/769/1213 1292/770/1214 1294/759/1203
f 1294/759/1203 1327/771/1215 1328/772/1216
f 1311/767/1211 1304/773/1217 1312/765/1209
f 1303/774/1218 1280/775/1219 1304/773/1217
f 1269/776/1220 1313/777/1221 1270/778/1222
f 1311/767/1211 1324/779/1223 1325/780/1224
f 1303/774/1218 1325/780/1224 1326/781/1225
f 1277/763/1207 1302/782/1226 1301/783/1227
f 1320/784/1228 1302/782/1226 1291/764/1208
f 1292/770/1214 1326/781/1225 1327/771/1215
f 1322/785/1229 1317/786/1230 1310/787/1231
f 1301/783/1227 1310/787/1231 1309/788/1232
f 1321/789/1233 1310/787/1231 1302/782/1226
f 1310/787/1231 1316/790/1234 1309/788/1232
f 1305/791/1235 1312/765/1209 1304/773/1217
f 1321/789/1233 1327/771/1215 1326/781/1225
f 1322/785/1229 1326/781/1225 1325/780/1224
f 1325/780/1224 1323/792/1236 1322/785/1229
f 1328/772/1216 1320/784/1228 1319/768/1212
f 1274/757/1201 1335/793/1237 1337/755/1199
f 1426/794/1238 1330/795/1239 1337/755/1199
f 1337/755/1199 1427/796/1240 1426/794/1238
f 1277/763/1207 1300/797/1241 1290/798/1242
f 1301/783/1227 1308/799/1243 1300/797/1241
f 1309/788/1232 1267/550/1244 1308/799/1243
f 1308/799/1243 1405/800/1245 1406/801/1246
f 1300/797/1241 1406/801/1246 1407/802/1247
f 1307/803/1248 1416/804/1249 1417/805/1250
f 1266/806/1251 1417/805/1250 1418/807/1252
f 1290/798/1242 1407/802/1247 1408/808/1253
f 1335/793/1237 1261/809/1254 1336/810/1255
f 1290/798/1242 1289/762/1206 1277/763/1207
f 1285/811/1256 1289/762/1206 1296/812/1257
f 1296/812/1257 1408/808/1253 1409/813/1258
f 1285/811/1256 1409/813/1258 1410/814/1259
f 1299/815/1260 1415/816/1261 1416/804/1249
f 1410/814/1259 1261/809/1254 1285/811/1256
f 1414/817/1262 1278/818/1263 1281/819/1264
f 1414/817/1262 1381/820/1265 1413/821/1266
f 1412/822/1267 1261/809/1254 1411/823/1268
f 1413/821/1266 1272/824/1269 1412/822/1267
f 1450/825/1270 1263/826/1271 1451/827/1272
f 1270/778/1222 1263/826/1271 1262/828/1273
f 1314/829/1274 1449/830/1275 1448/831/1276
f 1275/758/1202 1295/832/1277 1288/769/1213
f 1280/775/1219 1295/832/1277 1293/833/1278
f 1293/833/1278 1304/773/1217 1280/775/1219
f 1313/777/1221 1264/834/1279 1263/826/1271
f 1406/801/1246 1377/551/1280 1376/835/1281
f 1407/802/1247 1376/835/1281 1378/836/1282
f 1408/808/1253 1378/836/1282 1379/837/1283
f 1409/813/1258 1379/837/1283 1386/838/1284
f 1410/814/1259 1386/838/1284 1387/839/1285
f 1387/839/1285 1411/823/1268 1410/814/1259
f 1390/840/1286 1411/823/1268 1380/841/1287
f 1389/842/1288 1412/822/1267 1390/840/1286
f 1414/817/1262 1389/842/1288 1388/843/1289
f 1388/843/1289 1415/816/1261 1414/817/1262
f 1416/804/1249 1385/844/1290 1384/845/1291
f 1382/846/1292 1416/804/1249 1384/845/1291
f 1418/807/1252 1382/846/1292 1383/847/1293
f 1330/795/1239 1318/848/1294 1284/756/1200
f 1328/772/1216 1282/760/1204 1294/759/1203
f 1284/756/1200 1319/768/1212 1297/761/1205
f 1329/849/1295 1319/768/1212 1318/848/1294
f 1331/850/1296 1425/851/1297 1424/852/1298
f 1425/851/1297 1359/853/1299 1424/852/1298
f 1358/854/1300 1426/794/1238 1346/855/1301
f 1427/796/1240 1346/855/1301 1426/794/1238
f 1334/856/1302 1283/857/1303 1275/758/1202
f 1356/858/1304 1431/859/1305 1430/860/1306
f 1333/861/1307 1275/758/1202 1282/760/1204
f 1315/862/1308 1341/863/1309 1342/864/1310
f 1355/865/1311 1433/866/1312 1431/859/1305
f 1329/849/1295 1331/850/1296 1332/867/1313
f 1341/863/1309 1430/860/1306 1431/859/1305
f 1433/866/1312 1341/863/1309 1431/859/1305
f 1429/868/1314 1336/869/1255 1338/870/1315
f 1335/793/1237 1428/871/1316 1427/796/1240
f 1429/868/1314 1345/872/1317 1419/873/1318
f 1368/874/1319 1429/868/1314 1419/873/1318
f 1336/810/1255 1272/824/1269 1338/875/1315
f 1363/876/1320 1428/871/1316 1362/877/1321
f 1367/878/1322 1428/871/1316 1429/868/1314
f 1354/879/1323 1434/880/1324 1433/866/1312
f 1276/881/1325 1342/864/1310 1339/882/1326
f 1434/880/1324 1342/883/1310 1433/866/1312
f 1435/884/1327 1373/885/1328 1422/886/1329
f 1375/887/1330 1435/884/1327 1438/888/1331
f 1437/889/1332 1340/890/1333 1273/891/1334
f 1438/888/1331 1353/892/1335 1375/887/1330
f 1435/884/1327 1352/893/1336 1340/894/1333
f 1438/888/1331 1339/895/1326 1434/880/1324
f 1276/881/1325 1437/889/1332 1273/891/1334
f 1437/896/1332 1435/884/1327 1340/894/1333
f 1373/885/1328 1421/897/1337 1422/886/1329
f 1422/886/1329 1343/898/1338 1352/893/1336
f 1344/899/1339 1419/873/1318 1345/872/1317
f 1419/873/1318 1366/900/1340 1368/874/1319
f 1357/901/1341 1430/860/1306 1432/902/1342
f 1334/856/1302 1432/902/1342 1430/860/1306
f 1421/897/1337 1347/903/1343 1343/898/1338
f 1445/904/1344 1441/905/1345 1444/906/1346
f 1439/907/1347 1348/908/1348 1347/903/1343
f 1440/909/1349 1442/910/1350 1445/904/1344
f 1420/911/1351 1365/912/1352 1366/900/1340
f 1421/897/1337 1371/913/1353 1439/907/1347
f 1420/911/1351 1348/908/1348 1440/909/1349
f 1442/910/1350 1369/914/1354 1441/905/1345
f 1442/910/1350 1371/913/1353 1372/915/1355
f 1445/904/1344 1365/912/1352 1440/909/1349
f 1350/916/1356 1445/904/1344 1444/906/1346
f 1423/917/1357 1331/850/1296 1424/852/1298
f 1360/918/1358 1424/852/1298 1359/853/1299
f 1443/919/1359 1332/867/1313 1423/917/1357
f 1351/920/1360 1282/760/1204 1329/849/1295
f 1329/849/1295 1332/867/1313 1351/920/1360
f 1444/906/1346 1436/921/1361 1443/919/1359
f 1370/922/1362 1432/902/1342 1436/921/1361
f 1443/919/1359 1436/921/1361 1351/920/1360
f 1333/861/1307 1436/921/1361 1432/902/1342
f 1441/905/1345 1370/922/1362 1436/921/1361
f 1444/906/1346 1361/923/1363 1350/916/1356
f 1423/917/1357 1361/923/1363 1443/919/1359
f 1448/831/1276 1397/924/1364 1396/925/1365
f 1392/926/1366 1451/827/1272 1391/927/1367
f 1298/928/1368 1283/857/1303 1315/862/1308
f 1264/834/1279 1451/827/1272 1263/826/1271
f 1305/791/1235 1265/929/1369 1264/834/1279
f 1295/832/1277 1265/929/1369 1293/833/1278
f 1264/834/1279 1453/930/1370 1452/931/1371
f 1454/932/1372 1399/933/1373 1453/930/1370
f 1455/934/1374 1400/935/1375 1454/932/1372
f 1456/936/1376 1401/937/1377 1455/934/1374
f 1306/938/1378 1448/831/1276 1447/939/1379
f 1315/862/1308 1287/940/1380 1298/928/1368
f 1398/941/1381 1446/942/1382 1447/939/1379
f 1396/925/1365 1447/939/1379 1448/831/1276
f 1391/927/1367 1452/931/1371 1393/943/1383
f 1399/933/1373 1452/931/1371 1453/930/1370
f 1455/934/1374 1287/940/1380 1456/936/1376
f 1265/929/1369 1455/934/1374 1454/932/1372
f 1453/930/1370 1265/929/1369 1454/932/1372
f 1402/944/1384 1456/936/1376 1457/945/1385
f 1446/942/1382 1403/946/1386 1458/947/1387
f 1306/938/1378 1446/942/1382 1279/948/1388
f 1403/946/1386 1457/945/1385 1458/947/1387
f 1287/940/1380 1276/881/1325 1395/949/1389
f 1276/881/1325 1273/891/1334 1395/949/1389
f 1273/891/1334 1286/950/1390 1395/949/1389
f 1446/942/1382 1458/947/1387 1279/948/1388
f 1457/945/1385 1395/949/1389 1458/947/1387
f 1287/940/1380 1457/945/1385 1456/936/1376
f 1279/948/1388 1395/949/1389 1286/950/1390
f 1475/951/1391 1524/952/1392 1465/953/1393
f 1485/954/1394 1466/955/1395 1473/956/1396
f 1488/957/1397 1465/953/1393 1480/958/1398
f 1488/957/1397 1468/959/1399 1482/960/1400
f 1503/961/1401 1268/766/1210 1269/776/1220
f 1482/960/1400 1508/962/1402 1488/957/1397
f 1479/963/1403 1483/964/1404 1471/965/1405
f 1514/966/1406 1485/954/1394 1515/967/1407
f 1502/968/1408 1495/969/1409 1494/970/1410
f 1471/965/1405 1494/970/1410 1495/969/1409
f 1269/776/1220 1504/971/1411 1503/961/1401
f 1502/968/1408 1324/779/1223 1268/766/1210
f 1494/970/1410 1512/972/1412 1502/968/1408
f 1468/959/1399 1493/973/1413 1482/960/1400
f 1509/974/1414 1493/973/1413 1510/975/1415
f 1483/964/1404 1513/976/1416 1494/970/1410
f 1317/786/1230 1511/977/1417 1501/978/1418
f 1492/979/1419 1501/978/1418 1493/973/1413
f 1510/975/1415 1501/978/1418 1511/977/1417
f 1501/978/1418 1316/790/1234 1317/786/1230
f 1496/980/1420 1503/961/1401 1504/971/1411
f 1514/966/1406 1510/975/1415 1513/976/1416
f 1513/976/1416 1511/977/1417 1512/972/1412
f 1512/972/1412 1323/792/1236 1324/779/1223
f 1509/974/1414 1515/967/1407 1508/962/1402
f 1465/953/1393 1522/981/1421 1476/982/1422
f 1607/983/1423 1517/984/1424 1606/985/1425
f 1524/952/1392 1608/986/1426 1522/981/1421
f 1491/987/1427 1468/959/1399 1481/988/1428
f 1499/989/1429 1492/979/1419 1491/987/1427
f 1267/550/1244 1500/990/1430 1499/989/1429
f 1405/800/1245 1499/989/1429 1588/991/1431
f 1588/991/1431 1491/987/1427 1589/992/1432
f 1598/993/1433 1498/994/1434 1599/995/1435
f 1599/995/1435 1266/806/1251 1418/807/1252
f 1481/988/1428 1589/992/1432 1491/987/1427
f 1459/996/1436 1522/981/1421 1523/997/1437
f 1480/958/1398 1481/988/1428 1468/959/1399
f 1476/982/1422 1480/958/1398 1465/953/1393
f 1487/998/1438 1590/999/1439 1481/988/1428
f 1476/982/1422 1591/1000/1440 1487/998/1438
f 1490/1001/1441 1597/1002/1442 1469/1003/1443
f 1592/1004/1444 1459/996/1436 1593/1005/1445
f 1596/1006/1446 1469/1003/1443 1597/1002/1442
f 1596/1006/1446 1567/1007/1447 1472/1008/1448
f 1594/1009/1449 1459/996/1436 1463/1010/1450
f 1463/1010/1450 1595/1011/1451 1594/1009/1449
f 1450/825/1270 1460/1012/1452 1262/828/1273
f 1270/778/1222 1460/1012/1452 1504/971/1411
f 1449/830/1275 1505/1013/1453 1629/1014/1454
f 1486/1015/1455 1466/955/1395 1479/963/1403
f 1471/965/1405 1486/1015/1455 1479/963/1403
f 1484/1016/1456 1495/969/1409 1496/980/1420
f 1504/971/1411 1461/1017/1457 1496/980/1420
f 1377/551/1280 1588/991/1431 1563/1018/1458
f 1563/1018/1458 1589/992/1432 1564/1019/1459
f 1590/999/1439 1564/1019/1459 1589/992/1432
f 1591/1000/1440 1565/1020/1460 1590/999/1439
f 1592/1004/1444 1571/1021/1461 1591/1000/1440
f 1572/1022/1462 1593/1005/1445 1566/1023/1463
f 1575/1024/1464 1593/1005/1445 1594/1009/1449
f 1594/1009/1449 1574/1025/1465 1575/1024/1464
f 1574/1025/1465 1596/1006/1446 1573/1026/1466
f 1573/1026/1466 1597/1002/1442 1570/1027/1467
f 1598/993/1433 1570/1027/1467 1597/1002/1442
f 1568/1028/1468 1598/993/1433 1599/995/1435
f 1568/1028/1468 1418/807/1252 1383/847/1293
f 1517/984/1424 1507/1029/1469 1518/1030/1470
f 1515/967/1407 1473/956/1396 1516/1031/1471
f 1475/951/1391 1508/962/1402 1507/1029/1469
f 1516/1031/1471 1508/962/1402 1515/967/1407
f 1518/1030/1470 1606/985/1425 1517/984/1424
f 1606/985/1425 1546/1032/1472 1545/1033/1473
f 1607/983/1423 1545/1033/1473 1533/1034/1474
f 1608/986/1426 1533/1034/1474 1550/1035/1475
f 1474/1036/1476 1521/1037/1477 1466/955/1395
f 1612/1038/1478 1543/1039/1479 1611/1040/1480
f 1466/955/1395 1520/1041/1481 1473/956/1396
f 1528/1042/1482 1506/1043/1483 1529/1044/1484
f 1614/1045/1485 1542/1046/1486 1612/1038/1478
f 1518/1030/1470 1516/1031/1471 1519/1047/1487
f 1611/1040/1480 1528/1042/1482 1612/1038/1478
f 1614/1045/1485 1528/1042/1482 1529/1048/1484
f 1610/1049/1488 1523/1050/1437 1609/1051/1489
f 1522/981/1421 1609/1051/1489 1523/1050/1437
f 1532/1052/1490 1610/1049/1488 1600/1053/1491
f 1610/1049/1488 1555/1054/1492 1600/1053/1491
f 1463/1010/1450 1523/997/1437 1525/1055/1493
f 1609/1051/1489 1550/1035/1475 1549/1056/1494
f 1554/1057/1495 1609/1051/1489 1549/1056/1494
f 1615/1058/1496 1541/1059/1497 1614/1045/1485
f 1529/1044/1484 1467/1060/1498 1526/1061/1499
f 1615/1058/1496 1529/1048/1484 1526/1062/1499
f 1560/1063/1500 1616/1064/1501 1603/1065/1502
f 1616/1064/1501 1562/1066/1503 1619/1067/1504
f 1618/1068/1505 1464/1069/1506 1527/1070/1507
f 1540/1071/1508 1619/1067/1504 1562/1066/1503
f 1616/1064/1501 1539/1072/1509 1603/1065/1502
f 1619/1067/1504 1526/1062/1499 1618/1073/1505
f 1467/1060/1498 1618/1068/1505 1526/1061/1499
f 1616/1064/1501 1618/1073/1505 1527/1074/1507
f 1560/1063/1500 1602/1075/1510 1551/1076/1511
f 1603/1065/1502 1530/1077/1512 1602/1075/1510
f 1531/1078/1513 1600/1053/1491 1601/1079/1514
f 1553/1080/1515 1600/1053/1491 1555/1054/1492
f 1544/1081/1516 1611/1040/1480 1543/1039/1479
f 1521/1037/1477 1613/1082/1517 1520/1041/1481
f 1602/1075/1510 1534/1083/1518 1620/1084/1519
f 1626/1085/1520 1622/1086/1521 1623/1087/1522
f 1620/1084/1519 1535/1088/1523 1621/1089/1524
f 1621/1089/1524 1623/1087/1522 1620/1084/1519
f 1601/1079/1514 1552/1090/1525 1621/1089/1524
f 1602/1075/1510 1558/1091/1526 1551/1076/1511
f 1601/1079/1514 1535/1088/1523 1531/1078/1513
f 1623/1087/1522 1556/1092/1527 1559/1093/1528
f 1623/1087/1522 1558/1091/1526 1620/1084/1519
f 1552/1090/1525 1626/1085/1520 1621/1089/1524
f 1626/1085/1520 1537/1094/1529 1625/1095/1530
f 1604/1096/1531 1518/1030/1470 1519/1047/1487
f 1547/1097/1532 1605/1098/1533 1604/1096/1531
f 1519/1047/1487 1624/1099/1534 1604/1096/1531
f 1538/1100/1535 1473/956/1396 1520/1041/1481
f 1516/1031/1471 1538/1100/1535 1519/1047/1487
f 1625/1095/1530 1617/1101/1536 1622/1086/1521
f 1557/1102/1537 1613/1082/1517 1544/1081/1516
f 1624/1099/1534 1538/1100/1535 1617/1101/1536
f 1520/1041/1481 1617/1101/1536 1538/1100/1535
f 1622/1086/1521 1557/1102/1537 1556/1092/1527
f 1625/1095/1530 1548/1103/1538 1624/1099/1534
f 1604/1096/1531 1548/1103/1538 1547/1097/1532
f 1397/924/1364 1629/1014/1454 1580/1104/1539
f 1392/926/1366 1630/1105/1540 1450/825/1270
f 1489/1106/1541 1474/1036/1476 1486/1015/1455
f 1630/1105/1540 1461/1017/1457 1460/1012/1452
f 1496/980/1420 1462/1107/1542 1484/1016/1456
f 1486/1015/1455 1462/1107/1542 1489/1106/1541
f 1461/1017/1457 1632/1108/1543 1462/1107/1542
f 1582/1109/1544 1633/1110/1545 1632/1108/1543
f 1634/1111/1546 1583/1112/1547 1584/1113/1548
f 1635/1114/1549 1584/1113/1548 1578/1115/1550
f 1497/1116/1551 1629/1014/1454 1505/1013/1453
f 1506/1043/1483 1478/1117/1552 1467/1060/1498
f 1581/1118/1553 1627/1119/1554 1587/1120/1555
f 1580/1104/1539 1628/1121/1556 1581/1118/1553
f 1631/1122/1557 1576/1123/1558 1577/1124/1559
f 1582/1109/1544 1631/1122/1557 1577/1124/1559
f 1634/1111/1546 1478/1117/1552 1489/1106/1541
f 1634/1111/1546 1462/1107/1542 1633/1110/1545
f 1632/1108/1543 1633/1110/1545 1462/1107/1542
f 1585/1125/1560 1635/1114/1549 1578/1115/1550
f 1627/1119/1554 1586/1126/1561 1587/1120/1555
f 1497/1116/1551 1627/1119/1554 1628/1121/1556
f 1586/1126/1561 1636/1127/1562 1585/1125/1560
f 1478/1117/1552 1579/1128/1563 1467/1060/1498
f 1467/1060/1498 1579/1128/1563 1464/1069/1506
f 1464/1069/1506 1579/1128/1563 1477/1129/1564
f 1627/1119/1554 1470/1130/1565 1637/1131/1566
f 1636/1127/1562 1637/1131/1566 1579/1128/1563
f 1478/1117/1552 1636/1127/1562 1579/1128/1563
f 1579/1128/1563 1470/1130/1565 1477/1129/1564
f 2073/1132/1567 1689/1133/1568 1673/1134/1569
f 1688/1135/1570 1696/1136/1571 2085/1137/1572
f 1695/1138/1573 2085/1137/1572 1696/1136/1571
f 1688/1135/1570 2086/1139/1574 1696/1140/1571
f 1697/1141/1575 2086/1139/1574 1689/1133/1568
f 1689/1133/1568 2087/1142/1576 1697/1141/1575
f 2091/1143/1577 1694/1144/1578 1702/1145/1579
f 1687/1146/1580 1695/1138/1573 2092/1147/1581
f 1702/1145/1579 2092/1147/1581 1695/1138/1573
f 1695/1138/1573 1704/1148/1582 1703/1149/1583
f 1697/1141/1575 1704/1150/1582 1696/1140/1571
f 1702/1145/1579 1703/1149/1583 1710/1151/1584
f 1703/1149/1583 1704/1148/1582 1711/1152/800
f 1704/1150/1582 1705/1153/1585 1711/1154/800
f 1710/1151/1584 1703/1149/1583 1711/1152/800
f 1719/1155/1586 1724/1156/1587 1725/1157/1588
f 1725/1157/1588 1638/1158/1589 1719/1155/1586
f 1717/1159/1590 1726/1160/1591 1724/1156/1587
f 1980/1161/1592 1726/1160/1591 1720/1162/1593
f 1983/1163/1594 1647/1164/1595 1884/1165/1596
f 1983/1163/1594 1656/1166/1597 1654/1167/1598
f 1906/1168/1599 1660/1169/1600 1648/1170/1601
f 1884/1165/1596 1657/1171/1602 2003/1172/1603
f 1877/1173/1604 1740/1174/1605 1733/1175/1606
f 1798/336/1607 1836/1176/1608 1837/1177/1609
f 1797/1178/1610 1879/1179/1611 1887/1180/1612
f 1986/1181/1613 1888/1182/1614 1911/1183/1615
f 1888/1182/1614 1884/1165/1596 1757/1184/1616
f 1757/1184/1616 2003/1172/1603 1953/1185/1617
f 1963/1186/1618 1946/1187/1619 1862/1188/1620
f 1776/1189/1621 1992/1190/1622 1957/1191/1623
f 1862/1188/1620 1890/1192/1624 1803/1193/1625
f 1804/1194/1626 1946/1187/1619 1776/1189/1621
f 1806/1195/1627 1875/1196/1628 1778/1197/1629
f 1776/1189/1621 1891/1198/1630 1804/1194/1626
f 1892/1199/1631 1777/1200/1632 1805/1201/1633
f 1778/1197/1629 1892/1199/1631 1806/1195/1627
f 1995/1202/1634 1777/1200/1632 1965/1203/1635
f 1893/1204/1636 1966/1205/1637 1774/1206/1638
f 1994/1207/1639 1778/1197/1629 1964/1208/1640
f 1965/1203/1635 1876/1209/1641 1994/1207/1639
f 1957/1191/1623 1875/1196/1628 1776/1189/1621
f 1778/1197/1629 1993/1210/1642 1964/1208/1640
f 1805/1201/1633 1893/1204/1636 1928/1211/1643
f 1928/1211/1643 1774/1206/1638 1801/1212/1644
f 1896/1213/1645 1744/1214/1646 1750/1215/1647
f 1769/1216/1648 2002/1217/1649 1955/1218/1650
f 1968/1219/1651 1873/1220/1652 1771/1221/1653
f 1773/1222/1654 1998/1223/1655 1969/1224/1656
f 1773/1222/1654 1999/1225/1657 1874/1226/1658
f 1897/1227/1659 1769/1216/1648 1811/1228/1660
f 1871/1229/1661 1907/1230/1662 1908/1231/1663
f 1900/1232/1664 1773/1222/1654 1815/1233/1665
f 1771/1221/1653 1900/1232/1664 1813/1234/1666
f 1772/1235/1667 1901/1236/1668 1874/1226/1658
f 1815/1233/1665 1874/1226/1658 1901/1236/1668
f 1967/1237/1669 1903/1238/1670 1768/1239/1671
f 1771/1221/1653 1997/1240/1672 1968/1219/1651
f 1813/1234/1666 1903/1238/1670 1771/1221/1653
f 1768/1239/1671 1898/1241/1673 1810/1242/1674
f 1810/1242/1674 1927/1243/1675 1768/1239/1671
f 1801/1212/1644 1808/1244/1676 1809/1245/1677
f 1904/1246/1678 1822/1247/1679 1823/1248/1680
f 1823/1248/1680 1807/1249/1681 1816/1250/1682
f 1986/1181/1613 1648/1170/1601 1656/1166/1597
f 1954/1251/1683 1830/1252/1684 1831/1253/1685
f 1955/1218/1650 1831/1254/1685 1769/1216/1648
f 1912/1255/1686 1953/1185/1617 2003/1172/1603
f 2003/1172/1603 1650/1256/1687 1912/1255/1686
f 1651/1257/1688 1912/1255/1686 1650/1256/1687
f 1833/1258/1689 1830/1252/1684 1832/1259/1690
f 1831/1254/1685 1811/1228/1660 1769/1216/1648
f 1830/1252/1684 1913/1260/1691 1832/1259/1690
f 1749/1261/1692 1998/1223/1655 1968/1219/1651
f 1738/1262/1693 1997/1240/1672 1967/1237/1669
f 1905/1263/1694 1738/1262/1693 1821/1264/1695
f 1964/1208/1640 1940/1265/1696 1747/1266/1697
f 1837/1177/1609 1787/1267/1698 1797/1178/1610
f 1733/1175/1606 1924/1268/1699 1923/1269/1700
f 1923/1269/1700 1796/1270/1701 1733/1175/1606
f 1786/1271/1702 1887/1180/1612 1923/1269/1700
f 1798/336/1607 1838/1272/1703 1780/335/1704
f 1797/1178/1610 1838/1272/1703 1837/1177/1609
f 1820/1273/1705 1914/1274/1706 1905/1263/1694
f 1995/1202/1634 1843/1275/1707 1966/1205/1637
f 1929/1276/1708 1965/1203/1635 1748/1277/1709
f 1843/1275/1707 2040/1278/1710 2039/1279/1711
f 1929/1276/1708 2041/1280/1712 2040/1278/1710
f 1684/1281/1713 1800/1282/1714 2080/1283/1715
f 1932/1284/1716 1782/1285/1717 1834/1286/1718
f 1845/1287/1719 1782/1285/1717 1844/1288/1720
f 1842/1289/1721 1936/1290/1722 1841/1291/1723
f 1846/1292/1724 1931/1293/1725 1848/1294/1726
f 1652/1295/1727 1863/1296/1728 1866/1297/1729
f 1848/1298/1726 1853/1299/1730 1846/1300/1724
f 1851/1301/1731 1939/1302/1732 1856/1303/1733
f 1855/1304/1734 1937/1305/1735 1850/1306/1736
f 1938/1307/1737 1936/1290/1722 1846/1292/1724
f 1841/1291/1723 1990/1308/1738 1960/1309/1739
f 1845/1310/1719 1937/1305/1735 1851/1301/1731
f 1851/1311/1731 1834/1286/1718 1845/1287/1719
f 1959/1312/1740 1846/1300/1724 1853/1299/1730
f 1940/1265/1696 1740/1174/1605 1878/1313/1741
f 1746/1314/1742 1993/1210/1642 1957/1191/1623
f 1746/1314/1742 1924/1268/1699 1740/1174/1605
f 1748/1277/1709 1994/1207/1639 1942/1315/1743
f 1964/1208/1640 1942/1315/1743 1994/1207/1639
f 1958/1316/1744 1862/1188/1620 1828/1317/1745
f 1828/1317/1745 1803/1193/1625 1829/1318/1746
f 1829/1318/1746 1775/1319/1747 1828/1317/1745
f 1962/1320/1748 1828/1317/1745 1775/1319/1747
f 1783/1321/1749 1951/1322/1750 1825/1323/1751
f 1802/1324/1752 1947/1325/1753 1775/1319/1747
f 1842/1289/1721 1783/1321/1749 1825/1323/1751
f 1949/1326/1754 1737/1327/1755 1827/1328/1756
f 1841/1291/1723 1961/1329/1757 1783/1321/1749
f 1826/1330/1758 1855/1304/1734 1850/1306/1736
f 1989/1331/1759 1737/1327/1755 1950/1332/1760
f 1952/1333/1761 1945/1334/1762 1746/1314/1742
f 1824/1335/1763 1949/1326/1754 1827/1328/1756
f 1854/1336/1764 1949/1326/1754 1948/1337/1765
f 1783/1321/1749 1991/1338/1766 1947/1325/1753
f 1962/1320/1748 1947/1325/1753 1991/1338/1766
f 1957/1191/1623 1952/1333/1761 1746/1314/1742
f 1737/1327/1755 1992/1190/1622 1963/1186/1618
f 1653/1339/1767 1982/1340/1768 1658/1341/1769
f 1856/1342/1733 1959/1312/1740 1858/1343/1770
f 1960/1309/1739 1939/1302/1732 1855/1304/1734
f 1990/1308/1738 1856/1303/1733 1939/1302/1732
f 1854/1336/1764 1960/1309/1739 1855/1304/1734
f 1991/1338/1766 1824/1335/1763 1962/1320/1748
f 1948/1337/1765 1961/1329/1757 1854/1336/1764
f 1824/1335/1763 1958/1316/1744 1962/1320/1748
f 1963/1186/1618 1827/1328/1756 1737/1327/1755
f 1968/1219/1651 1914/1274/1706 1749/1261/1692
f 1969/1224/1656 1896/1213/1645 1750/1215/1647
f 1792/1344/1771 1917/1345/1772 1734/1346/1773
f 1734/1346/1773 1972/1347/1774 1792/1344/1771
f 1793/1348/1775 1918/1349/1776 1735/1350/1777
f 1866/1297/1729 1789/1351/1778 1847/1352/1779
f 1646/1353/1780 1864/1354/1781 1653/1339/1767
f 1865/1355/1782 1857/1356/1783 1864/1354/1781
f 1982/1340/1768 1645/1357/1784 1658/1341/1769
f 1863/1296/1728 1981/1358/1785 1789/1351/1778
f 1981/1358/1785 1864/1354/1781 1857/1356/1783
f 2072/1359/1786 1680/1360/1787 1791/1361/1788
f 1763/1362/1789 1910/1363/1790 1799/1364/1791
f 1906/1168/1599 1911/1183/1615 1763/1362/1789
f 2012/1365/1792 1763/1362/1789 2013/1366/1793
f 1680/1360/1787 2070/1367/1794 1791/1361/1788
f 1791/1361/1788 2070/1367/1794 1756/1368/1795
f 2070/1367/1794 1679/1369/1796 1756/1368/1795
f 1791/1361/1788 1917/1345/1772 1971/1370/1797
f 1918/1349/1776 1745/1371/1798 1921/1372/1799
f 1750/1215/1647 1921/1372/1799 1920/1373/1800
f 1921/1372/1799 1735/1350/1777 1918/1349/1776
f 1987/1374/1801 1734/1346/1773 1917/1345/1772
f 1853/1299/1730 1847/1352/1779 1789/1351/1778
f 1959/1312/1740 1789/1351/1778 1981/1358/1785
f 1959/1312/1740 1857/1356/1783 1858/1343/1770
f 1834/1286/1718 1980/1161/1592 1932/1284/1716
f 1858/1343/1770 1851/1311/1731 1856/1342/1733
f 1849/1375/1802 1857/1356/1783 1788/1376/1803
f 2016/1377/1804 2013/1366/1793 2010/1378/1805
f 2018/1379/1806 2010/1378/1805 2011/1380/1807
f 2015/1381/1808 2011/1380/1807 2009/1382/1809
f 2067/1383/1810 2009/1382/1809 2066/1384/1811
f 1902/1385/1812 1807/1249/1681 1927/1243/1675
f 1969/1224/1656 1920/1373/1800 1999/1225/1657
f 1770/1386/1813 1899/1387/1814 1872/1388/1815
f 1814/1389/1816 1872/1388/1815 1899/1387/1814
f 1812/1390/1817 1908/1231/1663 1907/1230/1662
f 1970/1391/1818 1874/1226/1658 1999/1225/1657
f 1920/1373/1800 1745/1371/1798 1751/1392/1819
f 2000/1393/1820 1772/1235/1667 1970/1391/1818
f 1999/1225/1657 1751/1392/1819 1970/1391/1818
f 2033/1394/1821 2040/1278/1710 2041/1280/1712
f 1905/1263/1694 2033/1394/1821 1820/1273/1705
f 2034/1395/1822 1905/1263/1694 1821/1264/1695
f 2035/1396/1823 2039/1279/1711 2040/1278/1710
f 1726/1160/1591 1788/1376/1803 1724/1156/1587
f 1725/1157/1588 1646/1353/1780 1639/1397/1824
f 2054/1398/1825 2050/1399/1826 2051/1400/1827
f 1883/1401/1828 2050/1399/1826 1782/1285/1717
f 1782/1285/1717 2049/1402/1829 1844/1288/1720
f 1935/1403/1830 1844/1404/1720 1930/1405/1831
f 1840/1406/1832 1941/1407/1833 1943/1408/1834
f 1850/1306/1736 1935/1403/1830 1840/1406/1832
f 1840/1406/1832 1944/1409/1835 1784/1410/1836
f 1826/1330/1758 1950/1332/1760 1949/1326/1754
f 1850/1306/1736 1784/1410/1836 1826/1330/1758
f 1989/1331/1759 1784/1410/1836 1944/1409/1835
f 2048/1411/1837 2054/1412/1825 2047/1413/1838
f 1930/1405/1831 2049/1414/1829 2048/1411/1837
f 1941/1407/1833 2048/1411/1837 2047/1413/1838
f 1930/1405/1831 1840/1406/1832 1935/1403/1830
f 1724/1156/1587 1865/1355/1782 1725/1157/1588
f 1730/1415/1839 1714/1416/1840 2059/1417/1841
f 1731/1418/1842 1718/1419/1843 1714/1416/1840
f 1641/1420/1844 1731/1418/1842 1642/1421/1845
f 1730/1415/1839 2059/1417/1841 1715/1422/1846
f 1731/1418/1842 1643/1423/1847 1642/1421/1845
f 1644/1424/1848 1719/1155/1586 1638/1158/1589
f 1644/1424/1848 1730/1415/1839 1715/1422/1846
f 1664/1425/1849 2062/1426/1850 2061/1427/1851
f 1665/1428/1852 2063/1429/1853 2062/1426/1850
f 2108/1430/1854 1666/1431/1855 1670/1432/1856
f 1655/1433/1857 2065/1434/1858 2064/1435/1859
f 2065/1434/1858 1659/1436/1860 2066/1384/1811
f 1662/1437/1861 2066/1384/1811 1659/1436/1860
f 2017/1438/1862 2068/1439/1863 1663/1440/1864
f 2067/1383/1810 2014/1441/1865 2015/1381/1808
f 2019/1442/1866 2014/1441/1865 2017/1438/1862
f 2018/1379/1806 2014/1441/1865 2016/1377/1804
f 2012/1365/1792 1663/1440/1864 1660/1169/1600
f 2013/1366/1793 2017/1438/1862 2012/1365/1792
f 2067/1383/1810 1661/1443/1867 2068/1439/1863
f 1663/1440/1864 2068/1439/1863 1661/1443/1867
f 1671/1444/1868 2070/1367/1794 2069/1445/1869
f 2069/1445/1869 1680/1360/1787 1672/1446/1870
f 1672/1446/1870 2072/1359/1786 2071/1447/1871
f 2071/1447/1871 1681/1448/1872 1673/1134/1569
f 1673/1134/1569 2074/1449/1873 2073/1132/1567
f 2073/1132/1567 1682/1450/1874 1674/1451/1875
f 2069/1445/1869 1688/1135/1570 2085/1137/1572
f 2085/1137/1572 1671/1444/1868 2069/1445/1869
f 1673/1134/1569 2086/1139/1574 2071/1447/1871
f 2071/1447/1871 1688/1135/1570 1672/1446/1870
f 1674/1451/1875 2087/1142/1576 2073/1132/1567
f 2075/1452/1876 1691/1453/1877 2088/1454/1878
f 2075/1452/1876 1690/1455/1879 1674/1451/1875
f 1678/1456/1880 2091/1143/1577 2081/1457/1881
f 2083/1458/1882 1687/1146/1580 2092/1147/1581
f 2092/1147/1581 1678/1456/1880 2083/1458/1882
f 1764/1459/1883 2013/1366/1793 1763/1362/1789
f 1683/1460/1884 1764/1459/1883 2078/1461/1885
f 1764/1459/1883 1800/1462/1714 2078/1461/1885
f 1800/1462/1714 1684/1463/1713 2078/1461/1885
f 1764/1459/1883 1799/1364/1791 1800/1462/1714
f 2075/1452/1876 1682/1450/1874 2076/1464/1886
f 2076/1464/1886 1675/1465/1887 2075/1452/1876
f 2076/1464/1886 1764/1459/1883 1683/1460/1884
f 2081/1457/1881 1686/1466/1888 1678/1456/1880
f 1800/1282/1714 1753/1467/1889 1754/1468/1890
f 1800/1282/1714 1754/1468/1890 2080/1283/1715
f 1754/1468/1890 1685/1469/1891 2080/1283/1715
f 1756/1368/1795 1987/1374/1801 1917/1345/1772
f 1686/1466/1888 1755/1470/1892 2084/1471/1893
f 1755/1470/1892 1756/1368/1795 2084/1471/1893
f 1679/1369/1796 2084/1471/1893 1756/1368/1795
f 1685/1469/1891 1754/1468/1890 2082/1472/1894
f 1755/1470/1892 2082/1472/1894 1754/1468/1890
f 2082/1472/1894 1677/1473/1895 1685/1469/1891
f 2083/1458/1882 1686/1466/1888 2084/1471/1893
f 2084/1471/1893 1671/1444/1868 2083/1458/1882
f 2082/1472/1894 1755/1470/1892 1686/1466/1888
f 2087/1142/1576 1698/1474/1896 1697/1141/1575
f 2088/1454/1878 1699/1475/1897 1698/1474/1896
f 1698/1474/1896 1690/1455/1879 2088/1454/1878
f 2089/1476/1898 1699/1475/1897 1691/1453/1877
f 1705/1153/1585 1698/1474/1896 1706/1477/1899
f 1698/1474/1896 1707/1478/1900 1706/1477/1899
f 1705/1153/1585 1706/1477/1899 1711/1154/800
f 1706/1477/1899 1707/1478/1900 1711/1154/800
f 2089/1476/1898 1675/1465/1887 2077/1479/1901
f 2077/1479/1901 1683/1460/1884 2078/1461/1885
f 2091/1143/1577 1701/1480/1902 1693/1481/1903
f 1708/1482/1904 1701/1480/1902 1709/1483/1905
f 1709/1483/1905 1702/1145/1579 1710/1151/1584
f 1708/1482/1904 1709/1483/1905 1711/1152/800
f 1709/1483/1905 1710/1151/1584 1711/1152/800
f 2079/1484/1906 1685/1469/1891 1677/1473/1895
f 2090/1485/1907 1677/1473/1895 1693/1481/1903
f 2081/1457/1881 1693/1481/1903 1677/1473/1895
f 1699/1475/1897 1708/1486/1904 1707/1478/1900
f 1707/1478/1900 1708/1486/1904 1711/1154/800
f 2080/1283/1715 1676/1487/1908 1684/1281/1713
f 2077/1479/1901 1692/1488/1909 2089/1476/1898
f 2079/1484/1906 1692/1489/1909 1676/1487/1908
f 2078/1461/1885 1676/1490/1908 2077/1479/1901
f 2089/1476/1898 1700/1491/1910 1699/1475/1897
f 2090/1485/1907 1693/1481/1903 1701/1480/1902
f 2090/1485/1907 1700/1492/1910 1692/1489/1909
f 1728/1493/1911 1723/1494/1912 1716/1495/1913
f 1933/1496/1914 1729/1497/1915 1766/1498/1916
f 2094/1499/1917 1729/1497/1915 1728/1493/1911
f 2093/1500/1918 1766/1498/1916 1729/1497/1915
f 1716/1495/1913 1727/1501/1919 1728/1493/1911
f 2096/1502/1920 1728/1493/1911 1727/1501/1919
f 1732/1503/1921 1727/1501/1919 1718/1419/1843
f 2095/1504/1922 1881/1505/1923 1766/1498/1916
f 1761/1506/1924 1887/1180/1612 1879/1179/1611
f 1879/1179/1611 1881/1505/1923 1761/1506/1924
f 1766/1498/1916 1988/1507/1925 1933/1496/1914
f 1640/1508/1926 1732/1503/1921 1641/1420/1844
f 1669/1509/1927 1727/1501/1919 1640/1508/1926
f 1886/1510/1928 1761/1506/1924 1880/1511/1929
f 2097/1512/1930 1761/1506/1924 1881/1505/1923
f 1733/1175/1606 1886/1510/1928 1877/1173/1604
f 1760/1513/1931 1979/1514/1932 2008/1515/1933
f 2007/1516/1934 2101/1517/1935 1979/1514/1932
f 2060/1518/1936 2026/1519/1937 2028/1520/1938
f 2028/1520/1938 2008/1515/1933 1979/1514/1932
f 1667/1521/1939 2061/1427/1851 2060/1518/1936
f 2029/1522/1940 1979/1514/1932 2101/1517/1935
f 1668/1523/1941 2060/1518/1936 2106/1524/1942
f 2106/1524/1942 2028/1520/1938 2029/1522/1940
f 1681/1448/1872 2072/1359/1786 1758/1525/1943
f 1758/1525/1943 2072/1359/1786 1791/1361/1788
f 1681/1448/1872 1758/1525/1943 2074/1449/1873
f 1670/1432/1856 2064/1435/1859 2108/1430/1854
f 1975/1526/1944 1791/1361/1788 1971/1370/1797
f 1972/1347/1774 1760/1513/1931 1974/1527/1945
f 1974/1527/1945 2008/1515/1933 1978/1528/1946
f 2026/1519/1937 1978/1528/1946 2008/1515/1933
f 1978/1528/1946 2110/1529/1947 1767/1530/1948
f 2062/1426/1850 2027/1531/1949 2025/1532/1950
f 2061/1427/1851 2025/1532/1950 2026/1519/1937
f 1682/1450/1874 1765/1533/1951 2076/1464/1886
f 1764/1459/1883 2076/1464/1886 1765/1533/1951
f 1758/1525/1943 1765/1533/1951 2074/1449/1873
f 1682/1450/1874 2074/1449/1873 1765/1533/1951
f 2011/1380/1807 1764/1459/1883 1765/1533/1951
f 1759/1534/1952 1971/1370/1797 1792/1344/1771
f 1792/1344/1771 1974/1527/1945 1759/1534/1952
f 1978/1528/1946 1759/1534/1952 1974/1527/1945
f 2110/1529/1947 2025/1532/1950 2027/1531/1949
f 1976/1535/1953 2066/1384/1811 2009/1382/1809
f 2065/1434/1858 2004/1536/1954 2064/1435/1859
f 1765/1533/1951 2009/1382/1809 2011/1380/1807
f 2109/1537/1955 2063/1429/1853 2108/1430/1854
f 2108/1430/1854 2004/1536/1954 2109/1537/1955
f 1975/1526/1944 2107/1538/1956 1977/1539/1957
f 1977/1539/1957 1758/1525/1943 1975/1526/1944
f 1767/1530/1948 1975/1526/1944 1759/1534/1952
f 2110/1529/1947 2107/1538/1956 1767/1530/1948
f 2111/1540/1958 2027/1531/1949 2109/1537/1955
f 2111/1540/1958 1977/1539/1957 2107/1538/1956
f 2112/1541/1959 1765/1533/1951 1977/1539/1957
f 2112/1541/1959 2109/1537/1955 2004/1536/1954
f 1976/1535/1953 2112/1541/1959 2004/1536/1954
f 1790/1542/1960 1953/1185/1617 1954/1251/1683
f 1911/1183/1615 1889/1543/1961 1910/1363/1790
f 1790/1542/1960 1888/1182/1614 1757/1184/1616
f 1752/1544/1962 1954/1545/1683 1955/1218/1650
f 1910/1546/1790 1870/1547/1963 1909/1548/1964
f 1752/1544/1962 1889/1549/1961 1790/1550/1960
f 1984/1551/1965 1955/1218/1650 2002/1217/1649
f 1909/1548/1964 1984/1551/1965 1985/1552/1966
f 1909/1548/1964 1799/1553/1791 1910/1546/1790
f 1752/1544/1962 1984/1551/1965 1870/1547/1963
f 2002/1217/1649 1908/1231/1663 2001/1554/1967
f 1908/1231/1663 1956/1555/1968 2001/1554/1967
f 1872/1388/1815 1956/1555/1968 1770/1386/1813
f 1919/1556/1969 2030/1557/1970 1751/1392/1819
f 1739/1558/1971 2000/1393/1820 2030/1557/1970
f 2001/1554/1967 1895/1559/1972 1985/1552/1966
f 1987/1374/1801 1751/1392/1819 1745/1371/1798
f 2030/1557/1970 1970/1391/1818 1751/1392/1819
f 2030/1557/1970 1895/1559/1972 1739/1558/1971
f 1919/1556/1969 1755/1470/1892 1754/1468/1890
f 1754/1468/1890 1895/1559/1972 1919/1556/1969
f 2001/1554/1967 1984/1551/1965 2002/1217/1649
f 1753/1467/1889 1985/1552/1966 1895/1559/1972
f 1739/1558/1971 2001/1554/1967 1956/1555/1968
f 1717/1159/1590 1715/1422/1846 1713/1560/1973
f 1716/1495/1913 1722/1561/1974 1712/1562/1975
f 1713/1560/1973 2057/1563/1976 1721/1564/1977
f 1721/1564/1977 1717/1159/1590 1713/1560/1973
f 1715/1422/1846 2056/1565/1978 1713/1560/1973
f 1712/1562/1975 1718/1419/1843 1716/1495/1913
f 1712/1562/1975 2059/1417/1841 1714/1416/1840
f 2113/1566/1979 1712/1562/1975 1722/1561/1974
f 2056/1565/1978 2113/1566/1979 2057/1563/1976
f 2023/1567/1980 1894/1568/1981 2022/1569/1982
f 1996/1570/1983 2020/1571/1984 1915/1572/1985
f 1915/1572/1985 1821/1264/1695 1738/1262/1693
f 2020/1571/1984 1927/1243/1675 1807/1249/1681
f 1996/1570/1983 1768/1239/1671 1927/1243/1675
f 1915/1572/1985 1967/1237/1669 1996/1570/1983
f 1822/1247/1679 2020/1571/1984 1807/1249/1681
f 2034/1395/1822 2116/1573/1986 2039/1279/1711
f 2115/1574/1987 1821/1264/1695 2117/1575/1988
f 2117/1575/1988 2020/1571/1984 2023/1567/1980
f 2117/1575/1988 2022/1569/1982 2115/1574/1987
f 1904/1246/1678 2037/1576/1989 1894/1568/1981
f 1966/1205/1637 1817/1577/1990 2024/1578/1991
f 1809/1245/1677 1925/1579/1992 1926/1580/1993
f 1774/1206/1638 2024/1578/1991 1808/1244/1676
f 2036/1581/1994 1925/1579/1992 2037/1576/1989
f 1894/1568/1981 2038/1582/1995 2022/1569/1982
f 1817/1577/1990 2038/1582/1995 2021/1583/1996
f 2021/1583/1996 1808/1244/1676 2024/1578/1991
f 2021/1583/1996 2037/1576/1989 1925/1579/1992
f 2039/1279/1711 1817/1577/1990 1843/1275/1707
f 2116/1573/1986 2022/1569/1982 2038/1582/1995
f 1817/1577/1990 2021/1583/1996 2024/1578/1991
f 1869/1584/1997 1735/1350/1777 1744/1214/1646
f 1916/1585/1998 1793/1348/1775 1735/1350/1777
f 1793/1348/1775 2007/1516/1934 1760/1513/1931
f 1878/1313/1741 1736/1586/1999 1741/1587/2000
f 1747/1266/1697 1878/1313/1741 1741/1587/2000
f 1736/1586/1999 1886/1510/1928 1795/1588/2001
f 2105/1589/2002 1886/1510/1928 1880/1511/1929
f 2042/1590/2003 2033/1394/1821 2041/1280/1712
f 2041/1280/1712 1742/1591/2004 2042/1590/2003
f 1741/1587/2000 1942/1315/1743 1747/1266/1697
f 1942/1315/1743 1742/1591/2004 1748/1277/1709
f 2032/1592/2005 2121/1593/2006 2120/1594/2007
f 2102/1595/2008 2043/1596/2009 2103/1597/2010
f 2102/1595/2008 1818/1598/2011 2031/1599/2012
f 2007/1516/1934 2006/1600/2013 2099/1601/2014
f 2100/1602/2015 2006/1600/2013 1818/1598/2011
f 1896/1213/1645 1743/1603/2016 1869/1584/1997
f 1743/1603/2016 1820/1273/1705 1819/1604/2017
f 2032/1592/2005 1820/1273/1705 2033/1394/1821
f 1794/1605/2018 2103/1597/2010 2043/1596/2009
f 1885/1606/2019 2098/1607/2020 1794/1605/2018
f 1795/1588/2001 2104/1608/2021 1885/1606/2019
f 1885/1606/2019 2122/1609/2022 1867/1610/2023
f 1794/1605/2018 2123/1611/2024 2122/1609/2022
f 1736/1586/1999 1868/1612/2025 1741/1587/2000
f 1867/1610/2023 1795/1588/2001 1885/1606/2019
f 1916/1585/1998 1743/1603/2016 2005/1613/2026
f 2124/1614/2027 2006/1600/2013 2005/1613/2026
f 2005/1613/2026 1973/1615/2028 1916/1585/1998
f 2119/1616/2029 1743/1603/2016 1819/1604/2017
f 2043/1596/2009 2125/1617/2030 2123/1611/2024
f 2125/1617/2030 1818/1598/2011 2124/1614/2027
f 2122/1609/2022 2121/1593/2006 2118/1618/2031
f 2124/1614/2027 2005/1613/2026 2119/1616/2029
f 1742/1591/2004 1867/1610/2023 2118/1618/2031
f 2042/1590/2003 2118/1618/2031 2121/1593/2006
f 2119/1616/2029 2032/1592/2005 2120/1594/2007
f 2122/1609/2022 2118/1618/2031 1867/1610/2023
f 2120/1594/2007 2123/1611/2024 2125/1617/2030
f 2124/1614/2027 2120/1594/2007 2125/1617/2030
f 2528/1619/2032 2144/1620/2033 2542/1621/2034
f 2143/1622/2035 2540/1623/2036 2151/1624/2037
f 2540/1623/2036 2150/1625/2038 2151/1624/2037
f 2143/1622/2035 2151/1626/2037 2541/1627/2039
f 2541/1627/2039 2152/1628/2040 2144/1620/2033
f 2144/1620/2033 2152/1628/2040 2542/1621/2034
f 2546/1629/2041 2157/1630/2042 2149/1631/2043
f 2142/1632/2044 2547/1633/2045 2150/1625/2038
f 2547/1633/2045 2157/1630/2042 2150/1625/2038
f 2150/1625/2038 2159/1634/1582 2151/1624/2037
f 2159/1635/1582 2152/1628/2040 2151/1626/2037
f 2157/1630/2042 2158/1636/2046 2150/1625/2038
f 2158/1636/2046 2166/1637/800 2159/1634/1582
f 2159/1635/1582 2166/1638/800 2160/1639/2047
f 2165/1640/2048 2166/1637/800 2158/1636/2046
f 2174/1641/2049 2179/1642/2050 2172/1643/2051
f 1638/1158/1589 2180/1644/2052 2174/1641/2049
f 2181/1645/2053 2172/1643/2051 2179/1642/2050
f 2181/1645/2053 2435/1646/2054 2175/1647/2055
f 1647/1164/1595 2438/1648/2056 2339/1649/2057
f 2438/1648/2056 1656/1166/1597 2441/1650/2058
f 2361/1651/2059 1660/1169/1600 2467/1652/2060
f 2339/1649/2057 1657/1171/1602 1647/1164/1595
f 2195/1653/2061 2332/1654/2062 2188/1655/2063
f 2253/383/2064 2291/1656/2065 2234/384/2066
f 2252/1657/2067 2334/1658/2068 2242/1659/2069
f 2441/1650/2058 2343/1660/2070 2438/1648/2056
f 2343/1660/2070 2339/1649/2057 2438/1648/2056
f 2212/1661/2071 2458/1662/2072 2339/1649/2057
f 2418/1663/2073 2401/1664/2074 2447/1665/2075
f 2231/1666/2076 2447/1665/2075 2401/1664/2074
f 2317/1667/2077 2345/1668/2078 2401/1664/2074
f 2259/1669/2079 2401/1664/2074 2345/1668/2078
f 2261/1670/2080 2330/1671/2081 2346/1672/2082
f 2346/1672/2082 2231/1666/2076 2259/1669/2079
f 2232/1673/2083 2347/1674/2084 2260/1675/2085
f 2347/1674/2084 2233/1676/2086 2261/1670/2080
f 2232/1673/2083 2450/1677/2087 2420/1678/2088
f 2421/1679/2089 2348/1680/2090 2229/1681/2091
f 2233/1676/2086 2449/1682/2092 2419/1683/2093
f 2420/1678/2088 2331/1684/2094 2232/1673/2083
f 2330/1671/2081 2412/1685/2095 2231/1666/2076
f 2448/1686/2096 2233/1676/2086 2419/1683/2093
f 2260/1675/2085 2348/1680/2090 2232/1673/2083
f 2229/1681/2091 2383/1687/2097 2256/1688/2098
f 2199/1689/2099 2351/1690/2100 2205/1691/2101
f 2224/1692/2102 2457/1693/2103 2326/1694/2104
f 2423/1695/2105 2328/1696/2106 2453/1697/2107
f 2228/1698/2108 2453/1697/2107 2328/1696/2106
f 2228/1698/2108 2454/1699/2109 2424/1700/2110
f 2224/1692/2102 2352/1701/2111 2266/1702/2112
f 2326/1694/2104 2362/1703/2113 2352/1701/2111
f 2228/1698/2108 2355/1704/2114 2270/1705/2115
f 2226/1706/2116 2355/1704/2114 2328/1696/2106
f 2227/1707/2117 2356/1708/2118 2269/1709/2119
f 2270/1705/2115 2329/1710/2120 2228/1698/2108
f 2422/1711/2121 2358/1712/2122 2452/1713/2123
f 2452/1713/2123 2226/1706/2116 2423/1695/2105
f 2358/1712/2122 2268/1714/2124 2226/1706/2116
f 2223/1715/2125 2353/1716/2126 2358/1712/2122
f 2382/1717/2127 2265/1718/2128 2223/1715/2125
f 2263/1719/2129 2256/1688/2098 2264/1720/2130
f 2277/1721/2131 2359/1722/2132 2278/1723/2133
f 2262/1724/2134 2278/1723/2133 2271/1725/2135
f 2441/1650/2058 1648/1170/1601 2361/1651/2059
f 2409/1726/2136 2285/1727/2137 2408/1728/2138
f 2286/1729/2139 2410/1730/2140 2224/1692/2102
f 2408/1728/2138 2367/1731/2141 2458/1662/2072
f 1650/1256/1687 2458/1662/2072 2367/1731/2141
f 1651/1257/1688 2367/1731/2141 2368/1732/2142
f 2285/1727/2137 2288/1733/2143 2287/1734/2144
f 2286/1729/2139 2266/1702/2112 2288/1735/2143
f 2368/1732/2142 2285/1727/2137 2287/1734/2144
f 2204/1736/2145 2453/1697/2107 2351/1690/2100
f 2193/1737/2146 2452/1713/2123 2369/1738/2147
f 2193/1737/2146 2360/1739/2148 2276/1740/2149
f 2419/1683/2093 2395/1741/2150 2448/1686/2096
f 2292/1742/2151 2242/1659/2069 2291/1656/2065
f 2379/1743/2152 2188/1655/2063 2378/1744/2153
f 2251/1745/2154 2378/1744/2153 2188/1655/2063
f 2275/1746/2155 2369/1738/2147 2204/1736/2145
f 2298/1747/2156 2450/1677/2087 2421/1679/2089
f 2420/1678/2088 2384/1748/2157 2203/1749/2158
f 2298/1747/2156 2495/1750/2159 2384/1748/2157
f 2384/1748/2157 2496/1751/2160 2203/1749/2158
f 2139/1752/2161 2535/1753/2162 2255/1754/2163
f 2387/1755/2164 2237/1756/2165 2338/1757/2166
f 2300/1758/2167 2237/1756/2165 2289/1759/2168
f 2297/1760/2169 2391/1761/2170 2386/1762/2171
f 2301/1763/2172 2386/1762/2171 2391/1761/2170
f 2318/1764/2173 1652/1295/1727 2321/1765/2174
f 2303/1766/2175 2308/1767/2176 2307/1768/2177
f 2306/1769/2178 2394/1770/2179 2392/1771/2180
f 2310/1772/2181 2392/1771/2180 2394/1770/2179
f 2393/1773/2182 2391/1761/2170 2445/1774/2183
f 2296/1775/2184 2445/1774/2183 2391/1761/2170
f 2300/1776/2167 2392/1771/2180 2390/1777/2185
f 2306/1778/2178 2289/1759/2168 2304/1779/2186
f 2301/1780/2172 2414/1781/2187 2308/1767/2176
f 2395/1741/2150 2195/1653/2061 2201/1782/2188
f 2201/1782/2188 2448/1686/2096 2395/1741/2150
f 2201/1782/2188 2379/1743/2152 2400/1783/2189
f 2203/1749/2158 2449/1682/2092 2420/1678/2088
f 2419/1683/2093 2397/1784/2190 2202/1785/2191
f 2317/1667/2077 2413/1786/2192 2283/1787/2193
f 2283/1787/2193 2258/1788/2194 2317/1667/2077
f 2284/1789/2195 2230/1790/2196 2257/1791/2197
f 2283/1787/2193 2417/1792/2198 2230/1790/2196
f 2238/1793/2199 2406/1794/2200 2402/1795/2201
f 2402/1795/2201 2257/1791/2197 2230/1790/2196
f 2238/1793/2199 2297/1760/2169 2280/1796/2202
f 2192/1797/2203 2404/1798/2204 2282/1799/2205
f 2296/1775/2184 2416/1800/2206 2415/1801/2207
f 2310/1772/2181 2281/1802/2208 2305/1803/2209
f 2192/1797/2203 2444/1804/2210 2405/1805/2211
f 2407/1806/2212 2400/1783/2189 2444/1804/2210
f 2279/1807/2213 2404/1798/2204 2403/1808/2214
f 2309/1809/2215 2404/1798/2204 2281/1802/2208
f 2238/1793/2199 2446/1810/2216 2416/1800/2206
f 2417/1792/2198 2402/1795/2201 2230/1790/2196
f 2407/1806/2212 2412/1685/2095 2201/1782/2188
f 2192/1797/2203 2447/1665/2075 2407/1806/2212
f 1653/1339/1767 2437/1811/2217 2319/1812/2218
f 2414/1781/2187 2311/1813/2219 2313/1814/2220
f 2415/1801/2207 2394/1770/2179 2445/1774/2183
f 2311/1815/2219 2445/1774/2183 2394/1770/2179
f 2415/1801/2207 2309/1809/2215 2310/1772/2181
f 2279/1807/2213 2446/1810/2216 2417/1792/2198
f 2403/1808/2214 2416/1800/2206 2446/1810/2216
f 2279/1807/2213 2413/1786/2192 2282/1799/2205
f 2282/1799/2205 2418/1663/2073 2192/1797/2203
f 2369/1738/2147 2423/1695/2105 2204/1736/2145
f 2424/1700/2110 2351/1690/2100 2453/1697/2107
f 2247/1816/2221 2372/1817/2222 2426/1818/2223
f 2189/1819/2224 2427/1820/2225 2373/1821/2226
f 2373/1821/2226 2248/1822/2227 2190/1823/2228
f 2244/1824/2229 2321/1765/2174 2302/1825/2230
f 1646/1353/1780 2319/1812/2218 2320/1826/2231
f 2312/1827/2232 2320/1826/2231 2319/1812/2218
f 1645/1357/1784 2437/1811/2217 1658/1341/1769
f 2318/1764/2173 2436/1828/2233 2437/1811/2217
f 2319/1812/2218 2436/1828/2233 2312/1827/2232
f 2527/1829/2234 2246/1830/2235 2135/1831/2236
f 2218/1832/2237 2365/1833/2238 2366/1834/2239
f 2366/1834/2239 2361/1651/2059 2218/1832/2237
f 2218/1832/2237 2467/1652/2060 2468/1835/2240
f 2135/1831/2236 2246/1830/2235 2525/1836/2241
f 2246/1830/2235 2211/1837/2242 2525/1836/2241
f 2525/1836/2241 2211/1837/2242 2134/1838/2243
f 2372/1817/2222 2246/1830/2235 2426/1818/2223
f 2373/1821/2226 2200/1839/2244 2189/1819/2224
f 2376/1840/2245 2205/1691/2101 2375/1841/2246
f 2190/1823/2228 2376/1840/2245 2373/1821/2226
f 2189/1819/2224 2442/1842/2247 2372/1817/2222
f 2308/1767/2176 2302/1825/2230 2307/1768/2177
f 2414/1781/2187 2244/1824/2229 2308/1767/2176
f 2312/1827/2232 2414/1781/2187 2313/1814/2220
f 2289/1759/2168 2435/1646/2054 2304/1779/2186
f 2313/1814/2220 2306/1778/2178 2304/1779/2186
f 2312/1827/2232 2304/1779/2186 2243/1843/2248
f 2471/1844/2249 2468/1835/2240 2474/1845/2250
f 2473/1846/2251 2465/1847/2252 2471/1844/2249
f 2470/1848/2253 2466/1849/2254 2473/1846/2251
f 2522/1850/2255 2464/1851/2256 2470/1848/2253
f 2357/1852/2257 2262/1724/2134 2271/1725/2135
f 2375/1841/2246 2424/1700/2110 2454/1699/2109
f 2225/1853/2258 2354/1854/2259 2267/1855/2260
f 2269/1709/2119 2327/1856/2261 2227/1707/2117
f 2267/1855/2260 2363/1857/2262 2225/1853/2258
f 2329/1710/2120 2425/1858/2263 2454/1699/2109
f 2375/1841/2246 2200/1839/2244 2376/1840/2245
f 2227/1707/2117 2455/1859/2264 2425/1858/2263
f 2454/1699/2109 2206/1860/2265 2375/1841/2246
f 2488/1861/2266 2495/1750/2159 2490/1862/2267
f 2360/1739/2148 2488/1861/2266 2490/1862/2267
f 2360/1739/2148 2489/1863/2268 2276/1740/2149
f 2490/1862/2267 2494/1864/2269 2489/1863/2268
f 2181/1645/2053 2243/1843/2248 2304/1779/2186
f 1646/1353/1780 2180/1644/2052 1639/1397/1824
f 2505/1865/2270 2509/1866/2271 2506/1867/2272
f 2505/1865/2270 2338/1757/2166 2237/1756/2165
f 2504/1868/2273 2237/1756/2165 2299/1869/2274
f 2390/1777/2185 2299/1870/2274 2300/1776/2167
f 2295/1871/2275 2398/1872/2276 2396/1873/2277
f 2305/1803/2209 2390/1777/2185 2392/1771/2180
f 2295/1871/2275 2399/1874/2278 2398/1872/2276
f 2281/1802/2208 2405/1805/2211 2239/1875/2279
f 2305/1803/2209 2239/1875/2279 2295/1871/2275
f 2239/1875/2279 2444/1804/2210 2399/1874/2278
f 2316/1876/2280 2444/1804/2210 2400/1783/2189
f 2503/1877/2281 2509/1878/2271 2504/1879/2273
f 2385/1880/2282 2504/1879/2273 2299/1870/2274
f 2396/1873/2277 2503/1877/2281 2385/1880/2282
f 2316/1876/2280 2398/1872/2276 2399/1874/2278
f 2385/1880/2282 2295/1871/2275 2396/1873/2277
f 2320/1826/2231 2179/1642/2050 2180/1644/2052
f 2185/1881/2283 2169/1882/2284 2186/1883/2285
f 2186/1883/2285 2173/1884/2286 2187/1885/2287
f 1641/1420/1844 2186/1883/2285 2187/1885/2287
f 2377/1886/2288 2234/384/2066 2291/1656/2065
f 2242/1659/2069 2443/1887/2289 2389/1888/2290
f 2291/1656/2065 2389/1888/2290 2377/1886/2288
f 2185/1881/2283 2170/1889/2291 2514/1890/2292
f 1643/1423/1847 2186/1883/2285 1642/1421/1845
f 1644/1424/1848 2174/1641/2049 2170/1889/2291
f 1644/1424/1848 2185/1881/2283 1643/1423/1847
f 1664/1425/1849 2517/1891/2293 1665/1428/1852
f 1665/1428/1852 2518/1892/2294 1666/1431/1855
f 2563/1893/2295 1666/1431/1855 2518/1892/2294
f 1655/1433/1857 2520/1894/2296 1649/1895/2297
f 1659/1436/1860 2520/1894/2296 2521/1896/2298
f 1662/1437/1861 2521/1896/2298 2522/1850/2255
f 2472/1897/2299 2523/1898/2300 2469/1899/2301
f 2522/1850/2255 2469/1899/2301 2523/1898/2300
f 2474/1845/2250 2469/1899/2301 2471/1844/2249
f 2473/1846/2251 2469/1899/2301 2470/1848/2253
f 2467/1652/2060 1663/1440/1864 2472/1897/2299
f 2468/1835/2240 2472/1897/2299 2474/1845/2250
f 2522/1850/2255 1661/1443/1867 1662/1437/1861
f 1663/1440/1864 1661/1443/1867 2523/1898/2300
f 2525/1836/2241 2126/1900/2302 2524/1901/2303
f 2524/1901/2303 2135/1831/2236 2525/1836/2241
f 2527/1829/2234 2127/1902/2304 2526/1903/2305
f 2526/1903/2305 2136/1904/2306 2527/1829/2234
f 2529/1905/2307 2128/1906/2308 2528/1619/2032
f 2528/1619/2032 2137/1907/2309 2529/1905/2307
f 2524/1901/2303 2143/1622/2035 2127/1902/2304
f 2126/1900/2302 2540/1623/2036 2524/1901/2303
f 2541/1627/2039 2128/1906/2308 2526/1903/2305
f 2526/1903/2305 2143/1622/2035 2541/1627/2039
f 2542/1621/2034 2129/1908/2310 2528/1619/2032
f 2530/1909/2311 2146/1910/2312 2130/1911/2313
f 2530/1909/2311 2145/1912/2314 2543/1913/2315
f 2546/1629/2041 2133/1914/2316 2536/1915/2317
f 2538/1916/2318 2142/1632/2044 2126/1900/2302
f 2133/1914/2316 2547/1633/2045 2538/1916/2318
f 2219/1917/2319 2468/1835/2240 2465/1847/2252
f 2138/1918/2320 2533/1919/2321 2219/1917/2319
f 2219/1917/2319 2533/1919/2321 2255/1920/2163
f 2255/1920/2163 2533/1919/2321 2139/1921/2161
f 2219/1917/2319 2254/1922/2322 2218/1832/2237
f 2137/1907/2309 2530/1909/2311 2531/1923/2323
f 2130/1911/2313 2531/1923/2323 2530/1909/2311
f 2531/1923/2323 2138/1918/2320 2219/1917/2319
f 2536/1915/2317 2141/1924/2324 2537/1925/2325
f 2255/1754/2163 2208/1926/2326 2254/1927/2322
f 2255/1754/2163 2535/1753/2162 2209/1928/2327
f 2209/1928/2327 2535/1753/2162 2140/1929/2328
f 2442/1842/2247 2211/1837/2242 2372/1817/2222
f 2141/1924/2324 2539/1930/2329 2210/1931/2330
f 2210/1931/2330 2539/1930/2329 2211/1837/2242
f 2134/1838/2243 2211/1837/2242 2539/1930/2329
f 2140/1929/2328 2537/1925/2325 2209/1928/2327
f 2210/1931/2330 2209/1928/2327 2537/1925/2325
f 2537/1925/2325 2132/1932/2331 2536/1915/2317
f 2141/1924/2324 2538/1916/2318 2539/1930/2329
f 2126/1900/2302 2539/1930/2329 2538/1916/2318
f 2537/1925/2325 2141/1924/2324 2210/1931/2330
f 2542/1621/2034 2153/1933/2332 2145/1912/2314
f 2543/1913/2315 2154/1934/2333 2146/1910/2312
f 2153/1933/2332 2543/1913/2315 2145/1912/2314
f 2544/1935/2334 2146/1910/2312 2154/1934/2333
f 2160/1639/2047 2153/1933/2332 2152/1628/2040
f 2153/1933/2332 2162/1936/1905 2154/1934/2333
f 2160/1639/2047 2166/1638/800 2161/1937/2335
f 2161/1937/2335 2166/1638/800 2162/1936/1905
f 2130/1911/2313 2544/1935/2334 2532/1938/2336
f 2138/1918/2320 2532/1938/2336 2533/1919/2321
f 2546/1629/2041 2156/1939/2337 2157/1630/2042
f 2163/1940/2338 2156/1939/2337 2155/1941/2339
f 2164/1942/2340 2157/1630/2042 2156/1939/2337
f 2163/1940/2338 2166/1637/800 2164/1942/2340
f 2164/1942/2340 2166/1637/800 2165/1640/2048
f 2534/1943/2341 2140/1929/2328 2535/1753/2162
f 2545/1944/2342 2132/1932/2331 2534/1943/2341
f 2536/1915/2317 2148/1945/2343 2546/1629/2041
f 2154/1934/2333 2163/1946/2338 2155/1947/2339
f 2162/1936/1905 2166/1638/800 2163/1946/2338
f 2535/1753/2162 2131/1948/2344 2534/1943/2341
f 2147/1949/2345 2532/1938/2336 2544/1935/2334
f 2534/1943/2341 2147/1950/2345 2545/1944/2342
f 2131/1951/2344 2533/1919/2321 2532/1938/2336
f 2544/1935/2334 2155/1947/2339 2147/1949/2345
f 2545/1944/2342 2156/1939/2337 2148/1945/2343
f 2545/1944/2342 2155/1941/2339 2156/1939/2337
f 2183/1952/2346 2178/1953/2347 2184/1954/2348
f 2388/1955/2349 2184/1954/2348 2178/1953/2347
f 2549/1956/2350 2184/1954/2348 2548/1957/2351
f 2548/1957/2351 2221/1958/2352 2550/1959/2353
f 2171/1960/2354 2182/1961/2355 2173/1884/2286
f 2551/1962/2356 2183/1952/2346 2549/1956/2350
f 2187/1885/2287 2173/1884/2286 2182/1961/2355
f 2550/1959/2353 2336/1963/2357 2552/1964/2358
f 2216/1965/2359 2342/1966/2360 2251/1745/2154
f 2334/1658/2068 2336/1963/2357 2443/1887/2289
f 2221/1958/2352 2443/1887/2289 2336/1963/2357
f 1640/1508/1926 2187/1885/2287 2182/1961/2355
f 1669/1509/1927 2182/1961/2355 2551/1962/2356
f 2341/1967/2361 2216/1965/2359 2251/1745/2154
f 2552/1964/2358 2216/1965/2359 2335/1968/2362
f 2188/1655/2063 2341/1967/2361 2251/1745/2154
f 2215/1969/2363 2434/1970/2364 2462/1971/2365
f 2556/1972/2366 2462/1971/2365 2434/1970/2364
f 2515/1973/2367 2481/1974/2368 2516/1975/2369
f 2463/1976/2370 2483/1977/2371 2434/1970/2364
f 1667/1521/1939 2516/1975/2369 1664/1425/1849
f 2434/1970/2364 2484/1978/2372 2556/1972/2366
f 2515/1973/2367 1668/1523/1941 2561/1979/2373
f 2483/1977/2371 2561/1979/2373 2484/1978/2372
f 2136/1904/2306 2213/1980/2374 2527/1829/2234
f 2213/1980/2374 2246/1830/2235 2527/1829/2234
f 2136/1904/2306 2529/1905/2307 2213/1980/2374
f 2519/1981/2375 1670/1432/1856 2563/1893/2295
f 2430/1982/2376 2246/1830/2235 2213/1980/2374
f 2427/1820/2225 2215/1969/2363 2248/1822/2227
f 2429/1983/2377 2463/1976/2370 2215/1969/2363
f 2481/1974/2368 2433/1984/2378 2480/1985/2379
f 2433/1984/2378 2222/1986/2380 2565/1987/2381
f 2517/1891/2293 2482/1988/2382 2518/1892/2294
f 2516/1975/2369 2480/1985/2379 2517/1891/2293
f 2137/1907/2309 2531/1923/2323 2220/1989/2383
f 2219/1917/2319 2220/1989/2383 2531/1923/2323
f 2213/1980/2374 2529/1905/2307 2220/1989/2383
f 2137/1907/2309 2220/1989/2383 2529/1905/2307
f 2466/1849/2254 2219/1917/2319 2465/1847/2252
f 2214/1990/2384 2426/1818/2223 2430/1982/2376
f 2247/1816/2221 2429/1983/2377 2427/1820/2225
f 2433/1984/2378 2214/1990/2384 2222/1986/2380
f 2565/1987/2381 2480/1985/2379 2433/1984/2378
f 2521/1896/2298 2431/1991/2385 2464/1851/2256
f 2459/1992/2386 2520/1894/2296 2519/1981/2375
f 2464/1851/2256 2220/1989/2383 2466/1849/2254
f 2564/1993/2387 2518/1892/2294 2482/1988/2382
f 2563/1893/2295 2459/1992/2386 2519/1981/2375
f 2430/1982/2376 2432/1994/2388 2562/1995/2389
f 2432/1994/2388 2213/1980/2374 2220/1989/2383
f 2222/1986/2380 2430/1982/2376 2562/1995/2389
f 2565/1987/2381 2562/1995/2389 2566/1996/2390
f 2566/1996/2390 2482/1988/2382 2565/1987/2381
f 2566/1996/2390 2432/1994/2388 2567/1997/2391
f 2220/1989/2383 2567/1997/2391 2432/1994/2388
f 2567/1997/2391 2564/1993/2387 2566/1996/2390
f 2431/1991/2385 2459/1992/2386 2567/1997/2391
f 2408/1728/2138 2245/1998/2392 2409/1726/2136
f 2366/1834/2239 2344/1999/2393 2343/1660/2070
f 2245/1998/2392 2343/1660/2070 2344/1999/2393
f 2409/2000/2136 2207/2001/2394 2410/1730/2140
f 2365/2002/2238 2325/2003/2395 2344/2004/2393
f 2207/2001/2394 2344/2005/2393 2325/2003/2395
f 2439/2006/2396 2410/1730/2140 2207/2001/2394
f 2364/2007/2397 2439/2006/2396 2325/2003/2395
f 2364/2007/2397 2254/1927/2322 2208/1926/2326
f 2207/2001/2394 2325/2003/2395 2439/2006/2396
f 2363/1857/2262 2457/1693/2103 2456/2008/2398
f 2363/1857/2262 2411/2009/2399 2225/1853/2258
f 2411/2009/2399 2327/1856/2261 2225/1853/2258
f 2374/2010/2400 2206/1860/2265 2485/2011/2401
f 2194/2012/2402 2455/1859/2264 2411/2009/2399
f 2456/2008/2398 2350/2013/2403 2194/2012/2402
f 2442/1842/2247 2206/1860/2265 2374/2010/2400
f 2485/2011/2401 2425/1858/2263 2455/1859/2264
f 2485/2011/2401 2350/2013/2403 2374/2010/2400
f 2374/2010/2400 2210/1931/2330 2442/1842/2247
f 2209/1928/2327 2350/2013/2403 2208/1926/2326
f 2456/2008/2398 2439/2006/2396 2440/2014/2404
f 2208/1926/2326 2440/2014/2404 2364/2007/2397
f 2194/2012/2402 2411/2009/2399 2456/2008/2398
f 2172/1643/2051 2170/1889/2291 2174/1641/2049
f 2171/1960/2354 2177/2015/2405 2178/1953/2347
f 2168/2016/2406 2512/2017/2407 2511/2018/2408
f 2176/2019/2409 2172/1643/2051 2175/1647/2055
f 2435/1646/2054 2176/2019/2409 2175/1647/2055
f 2170/1889/2291 2511/2018/2408 2514/1890/2292
f 2167/2020/2410 2173/1884/2286 2169/1882/2284
f 2167/2020/2410 2514/1890/2292 2511/2018/2408
f 2568/2021/2411 2167/2020/2410 2511/2018/2408
f 2511/2018/2408 2512/2017/2407 2568/2021/2411
f 2478/2022/2412 2349/2023/2413 2277/1721/2131
f 2451/2024/2414 2370/2025/2415 2475/2026/2416
f 2370/2025/2415 2276/1740/2149 2572/2027/2417
f 2475/2026/2416 2382/1717/2127 2451/2024/2414
f 2451/2024/2414 2223/1715/2125 2422/1711/2121
f 2370/2025/2415 2422/1711/2121 2193/1737/2146
f 2277/1721/2131 2475/2026/2416 2478/2022/2412
f 2571/2028/2418 2489/1863/2268 2494/1864/2269
f 2570/2029/2419 2276/1740/2149 2489/1863/2268
f 2572/2027/2417 2475/2026/2416 2370/2025/2415
f 2477/2030/2420 2572/2027/2417 2570/2029/2419
f 2359/1722/2132 2492/2031/2421 2491/2032/2422
f 2421/1679/2089 2272/2033/2423 2298/1747/2156
f 2264/1720/2130 2380/2034/2424 2263/1719/2129
f 2229/1681/2091 2479/2035/2425 2421/1679/2089
f 2491/2032/2422 2380/2034/2424 2381/2036/2426
f 2349/2023/2413 2493/2037/2427 2492/2031/2421
f 2493/2037/2427 2272/2033/2423 2476/2038/2428
f 2476/2038/2428 2263/1719/2129 2380/2034/2424
f 2476/2038/2428 2492/2031/2421 2493/2037/2427
f 2272/2033/2423 2494/1864/2269 2298/1747/2156
f 2571/2028/2418 2477/2030/2420 2570/2029/2419
f 2272/2033/2423 2479/2035/2425 2476/2038/2428
f 2324/2039/2429 2190/1823/2228 2371/2040/2430
f 2371/2040/2430 2248/1822/2227 2428/2041/2431
f 2248/1822/2227 2462/1971/2365 2428/2041/2431
f 2333/2042/2432 2191/2043/2433 2332/1654/2062
f 2333/2042/2432 2202/1785/2191 2196/2044/2434
f 2341/1967/2361 2191/2043/2433 2250/2045/2435
f 2341/1967/2361 2560/2046/2436 2335/1968/2362
f 2497/2047/2437 2488/1861/2266 2487/2048/2438
f 2496/1751/2160 2197/2049/2439 2203/1749/2158
f 2196/2044/2434 2397/1784/2190 2323/2050/2440
f 2197/2049/2439 2397/1784/2190 2203/1749/2158
f 2576/2051/2441 2487/2048/2438 2575/2052/2442
f 2498/2053/2443 2557/2054/2444 2558/2055/2445
f 2557/2054/2444 2273/2056/2446 2555/2057/2447
f 2462/1971/2365 2461/2058/2448 2428/2041/2431
f 2555/2057/2447 2461/2058/2448 2554/2059/2449
f 2351/1690/2100 2198/2060/2450 2204/1736/2145
f 2198/2060/2450 2275/1746/2155 2204/1736/2145
f 2487/2048/2438 2275/1746/2155 2274/2061/2451
f 2249/2062/2452 2558/2055/2445 2553/2063/2453
f 2340/2064/2454 2553/2063/2453 2559/2065/2455
f 2250/2045/2435 2559/2065/2455 2560/2046/2436
f 2577/2066/2456 2340/2064/2454 2322/2067/2457
f 2578/2068/2458 2249/2062/2452 2577/2066/2456
f 2191/2043/2433 2323/2050/2440 2322/2067/2457
f 2322/2067/2457 2250/2045/2435 2191/2043/2433
f 2371/2040/2430 2198/2060/2450 2324/2039/2429
f 2579/2069/2459 2461/2058/2448 2273/2056/2446
f 2460/2070/2460 2428/2041/2431 2461/2058/2448
f 2198/2060/2450 2574/2071/2461 2274/2061/2451
f 2580/2072/2462 2498/2053/2443 2578/2068/2458
f 2580/2072/2462 2273/2056/2446 2486/2073/2463
f 2577/2066/2456 2576/2051/2441 2578/2068/2458
f 2579/2069/2459 2574/2071/2461 2460/2070/2460
f 2197/2049/2439 2322/2067/2457 2323/2050/2440
f 2497/2047/2437 2573/2074/2464 2197/2049/2439
f 2574/2071/2461 2487/2048/2438 2274/2061/2451
f 2577/2066/2456 2322/2067/2457 2573/2074/2464
f 2578/2068/2458 2575/2052/2442 2580/2072/2462
f 2579/2069/2459 2575/2052/2442 2574/2071/2461
f 2612/2075/2465 2625/2076/2466 2624/2077/2467
f 2625/2076/2466 2613/2078/2468 2626/2079/2469
f 2626/2079/2469 2617/2080/2470 2627/2081/2471
f 2590/2082/2472 2582/2083/2473 2588/2084/2474
f 2590/2082/2472 2581/2085/2475 2592/2086/2476
f 2609/2087/2477 2625/2076/2466 2610/2088/2478
f 2614/2089/2479 2625/2076/2466 2626/2079/2469
f 2618/2090/2480 2626/2079/2469 2627/2081/2471
f 2592/2086/2476 2597/2091/2481 2598/2092/2482
f 2582/2083/2473 2596/2093/2483 2588/2084/2474
f 2581/2085/2475 2596/2093/2483 2597/2091/2481
f 2618/2090/2480 2597/2091/2481 2614/2089/2479
f 2610/2088/2478 2597/2091/2481 2596/2093/2483
f 2610/2088/2478 2595/2094/2484 2609/2087/2477
f 2590/2082/2472 2585/2095/2485 2587/2096/2486
f 2594/2097/2487 2602/2098/2488 2603/2099/2489
f 2594/2097/2487 2587/2096/2486 2589/2100/2490
f 2619/2101/2491 2599/2102/2492 2598/2092/2482
f 2599/2102/2492 2592/2086/2476 2598/2092/2482
f 2600/2103/2493 2585/2095/2485 2599/2102/2492
f 2627/2081/2471 2608/2104/2494 2619/2105/2491
f 2618/2090/2480 2619/2105/2491 2598/2106/2482
f 2587/2096/2486 2593/2107/2495 2589/2100/2490
f 2601/2108/2496 2583/2109/2497 2600/2103/2493
f 2602/2110/2488 2593/2107/2495 2601/2108/2496
f 2583/2109/2497 2587/2096/2486 2585/2095/2485
f 2608/2111/2494 2620/2112/2498 2619/2101/2491
f 2620/2112/2498 2600/2103/2493 2599/2102/2492
f 2621/2113/2499 2607/2114/2500 2622/2115/2501
f 2615/2116/2502 2624/2077/2467 2623/2117/2503
f 2622/2115/2501 2605/2118/2504 2621/2113/2499
f 2624/2077/2467 2616/2119/2505 2623/2117/2503
f 2591/2120/2506 2605/2118/2504 2606/2121/2507
f 2591/2120/2506 2595/2094/2484 2582/2083/2473
f 2616/2119/2505 2595/2094/2484 2606/2122/2507
f 2616/2119/2505 2622/2123/2501 2623/2117/2503
f 2607/2124/2500 2623/2117/2503 2622/2123/2501
f 2586/2125/2508 2590/2082/2472 2587/2096/2486
f 2587/2096/2486 2584/2126/2509 2586/2125/2508
f 2604/2127/2510 2621/2113/2499 2605/2118/2504
f 2584/2126/2509 2603/2099/2489 2604/2127/2510
f 2586/2125/2508 2604/2127/2510 2605/2118/2504
f 2655/2128/2511 2629/2129/2512 2639/2130/2513
f 2650/2131/2514 2657/2132/2515 2643/2133/2516
f 2656/2134/2517 2652/2135/2518 2641/2136/2519
f 2630/2137/2520 2649/2138/2521 2640/2139/2522
f 2631/2140/2523 2647/2141/2524 2635/2142/2525
f 2643/2133/2516 2644/2143/2526 2632/2144/2527
f 2644/2143/2526 2631/2140/2523 2632/2144/2527
f 2632/2144/2527 2635/2142/2525 2634/2145/2528
f 2637/2146/2529 2633/2147/2530 2636/2148/2531
f 2630/2137/2520 2645/2149/2532 2633/2147/2530
f 2633/2147/2530 2648/2150/2533 2636/2148/2531
f 2641/2136/2519 2645/2149/2532 2656/2134/2517
f 2646/2151/2534 2632/2144/2527 2634/2145/2528
f 2634/2145/2528 2648/2150/2533 2646/2151/2534
f 2636/2148/2531 2635/2142/2525 2637/2146/2529
f 2635/2142/2525 2649/2138/2521 2637/2146/2529
f 2628/2152/2535 2654/2153/2536 2638/2154/2537
f 2638/2154/2537 2629/2129/2512 2628/2152/2535
f 2651/2155/2538 2652/2135/2518 2628/2152/2535
f 2641/2136/2519 2651/2155/2538 2648/2150/2533
f 2628/2152/2535 2653/2156/2539 2651/2155/2538
f 2629/2129/2512 2650/2131/2514 2653/2156/2539
f 2646/2151/2534 2651/2155/2538 2653/2156/2539
f 2653/2156/2539 2643/2133/2516 2646/2151/2534
f 2659/2129/2540 2685/2128/2541 2669/2130/2542
f 2687/2132/2543 2680/2131/2544 2673/2133/2545
f 2686/2134/2546 2682/2135/2547 2684/2153/2548
f 2660/2137/2549 2679/2138/2550 2667/2146/2551
f 2661/2140/2552 2677/2141/2553 2672/2157/2554
f 2673/2133/2545 2674/2143/2555 2687/2132/2543
f 2661/2140/2552 2674/2143/2555 2662/2144/2556
f 2665/2142/2557 2662/2144/2556 2664/2145/2558
f 2667/2146/2551 2663/2147/2559 2660/2137/2549
f 2675/2149/2560 2660/2137/2549 2663/2147/2559
f 2678/2150/2561 2663/2147/2559 2666/2148/2562
f 2671/2136/2563 2675/2149/2560 2663/2147/2559
f 2676/2151/2564 2662/2144/2556 2673/2133/2545
f 2678/2150/2561 2664/2145/2558 2676/2151/2564
f 2666/2148/2562 2665/2142/2557 2664/2145/2558
f 2679/2138/2550 2665/2142/2557 2667/2146/2551
f 2658/2152/2565 2684/2153/2548 2682/2135/2547
f 2659/2129/2540 2668/2154/2566 2658/2152/2565
f 2681/2155/2567 2658/2152/2565 2682/2135/2547
f 2671/2136/2563 2681/2155/2567 2682/2135/2547
f 2683/2156/2568 2658/2152/2565 2681/2155/2567
f 2659/2129/2540 2683/2156/2568 2680/2131/2544
f 2676/2151/2564 2681/2155/2567 2678/2150/2561
f 2673/2133/2545 2683/2156/2568 2676/2151/2564
f 2698/2158/2569 2706/2159/2570 2699/2160/2571
f 2700/2161/2572 2705/2162/2573 2704/2163/2574
f 2702/2164/2575 2699/2160/2571 2703/2165/2576
f 2702/2164/2575 2701/2166/2577 2700/2161/2572
f 2692/2167/2578 2697/2168/2579 2688/2169/2580
f 2689/2170/2581 2694/2171/2582 2691/2172/2583
f 2688/2169/2580 2693/2173/2584 2692/2167/2578
f 2695/2174/2585 2697/2168/2579 2696/2175/2586
f 2688/2169/2580 2706/2159/2570 2690/2176/2587
f 2697/2168/2579 2699/2160/2571 2688/2169/2580
f 2704/2177/2574 2691/2172/2583 2694/2171/2582
f 2689/2170/2581 2705/2162/2573 2701/2166/2577
f 2707/2178/2588 2690/2176/2587 2706/2159/2570
f 2701/2166/2577 2697/2168/2579 2689/2170/2581
f 2718/2179/2589 2728/2180/2590 2729/2181/2591
f 2730/2182/2592 2718/2179/2589 2729/2181/2591
f 2716/2183/2593 2730/2182/2592 2731/2184/2594
f 2724/2185/2595 2731/2184/2594 2732/2186/2596
f 2722/2187/2597 2732/2186/2596 2733/2188/2598
f 2714/2189/2599 2733/2188/2598 2734/2190/2600
f 2809/2191/2601 2734/2190/2600 2808/2192/2602
f 2736/2193/2603 2710/2194/2604 2735/2195/2605
f 2737/2196/2606 2720/2197/2607 2736/2193/2603
f 2721/2198/2608 2738/2199/2609 2739/2200/2610
f 2711/2201/2611 2739/2200/2610 2740/2202/2612
f 2741/2203/2613 2805/2204/2614 2806/2205/2615
f 2742/2206/2616 2715/2207/2617 2741/2208/2613
f 2743/2209/2618 2723/2210/2619 2742/2206/2616
f 2744/2211/2620 2725/2212/2621 2743/2209/2618
f 2745/2213/2622 2717/2214/2623 2744/2211/2620
f 2719/2215/2624 2745/2213/2622 2746/2216/2625
f 2719/2215/2624 2747/2217/2626 2709/2218/2627
f 2757/2219/2628 2713/2220/2629 2737/2196/2606
f 2756/2221/2630 2737/2196/2606 2736/2193/2603
f 2756/2221/2630 2735/2195/2605 2755/2222/2631
f 2807/2223/2632 2734/2190/2600 2754/2224/2633
f 2753/2225/2634 2734/2190/2600 2733/2188/2598
f 2752/2226/2635 2733/2188/2598 2732/2186/2596
f 2751/2227/2636 2732/2186/2596 2731/2184/2594
f 2751/2227/2636 2730/2182/2592 2750/2228/2637
f 2750/2228/2637 2729/2181/2591 2749/2229/2638
f 2749/2229/2638 2728/2180/2590 2748/2230/2639
f 2712/2231/2640 2757/2219/2628 2738/2199/2609
f 2738/2199/2609 2756/2221/2630 2739/2200/2610
f 2740/2202/2612 2756/2221/2630 2755/2222/2631
f 2741/2203/2613 2807/2223/2632 2754/2224/2633
f 2741/2208/2613 2753/2225/2634 2742/2206/2616
f 2742/2206/2616 2752/2226/2635 2743/2209/2618
f 2743/2209/2618 2751/2227/2636 2744/2211/2620
f 2745/2213/2622 2751/2227/2636 2750/2228/2637
f 2746/2216/2625 2750/2228/2637 2749/2229/2638
f 2747/2217/2626 2749/2229/2638 2748/2230/2639
f 2747/2232/2626 2795/2233/2641 2794/2234/2642
f 2802/2235/2643 2788/2236/2644 2801/2237/2645
f 2801/2237/2645 2811/2238/2646 2812/2239/2647
f 2796/2240/2648 2794/2234/2642 2795/2233/2641
f 2797/2241/2649 2791/2242/2650 2792/2243/2651
f 2802/2235/2643 2786/2244/2652 2787/2245/2653
f 2799/2246/2654 2789/2247/2655 2790/2248/2656
f 2798/2249/2657 2790/2248/2656 2791/2242/2650
f 2797/2241/2649 2793/2250/2658 2796/2240/2648
f 2728/2180/2590 2767/2251/2659 2777/2252/2660
f 2778/2253/2661 2767/2251/2659 2775/2254/2662
f 2778/2253/2661 2765/2255/2663 2779/2256/2664
f 2779/2256/2664 2773/2257/2665 2780/2258/2666
f 2780/2258/2666 2771/2259/2667 2781/2260/2668
f 2781/2260/2668 2763/2261/2669 2782/2262/2670
f 2813/2263/2671 2759/2264/2672 2783/2265/2673
f 2784/2266/2674 2759/2264/2672 2769/2267/2675
f 2785/2268/2676 2769/2267/2675 2762/2269/2677
f 2803/2270/2678 2761/2271/2679 2786/2244/2652
f 2786/2244/2652 2770/2272/2680 2787/2245/2653
f 2787/2245/2653 2760/2273/2681 2788/2236/2644
f 2811/2238/2646 2760/2273/2681 2810/2274/2682
f 2790/2248/2656 2764/2275/2683 2772/2276/2684
f 2791/2242/2650 2772/2276/2684 2774/2277/2685
f 2792/2243/2651 2774/2277/2685 2766/2278/2686
f 2793/2250/2658 2766/2278/2686 2776/2279/2687
f 2793/2250/2658 2768/2280/2688 2794/2234/2642
f 2747/2232/2626 2768/2280/2688 2709/2281/2627
f 2728/2180/2590 2795/2233/2641 2748/2230/2639
f 2777/2252/2660 2796/2240/2648 2795/2233/2641
f 2778/2253/2661 2797/2241/2649 2796/2240/2648
f 2780/2258/2666 2797/2241/2649 2779/2256/2664
f 2781/2260/2668 2798/2249/2657 2780/2258/2666
f 2782/2262/2670 2799/2246/2654 2781/2260/2668
f 2813/2263/2671 2801/2237/2645 2812/2239/2647
f 2783/2265/2673 2802/2235/2643 2801/2237/2645
f 2785/2268/2676 2802/2235/2643 2784/2266/2674
f 2762/2282/2677 2803/2270/2678 2785/2268/2676
f 2806/2205/2615 2711/2201/2611 2740/2202/2612
f 2806/2205/2615 2755/2222/2631 2807/2223/2632
f 2808/2192/2602 2755/2222/2631 2735/2195/2605
f 2710/2194/2604 2808/2192/2602 2735/2195/2605
f 2789/2283/2655 2810/2274/2682 2764/2284/2683
f 2812/2239/2647 2789/2283/2655 2800/2285/2689
f 2782/2262/2670 2812/2239/2647 2800/2285/2689
f 2814/2286/2690 2782/2262/2670 2763/2261/2669
f 2829/2287/2691 2834/2288/2692 2835/2289/2693
f 2833/2290/2694 2830/2291/2695 2832/2292/2696
f 2827/2293/2697 2830/2294/2695 2826/2295/2698
f 2831/2296/2699 2828/2297/2700 2829/2287/2691
f 2826/2295/2698 2855/2298/2701 2827/2293/2697
f 2833/2290/2694 2854/2299/2702 2826/2300/2698
f 2828/2297/2700 2855/2298/2701 2856/2301/2703
f 2834/2288/2692 2856/2301/2703 2857/2302/2704
f 2847/2303/2705 2854/2299/2702 2853/2304/2706
f 2845/2305/2707 2843/2306/2708 2842/2307/2709
f 2846/2308/2710 2842/2307/2709 2841/2309/2711
f 2847/2303/2705 2841/2309/2711 2838/2310/2712
f 2848/2311/2713 2838/2310/2712 2836/2312/2714
f 2848/2313/2713 2837/2314/2715 2849/2315/2716
f 2849/2315/2716 2839/2316/2717 2850/2317/2718
f 2850/2317/2718 2840/2318/2719 2851/2319/2720
f 2851/2319/2720 2843/2306/2708 2844/2320/2721
f 2849/2315/2716 2854/2321/2702 2848/2313/2713
f 2850/2317/2718 2855/2298/2701 2849/2315/2716
f 2851/2319/2720 2856/2301/2703 2850/2317/2718
f 2824/2322/2722 2819/2323/2723 2820/2324/2724
f 2834/2288/2692 2824/2322/2722 2835/2289/2693
f 2858/2325/2725 2834/2288/2692 2857/2302/2704
f 2857/2302/2704 2844/2320/2721 2858/2325/2725
f 2860/2326/2726 2823/2327/2727 2858/2325/2725
f 2815/2328/2728 2825/2329/2729 2817/2330/2730
f 2825/2329/2729 2833/2290/2694 2832/2292/2696
f 2833/2290/2694 2852/2331/2731 2853/2304/2706
f 2846/2308/2710 2853/2304/2706 2852/2331/2731
f 2845/2305/2707 2852/2331/2731 2822/2332/2732
f 2844/2320/2721 2822/2332/2732 2858/2325/2725
f 2816/2333/2733 2817/2330/2730 2818/2334/2734
f 2819/2323/2723 2818/2334/2734 2820/2324/2724
f 2861/2335/2735 2821/2336/2736 2815/2328/2728
f 2860/2326/2726 2822/2332/2732 2859/2337/2737
f 2816/2333/2733 2860/2326/2726 2859/2337/2737
f 2861/2335/2735 2816/2333/2733 2859/2337/2737
f 2861/2335/2735 2822/2332/2732 2852/2331/2731
f 2888/2338/2738 2890/2339/2739 2889/2340/800
f 2890/2339/2739 2891/2341/2740 2889/2340/800
f 2891/2341/2740 2892/2342/2741 2889/2340/800
f 2892/2343/2741 2893/2344/2742 2889/2340/800
f 2887/2345/2743 2888/2338/2738 2889/2340/800
f 2893/2344/2742 2894/2346/2744 2889/2340/800
f 2909/2347/2745 2886/2348/2746 2877/2349/2747
f 2908/2350/2748 2877/2351/2747 2885/2352/2749
f 2894/2346/2744 2895/2353/2750 2889/2340/800
f 2895/2353/2750 2887/2345/2743 2889/2340/800
f 2911/2354/2751 2885/2352/2749 2877/2351/2747
f 2869/2355/2752 2908/2350/2748 2885/2352/2749
f 2862/2356/2753 2910/2357/2754 2878/2358/2755
f 2878/2358/2755 2911/2354/2751 2870/2359/2756
f 2897/2360/2757 2878/2358/2755 2870/2359/2756
f 2886/2348/2746 2911/2361/2751 2877/2349/2747
f 2869/2355/2752 2887/2345/2743 2895/2353/2750
f 2869/2355/2752 2910/2357/2754 2862/2356/2753
f 2879/2362/2758 2897/2360/2757 2871/2363/2759
f 2899/2364/2760 2879/2362/2758 2871/2363/2759
f 2886/2348/2746 2897/2360/2757 2870/2359/2756
f 2862/2356/2753 2888/2338/2738 2887/2345/2743
f 2863/2365/2761 2896/2366/2762 2879/2362/2758
f 2862/2356/2753 2896/2366/2762 2863/2365/2761
f 2899/2367/2760 2886/2348/2746 2872/2368/2763
f 2880/2369/2764 2899/2364/2760 2872/2370/2763
f 2901/2371/2765 2880/2369/2764 2872/2370/2763
f 2888/2338/2738 2864/2372/2766 2890/2339/2739
f 2864/2372/2766 2898/2373/2767 2880/2369/2764
f 2863/2365/2761 2898/2373/2767 2864/2372/2766
f 2901/2374/2765 2886/2348/2746 2873/2375/2768
f 2881/2376/2769 2901/2371/2765 2873/2377/2768
f 2903/2378/2770 2881/2376/2769 2873/2377/2768
f 2890/2339/2739 2865/2379/2771 2891/2341/2740
f 2865/2379/2771 2900/2380/2772 2881/2376/2769
f 2864/2372/2766 2900/2380/2772 2865/2379/2771
f 2886/2348/2746 2903/2381/2770 2873/2375/2768
f 2882/2382/2773 2903/2378/2770 2874/2383/2774
f 2905/2384/2775 2882/2385/2773 2874/2386/2774
f 2865/2379/2771 2892/2342/2741 2891/2341/2740
f 2866/2387/2776 2902/2388/2777 2882/2382/2773
f 2865/2379/2771 2902/2388/2777 2866/2387/2776
f 2907/2389/2778 2886/2348/2746 2876/2390/2779
f 2906/2391/2780 2876/2392/2779 2884/2393/2781
f 2909/2394/2745 2884/2393/2781 2876/2392/2779
f 2894/2346/2744 2869/2355/2752 2895/2353/2750
f 2868/2395/2782 2908/2350/2748 2869/2355/2752
f 2886/2348/2746 2905/2396/2775 2874/2397/2774
f 2883/2398/2783 2905/2384/2775 2875/2399/2784
f 2907/2400/2778 2883/2398/2783 2875/2399/2784
f 2893/2344/2742 2868/2395/2782 2894/2346/2744
f 2866/2401/2776 2893/2344/2742 2892/2343/2741
f 2867/2402/2785 2904/2403/2786 2883/2398/2783
f 2868/2395/2782 2906/2391/2780 2884/2393/2781
f 2866/2401/2776 2904/2403/2786 2867/2402/2785
f 2867/2402/2785 2906/2391/2780 2868/2395/2782
f 2912/2404/2787 3503/2405/2788 3504/2406/2789
f 2933/2407/2790 2930/2408/2791 2922/2409/2792
f 2934/2410/2793 2920/2411/2794 2930/2408/2791
f 2935/2412/2795 2928/2413/2796 2920/2411/2794
f 2936/2414/2797 2926/2415/2798 2928/2413/2796
f 2918/2416/2799 2937/2417/2800 2938/2418/2801
f 3018/2419/2802 2938/2418/2801 3017/2420/2803
f 2939/2421/2804 2924/2422/2805 2914/2423/2806
f 2940/2424/2807 2917/2425/2808 2924/2422/2805
f 2916/2426/2809 2943/2427/2810 2925/2428/2811
f 2925/2428/2811 2944/2429/2812 2915/2430/2813
f 2945/2431/2814 3014/2432/2815 3015/2433/2816
f 2919/2434/2817 2946/2435/2818 2927/2436/2819
f 2927/2436/2819 2947/2437/2820 2929/2438/2821
f 2948/2439/2822 2929/2438/2821 2947/2437/2820
f 2949/2440/2823 2921/2441/2824 2948/2439/2822
f 2950/2442/2825 2931/2443/2826 2949/2440/2823
f 2913/2444/2827 3501/2445/2828 2951/2446/2829
f 2961/2447/2830 2917/2448/2808 2941/2449/2831
f 2960/2450/2832 2941/2449/2831 2940/2424/2807
f 2960/2450/2832 2939/2421/2804 2959/2451/2833
f 3016/2452/2834 2938/2418/2801 2958/2453/2835
f 2958/2453/2835 2937/2417/2800 2957/2454/2836
f 2956/2455/2837 2937/2417/2800 2936/2414/2797
f 2956/2455/2837 2935/2412/2795 2955/2456/2838
f 2955/2456/2838 2934/2410/2793 2954/2457/2839
f 2954/2457/2839 2933/2407/2790 2953/2458/2840
f 3502/2459/2841 2932/2460/2842 2952/2461/2843
f 2916/2462/2809 2961/2447/2830 2942/2463/2844
f 2942/2463/2844 2960/2450/2832 2943/2427/2810
f 2944/2429/2812 2960/2450/2832 2959/2451/2833
f 2945/2431/2814 3016/2452/2834 2958/2453/2835
f 2946/2435/2818 2958/2453/2835 2957/2454/2836
f 2946/2435/2818 2956/2455/2837 2947/2437/2820
f 2948/2439/2822 2956/2455/2837 2955/2456/2838
f 2949/2440/2823 2955/2456/2838 2954/2457/2839
f 2950/2442/2825 2954/2457/2839 2953/2458/2840
f 2951/2446/2829 3502/2459/2841 2952/2461/2843
f 3496/2464/2845 2999/2465/2846 2998/2466/2847
f 3006/2467/2848 2992/2468/2849 3005/2469/2850
f 3005/2469/2850 3010/2470/2851 3011/2471/2852
f 3000/2472/2853 2998/2466/2847 2999/2465/2846
f 3002/2473/2854 2996/2474/2855 3001/2475/2856
f 3006/2467/2848 2990/2476/2857 2991/2477/2858
f 3004/2478/2859 2994/2479/2860 3003/2480/2861
f 3002/2473/2854 2994/2479/2860 2995/2481/2862
f 3001/2475/2856 2997/2482/2863 3000/2472/2853
f 2971/2483/2864 3498/2484/2865 3499/2485/2866
f 2979/2486/2867 2981/2487/2868 2971/2483/2864
f 2969/2488/2869 2982/2489/2870 2979/2486/2867
f 2977/2490/2871 2983/2491/2872 2969/2488/2869
f 2975/2492/2873 2984/2493/2874 2977/2490/2871
f 2967/2494/2875 2985/2495/2876 2975/2492/2873
f 2963/2496/2877 3012/2497/2878 3013/2498/2879
f 2973/2499/2880 2987/2500/2881 2963/2496/2877
f 2966/2501/2882 2988/2502/2883 2973/2499/2880
f 3007/2503/2884 2965/2504/2885 2990/2476/2857
f 2991/2477/2858 2965/2505/2885 2974/2506/2886
f 2992/2468/2849 2974/2506/2886 2964/2507/2887
f 3010/2470/2851 2964/2507/2887 3009/2508/2888
f 2994/2479/2860 2968/2509/2889 2976/2510/2890
f 2995/2481/2862 2976/2510/2890 2978/2511/2891
f 2996/2474/2855 2978/2511/2891 2970/2512/2892
f 2997/2482/2863 2970/2512/2892 2980/2513/2893
f 2998/2466/2847 2980/2513/2893 2972/2514/2894
f 3496/2464/2845 2972/2514/2894 3495/2515/2895
f 3498/2484/2865 2999/2465/2846 3497/2516/2896
f 2981/2487/2868 3000/2472/2853 2999/2465/2846
f 2982/2489/2870 3001/2475/2856 3000/2472/2853
f 2983/2491/2872 3002/2473/2854 3001/2475/2856
f 2985/2495/2876 3002/2473/2854 2984/2493/2874
f 2985/2495/2876 3004/2478/2859 3003/2480/2861
f 3012/2497/2878 3005/2469/2850 3011/2471/2852
f 2987/2500/2881 3006/2467/2848 3005/2469/2850
f 2989/2517/2897 3006/2467/2848 2988/2502/2883
f 2966/2518/2882 3007/2503/2884 2989/2517/2897
f 2993/2519/2898 3009/2508/2888 2968/2520/2889
f 3011/2471/2852 2993/2519/2898 3004/2478/2859
f 2986/2521/2899 3011/2471/2852 3004/2478/2859
f 3013/2498/2879 2986/2521/2899 2967/2494/2875
f 3015/2433/2816 2915/2430/2813 2944/2429/2812
f 3015/2433/2816 2959/2451/2833 3016/2452/2834
f 3017/2420/2803 2959/2451/2833 2939/2421/2804
f 2914/2423/2806 3017/2420/2803 2939/2421/2804
f 3019/2522/2900 3029/2523/2901 3030/2524/2902
f 3022/2525/2903 3024/2526/2904 3023/2527/2905
f 3026/2528/2906 3019/2522/2900 3021/2529/2907
f 3028/2530/2908 3021/2529/2907 3027/2531/2909
f 3026/2528/2906 3029/2523/2901 3025/2532/2910
f 3032/2533/2911 3027/2531/2909 3031/2534/2912
f 3028/2530/2908 3033/2535/2913 3029/2523/2901
f 3030/2524/2902 3033/2535/2913 3034/2536/2914
f 3023/2527/2905 3031/2534/2912 3022/2525/2903
f 3032/2533/2911 3024/2526/2904 3033/2535/2913
f 3034/2536/2914 3024/2526/2904 3020/2537/2915
f 3036/2538/2916 3035/2539/2917 3037/2540/2918
f 3035/2539/2917 3044/2541/2919 3040/2542/2920
f 3035/2539/2917 3039/2543/2921 3044/2541/2919
f 3038/2544/2922 3035/2539/2917 3043/2545/2923
f 3042/2546/2924 3035/2539/2917 3045/2547/2925
f 3045/2547/2925 3035/2539/2917 3040/2542/2920
f 3043/2545/2923 3047/2548/2926 3038/2544/2922
f 3039/2543/2921 3049/2549/2927 3050/2550/2928
f 3042/2546/2924 3048/2551/2929 3043/2545/2923
f 3041/2552/2930 3046/2553/2931 3049/2549/2927
f 3039/2543/2921 3052/2554/2932 3044/2541/2919
f 3044/2541/2919 3053/2555/2933 3040/2542/2920
f 3045/2547/2925 3053/2556/2933 3054/2557/2934
f 3042/2546/2924 3054/2557/2934 3051/2558/2935
f 3062/2559/2936 3082/2560/2937 3063/2561/2938
f 3082/2560/2937 3064/2562/2939 3063/2561/2938
f 3079/2563/2940 3086/2564/2941 3085/2565/2942
f 3067/2566/2943 3081/2567/2944 3080/2568/2945
f 3068/2569/2946 3080/2568/2945 3079/2563/2940
f 3079/2563/2940 3093/2570/2947 3068/2569/2946
f 3057/2571/2948 3091/2572/2949 3058/2573/2950
f 3055/2574/2951 3092/2575/2952 3057/2571/2948
f 3059/2576/2953 3070/2577/2954 3065/2578/2955
f 3071/2579/2956 3065/2578/2955 3070/2577/2954
f 3046/2553/2931 3066/2580/2957 3071/2579/2956
f 3069/2581/2958 3061/2582/2959 3072/2583/2960
f 3061/2582/2959 3073/2584/2961 3072/2583/2960
f 3062/2559/2936 3084/2585/2962 3083/2586/2963
f 3074/2587/2964 3063/2561/2938 3075/2588/2965
f 3063/2561/2938 3076/2589/2966 3075/2588/2965
f 3077/2590/2967 3064/2562/2939 3067/2566/2943
f 3067/2566/2943 3078/2591/2968 3077/2590/2967
f 3093/2570/2947 3056/2592/2969 3094/2593/2970
f 3085/2565/2942 3092/2575/2952 3079/2563/2940
f 3087/2594/2971 3080/2568/2945 3081/2567/2944
f 3081/2567/2944 3088/2595/2972 3087/2594/2971
f 3088/2595/2972 3083/2586/2963 3089/2596/2973
f 3090/2597/2974 3083/2586/2963 3084/2598/2962
f 3058/2573/2950 3036/2538/2916 3037/2540/2918
f 3091/2572/2949 3066/2580/2957 3036/2538/2916
f 3085/2565/2942 3065/2578/2955 3066/2580/2957
f 3059/2576/2953 3086/2564/2941 3087/2594/2971
f 3059/2576/2953 3088/2595/2972 3061/2582/2959
f 3088/2595/2972 3060/2599/2975 3061/2582/2959
f 3073/2584/2961 3089/2596/2973 3090/2597/2974
f 3068/2569/2946 3094/2593/2970 3078/2591/2968
f 3098/2600/2976 3118/2601/2977 3119/2602/2978
f 3100/2603/2979 3118/2601/2977 3099/2604/2980
f 3122/2605/2981 3115/2606/2982 3121/2607/2983
f 3117/2608/2984 3103/2609/2985 3116/2610/2986
f 3116/2610/2986 3104/2611/2987 3115/2606/2982
f 3115/2606/2982 3129/2612/2988 3128/2613/2989
f 3057/2571/2948 3127/2614/2990 3128/2613/2989
f 3055/2574/2951 3128/2613/2989 3129/2612/2988
f 3095/2615/2991 3106/2616/2992 3105/2617/2993
f 3107/2618/2994 3101/2619/2995 3102/2620/2996
f 3047/2548/2926 3102/2620/2996 3038/2544/2922
f 3105/2617/2993 3097/2621/2997 3095/2615/2991
f 3109/2622/2998 3097/2621/2997 3108/2623/2999
f 3120/2624/3000 3098/2600/2976 3119/2602/2978
f 3110/2625/3001 3099/2604/2980 3098/2600/2976
f 3112/2626/3002 3099/2604/2980 3111/2627/3003
f 3100/2603/2979 3113/2628/3004 3103/2609/2985
f 3114/2629/3005 3103/2609/2985 3113/2628/3004
f 3056/2592/2969 3129/2612/2988 3130/2630/3006
f 3121/2607/2983 3128/2613/2989 3127/2614/2990
f 3123/2631/3007 3116/2610/2986 3122/2605/2981
f 3124/2632/3008 3117/2608/2984 3123/2631/3007
f 3124/2632/3008 3119/2602/2978 3118/2601/2977
f 3126/2633/3009 3119/2602/2978 3125/2634/3010
f 3037/2540/2918 3127/2614/2990 3058/2573/2950
f 3102/2620/2996 3127/2614/2990 3038/2544/2922
f 3101/2619/2995 3121/2607/2983 3102/2620/2996
f 3122/2605/2981 3095/2615/2991 3123/2631/3007
f 3095/2615/2991 3124/2632/3008 3123/2631/3007
f 3096/2635/3011 3124/2632/3008 3097/2621/2997
f 3109/2622/2998 3125/2634/3010 3096/2635/3011
f 3130/2630/3006 3104/2611/2987 3114/2629/3005
f 3136/2636/3012 3148/2637/3013 3135/2638/3014
f 3152/2639/3015 3153/2640/3016 3154/2641/3017
f 3149/2642/3018 3136/2636/3012 3143/2643/3019
f 3132/2644/3020 3135/2638/3014 3134/2645/3021
f 3143/2643/3019 3132/2644/3020 3152/2639/3015
f 3131/2646/3022 3138/2647/3023 3137/2648/3024
f 3131/2646/3022 3143/2643/3019 3154/2641/3017
f 3143/2643/3019 3152/2639/3015 3154/2641/3017
f 3153/2640/3016 3131/2646/3022 3154/2641/3017
f 3151/2649/3025 3132/2644/3020 3134/2645/3021
f 3144/2650/3026 3155/2651/3027 3156/2652/3028
f 3140/2653/3029 3148/2637/3013 3147/2654/3030
f 3142/2655/3031 3144/2650/3026 3156/2652/3028
f 3140/2653/3029 3150/2656/3032 3155/2651/3027
f 3137/2648/3024 3145/2657/3033 3146/2658/3034
f 3137/2648/3024 3149/2642/3018 3143/2643/3019
f 3145/2657/3033 3142/2655/3031 3146/2658/3034
f 3150/2656/3032 3142/2655/3031 3156/2652/3028
f 3150/2656/3032 3149/2642/3018 3146/2658/3034
f 3150/2656/3032 3156/2652/3028 3155/2651/3027
f 3144/2650/3026 3140/2653/3029 3155/2651/3027
f 3180/2659/3035 3177/2660/3036 3179/2661/3037
f 3161/2662/3023 3158/2663/3038 3160/2664/3039
f 3158/2663/3038 3169/2665/3040 3177/2660/3036
f 3164/2666/3014 3157/2667/3041 3163/2668/3042
f 3169/2665/3040 3157/2667/3041 3179/2661/3037
f 3169/2665/3040 3179/2661/3037 3177/2660/3036
f 3178/2669/3043 3158/2663/3038 3177/2660/3036
f 3180/2659/3035 3157/2667/3041 3159/2670/3044
f 3174/2671/3033 3162/2672/3045 3161/2662/3023
f 3170/2673/3046 3166/2674/3047 3165/2675/3048
f 3174/2671/3033 3166/2674/3047 3173/2676/3049
f 3170/2673/3046 3168/2677/3050 3182/2678/3051
f 3176/2679/3052 3166/2674/3047 3181/2680/3053
f 3171/2681/3013 3163/2668/3042 3172/2682/3054
f 3162/2672/3045 3175/2683/3055 3169/2665/3040
f 3175/2683/3055 3163/2668/3042 3169/2665/3040
f 3171/2681/3013 3168/2677/3050 3167/2684/3056
f 3168/2677/3050 3176/2679/3052 3182/2678/3051
f 3175/2683/3055 3176/2679/3052 3172/2682/3054
f 3170/2673/3046 3182/2678/3051 3181/2680/3053
f 3176/2679/3052 3181/2680/3053 3182/2678/3051
f 3201/2685/3057 3184/2686/3058 3186/2687/3059
f 3203/2688/3060 3183/2689/3061 3204/2690/3062
f 3201/2685/3057 3204/2690/3062 3202/2691/3063
f 3184/2686/3058 3187/2692/3064 3186/2687/3059
f 3195/2693/3065 3184/2686/3058 3202/2691/3063
f 3183/2689/3061 3190/2694/3066 3189/2695/3067
f 3183/2689/3061 3195/2693/3065 3204/2690/3062
f 3195/2693/3065 3202/2691/3063 3204/2690/3062
f 3194/2696/3068 3200/2697/3069 3193/2698/3070
f 3192/2699/3071 3196/2700/3072 3191/2701/3073
f 3194/2696/3068 3196/2700/3072 3208/2702/3074
f 3189/2695/3067 3200/2697/3069 3199/2703/3075
f 3205/2704/3076 3206/2705/3077 3199/2703/3075
f 3192/2699/3071 3197/2706/3078 3198/2707/3079
f 3188/2708/3080 3197/2706/3078 3187/2692/3064
f 3206/2705/3077 3188/2708/3080 3195/2693/3065
f 3189/2695/3067 3206/2705/3077 3195/2693/3065
f 3205/2704/3076 3194/2696/3068 3208/2702/3074
f 3192/2699/3071 3205/2704/3076 3207/2709/3081
f 3196/2700/3072 3207/2709/3081 3208/2702/3074
f 3205/2704/3076 3208/2702/3074 3207/2709/3081
f 3206/2705/3077 3205/2704/3076 3198/2707/3079
f 3229/2710/3082 3228/2711/3083 3227/2712/3084
f 3228/2711/3083 3210/2713/3085 3227/2712/3084
f 3230/2714/3086 3209/2715/3087 3211/2716/3088
f 3213/2717/3066 3210/2713/3085 3212/2718/3089
f 3210/2713/3085 3221/2719/3090 3227/2712/3084
f 3216/2720/3064 3209/2715/3087 3215/2721/3091
f 3221/2719/3090 3209/2715/3087 3229/2710/3082
f 3232/2722/3092 3215/2721/3091 3221/2719/3090
f 3226/2723/3078 3215/2721/3091 3225/2724/3093
f 3221/2719/3090 3229/2710/3082 3227/2712/3084
f 3225/2724/3093 3232/2722/3092 3231/2725/3094
f 3222/2726/3095 3218/2727/3096 3217/2728/3097
f 3218/2727/3096 3223/2729/3069 3217/2730/3097
f 3222/2726/3095 3220/2731/3098 3234/2732/3099
f 3214/2733/3100 3223/2729/3069 3224/2734/3101
f 3220/2731/3098 3226/2723/3078 3225/2724/3093
f 3231/2725/3094 3218/2727/3096 3233/2735/3102
f 3220/2731/3098 3231/2725/3094 3234/2732/3099
f 3214/2733/3100 3232/2722/3092 3221/2719/3090
f 3232/2722/3092 3224/2734/3101 3231/2725/3094
f 3222/2726/3095 3234/2732/3099 3233/2735/3102
f 3231/2725/3094 3233/2735/3102 3234/2732/3099
f 3236/2736/3103 3248/2737/3104 3235/2738/3105
f 3240/2739/3106 3237/2740/3107 3238/2741/3108
f 3252/2742/3109 3253/2743/3110 3254/2744/3111
f 3242/2745/3112 3235/2738/3105 3241/2746/3113
f 3236/2736/3103 3250/2747/3114 3247/2748/3115
f 3249/2749/3116 3235/2738/3105 3248/2737/3104
f 3244/2750/3117 3238/2741/3108 3237/2740/3107
f 3245/2751/3118 3237/2740/3107 3239/2752/3119
f 3255/2753/3120 3258/2754/3121 3256/2755/3122
f 3246/2756/3123 3238/2741/3108 3243/2757/3124
f 3247/2748/3115 3244/2750/3117 3248/2737/3104
f 3249/2749/3116 3244/2750/3117 3245/2751/3118
f 3255/2753/3120 3254/2744/3111 3253/2743/3110
f 3250/2747/3114 3243/2757/3124 3247/2748/3115
f 3241/2746/3113 3252/2758/3109 3242/2745/3112
f 3249/2749/3116 3251/2759/3125 3241/2760/3113
f 3250/2747/3114 3252/2761/3109 3254/2762/3111
f 3245/2751/3118 3257/2763/3126 3255/2753/3120
f 3239/2764/3119 3258/2765/3121 3257/2766/3126
f 3246/2756/3123 3258/2767/3121 3240/2768/3106
f 3246/2756/3123 3254/2762/3111 3256/2769/3122
f 3245/2751/3118 3253/2743/3110 3249/2749/3116
f 3260/2770/3127 3279/2771/3128 3280/2772/3129
f 3264/2773/3130 3286/2774/3131 3262/2775/3132
f 3282/2776/3133 3266/2777/3134 3281/2778/3135
f 3280/2772/3129 3266/2779/3134 3260/2770/3127
f 3260/2770/3127 3274/2780/3136 3271/2781/3137
f 3273/2782/3138 3259/2783/3139 3272/2784/3140
f 3296/2785/3141 3290/2786/3142 3295/2787/3143
f 3291/2788/3144 3299/2789/3145 3300/2790/3146
f 3293/2791/3147 3297/2792/3148 3298/2793/3149
f 3297/2792/3148 3289/2794/3150 3296/2785/3141
f 3271/2781/3137 3288/2795/3151 3279/2771/3128
f 3269/2796/3152 3272/2784/3140 3268/2797/3153
f 3274/2780/3136 3283/2798/3154 3270/2799/3155
f 3271/2781/3137 3270/2799/3155 3267/2800/3156
f 3287/2801/3157 3262/2775/3132 3286/2774/3131
f 3263/2802/3158 3276/2803/3159 3261/2804/3160
f 3264/2805/3130 3284/2806/3161 3285/2807/3162
f 3278/2808/3163 3262/2775/3132 3275/2809/3164
f 3268/2797/3153 3279/2771/3128 3288/2795/3151
f 3259/2783/3139 3279/2771/3128 3272/2784/3140
f 3259/2783/3139 3281/2810/3135 3280/2772/3129
f 3282/2776/3133 3265/2811/3165 3273/2812/3138
f 3273/2812/3138 3283/2798/3154 3282/2776/3133
f 3292/2813/3166 3298/2793/3149 3299/2814/3145
f 3263/2815/3158 3284/2806/3161 3277/2816/3167
f 3285/2817/3162 3261/2804/3160 3286/2774/3131
f 3287/2801/3157 3261/2804/3160 3276/2803/3159
f 3295/2787/3143 3291/2788/3144 3300/2790/3146
f 3287/2801/3157 3289/2794/3150 3275/2809/3164
f 3276/2803/3159 3290/2786/3142 3287/2801/3157
f 3276/2803/3159 3292/2818/3166 3291/2788/3144
f 3293/2791/3147 3277/2816/3167 3284/2806/3161
f 3294/2819/3168 3284/2806/3161 3278/2808/3163
f 3294/2819/3168 3275/2809/3164 3289/2794/3150
f 3267/2800/3156 3295/2787/3143 3288/2795/3151
f 3270/2799/3155 3296/2785/3141 3267/2800/3156
f 3298/2793/3149 3270/2799/3155 3283/2798/3154
f 3299/2814/3145 3283/2798/3154 3269/2820/3152
f 3269/2796/3152 3300/2790/3146 3299/2789/3145
f 3288/2795/3151 3300/2790/3146 3268/2797/3153
f 3371/2821/3169 3337/2822/3170 3338/2823/3171
f 3337/2822/3170 3373/2824/3172 3336/2825/3173
f 3336/2825/3173 3374/2826/3174 3335/2827/3175
f 3374/2826/3174 3342/2828/3176 3335/2827/3175
f 3375/2829/3177 3341/2830/3178 3342/2828/3176
f 3341/2830/3178 3377/2831/3179 3340/2832/3180
f 3340/2832/3180 3378/2833/3181 3339/2834/3182
f 3378/2833/3181 3338/2823/3171 3339/2834/3182
f 3390/2835/3183 3389/2836/3184 3391/2837/3185
f 3391/2837/3185 3389/2836/3184 3392/2838/3186
f 3392/2838/3186 3389/2836/3184 3393/2839/3187
f 3393/2839/3187 3389/2836/3184 3394/2840/3188
f 3394/2840/3188 3389/2836/3184 3395/2841/3189
f 3395/2841/3189 3389/2836/3184 3396/2842/3190
f 3396/2842/3190 3389/2836/3184 3397/2843/3191
f 3397/2843/3191 3389/2836/3184 3390/2835/3183
f 3318/2844/3192 3351/2845/3193 3352/2846/3194
f 3318/2844/3192 3353/2847/3195 3321/2848/3196
f 3356/2849/3197 3304/2850/3198 3303/2851/3199
f 3304/2850/3198 3358/2852/3200 3305/2853/3201
f 3305/2853/3201 3359/2854/3202 3306/2855/3203
f 3306/2855/3203 3360/2856/3204 3307/2857/3205
f 3307/2857/3205 3361/2858/3206 3308/2859/3207
f 3308/2859/3207 3362/2860/3208 3301/2861/3209
f 3310/2862/3210 3368/2863/3211 3369/2864/3212
f 3311/2865/3213 3369/2864/3212 3370/2866/3214
f 3312/2867/3215 3370/2868/3214 3363/2869/3216
f 3312/2867/3215 3364/2870/3217 3313/2871/3218
f 3313/2872/3218 3365/2873/3219 3314/2874/3220
f 3314/2874/3220 3366/2875/3221 3315/2876/3222
f 3315/2877/3222 3367/2878/3223 3316/2879/3224
f 3309/2880/3225 3367/2878/3223 3368/2881/3211
f 3302/2882/3226 3328/2883/3227 3323/2884/3228
f 3301/2861/3209 3349/2885/3229 3328/2883/3227
f 3327/2886/3230 3310/2862/3210 3326/2887/3231
f 3324/2888/3232 3302/2882/3226 3323/2884/3228
f 3310/2862/3210 3325/2889/3233 3326/2887/3231
f 3303/2851/3199 3355/2890/3234 3356/2849/3197
f 3323/2884/3228 3331/2891/3235 3324/2888/3232
f 3331/2891/3235 3355/2890/3234 3324/2888/3232
f 3326/2887/3231 3332/2892/3236 3333/2893/3237
f 3326/2887/3231 3334/2894/3238 3327/2886/3230
f 3329/2895/3239 3349/2885/3229 3350/2896/3240
f 3323/2884/3228 3329/2895/3239 3330/2897/3241
f 3344/2898/3242 3317/2899/3243 3318/2844/3192
f 3321/2848/3196 3344/2898/3242 3318/2844/3192
f 3321/2848/3196 3379/2900/3244 3345/2901/3245
f 3347/2902/3246 3322/2903/3247 3320/2904/3248
f 3319/2905/3249 3347/2902/3246 3320/2904/3248
f 3317/2899/3243 3380/2906/3250 3351/2845/3193
f 3343/2907/3251 3387/2908/3252 3388/2909/3253
f 3345/2901/3245 3387/2908/3252 3344/2898/3242
f 3385/2910/3254 3345/2901/3245 3379/2900/3244
f 3346/2911/3255 3383/2912/3256 3384/2913/3257
f 3348/2914/3258 3383/2912/3256 3347/2902/3246
f 3343/2907/3251 3381/2915/3259 3380/2906/3250
f 3322/2916/3247 3379/2900/3244 3353/2847/3195
f 3320/2904/3248 3351/2917/3193 3319/2905/3249
f 3320/2904/3248 3353/2918/3195 3352/2919/3194
f 3346/2920/3255 3385/2910/3254 3379/2900/3244
f 3325/2921/3233 3354/2922/3260 3332/2923/3236
f 3325/2921/3233 3356/2849/3197 3355/2890/3234
f 3357/2924/3261 3311/2925/3213 3312/2867/3215
f 3313/2871/3218 3357/2924/3261 3312/2867/3215
f 3314/2874/3220 3358/2852/3200 3313/2872/3218
f 3315/2876/3222 3359/2854/3202 3314/2874/3220
f 3316/2879/3224 3360/2856/3204 3315/2877/3222
f 3362/2860/3208 3316/2879/3224 3309/2880/3225
f 3309/2880/3225 3349/2885/3229 3362/2860/3208
f 3327/2926/3230 3350/2896/3240 3349/2885/3229
f 3381/2915/3259 3348/2927/3258 3380/2906/3250
f 3319/2928/3249 3380/2906/3250 3348/2927/3258
f 3305/2853/3201 3335/2827/3175 3304/2850/3198
f 3306/2855/3203 3336/2825/3173 3305/2853/3201
f 3307/2857/3205 3337/2822/3170 3306/2855/3203
f 3307/2857/3205 3339/2834/3182 3338/2823/3171
f 3308/2859/3207 3340/2832/3180 3339/2834/3182
f 3301/2861/3209 3341/2830/3178 3340/2832/3180
f 3302/2882/3226 3342/2828/3176 3341/2830/3178
f 3304/2850/3198 3342/2828/3176 3303/2851/3199
f 3334/2929/3238 3381/2915/3259 3350/2896/3240
f 3382/2930/3262 3333/2893/3237 3383/2912/3256
f 3384/2913/3257 3333/2893/3237 3332/2892/3236
f 3385/2910/3254 3332/2923/3236 3354/2922/3260
f 3386/2931/3263 3354/2922/3260 3331/2891/3235
f 3386/2931/3263 3330/2897/3241 3387/2908/3252
f 3388/2909/3253 3330/2897/3241 3329/2895/3239
f 3388/2909/3253 3350/2896/3240 3381/2915/3259
f 3372/2932/3264 3390/2835/3183 3391/2837/3185
f 3372/2932/3264 3392/2838/3186 3373/2824/3172
f 3373/2824/3172 3393/2839/3187 3374/2826/3174
f 3375/2829/3177 3393/2839/3187 3394/2840/3188
f 3376/2933/3265 3394/2840/3188 3395/2841/3189
f 3376/2933/3265 3396/2842/3190 3377/2831/3179
f 3377/2831/3179 3397/2843/3191 3378/2833/3181
f 3371/2821/3169 3397/2843/3191 3390/2835/3183
f 3434/2822/3266 3468/2821/3267 3435/2823/3268
f 3434/2822/3266 3470/2824/3269 3469/2932/3270
f 3433/2825/3271 3471/2826/3272 3470/2824/3269
f 3439/2828/3273 3471/2826/3272 3432/2827/3274
f 3438/2830/3275 3472/2829/3276 3439/2828/3273
f 3438/2830/3275 3474/2831/3277 3473/2933/3278
f 3437/2832/3279 3475/2833/3280 3474/2831/3277
f 3435/2823/3268 3475/2833/3280 3436/2834/3281
f 3487/2835/3282 3488/2837/3283 3486/2836/3284
f 3488/2837/3283 3489/2838/3285 3486/2836/3284
f 3489/2838/3285 3490/2839/3286 3486/2836/3284
f 3490/2839/3286 3491/2840/3287 3486/2836/3284
f 3491/2840/3287 3492/2841/3288 3486/2836/3284
f 3492/2841/3288 3493/2842/3289 3486/2836/3284
f 3493/2842/3289 3494/2843/3290 3486/2836/3284
f 3494/2843/3290 3487/2835/3282 3486/2836/3284
f 3415/2844/3291 3448/2845/3292 3414/2899/3293
f 3450/2847/3294 3415/2844/3291 3418/2848/3295
f 3401/2850/3296 3453/2849/3297 3400/2851/3298
f 3401/2850/3296 3455/2852/3299 3454/2924/3300
f 3402/2853/3301 3456/2854/3302 3455/2852/3299
f 3403/2855/3303 3457/2856/3304 3456/2854/3302
f 3404/2857/3305 3458/2858/3306 3457/2856/3304
f 3405/2859/3307 3459/2860/3308 3458/2858/3306
f 3407/2862/3309 3465/2863/3310 3406/2934/3311
f 3408/2865/3312 3466/2864/3313 3407/2862/3309
f 3409/2867/3314 3467/2868/3315 3408/2925/3312
f 3461/2870/3316 3409/2867/3314 3410/2871/3317
f 3462/2873/3318 3410/2872/3317 3411/2874/3319
f 3463/2875/3320 3411/2874/3319 3412/2876/3321
f 3464/2878/3322 3412/2877/3321 3413/2879/3323
f 3406/2880/3311 3464/2878/3322 3413/2879/3323
f 3425/2883/3324 3399/2882/3325 3420/2884/3326
f 3446/2885/3327 3398/2861/3328 3425/2883/3324
f 3424/2886/3329 3407/2862/3309 3406/2934/3311
f 3421/2888/3330 3399/2882/3325 3400/2851/3298
f 3422/2889/3331 3407/2862/3309 3423/2887/3332
f 3400/2851/3298 3452/2890/3333 3421/2888/3330
f 3428/2891/3334 3420/2884/3326 3421/2888/3330
f 3452/2890/3333 3428/2891/3334 3421/2888/3330
f 3423/2887/3332 3429/2892/3335 3422/2889/3331
f 3431/2894/3336 3423/2887/3332 3424/2886/3329
f 3426/2895/3337 3446/2885/3327 3425/2883/3324
f 3426/2895/3337 3420/2884/3326 3427/2897/3338
f 3414/2899/3293 3441/2898/3339 3415/2844/3291
f 3418/2848/3295 3441/2898/3339 3442/2901/3340
f 3476/2900/3341 3418/2848/3295 3442/2901/3340
f 3419/2903/3342 3444/2902/3343 3417/2904/3344
f 3416/2905/3345 3444/2902/3343 3445/2914/3346
f 3477/2906/3347 3414/2899/3293 3448/2845/3292
f 3440/2907/3348 3484/2908/3349 3441/2898/3339
f 3484/2908/3349 3442/2901/3340 3441/2898/3339
f 3442/2901/3340 3482/2910/3350 3476/2900/3341
f 3443/2911/3351 3480/2912/3352 3444/2902/3343
f 3480/2912/3352 3445/2914/3346 3444/2902/3343
f 3440/2907/3348 3478/2915/3353 3485/2909/3354
f 3476/2900/3341 3419/2916/3342 3450/2847/3294
f 3448/2917/3292 3417/2904/3344 3416/2905/3345
f 3417/2904/3344 3450/2918/3294 3419/2903/3342
f 3443/2920/3351 3482/2910/3350 3481/2935/3355
f 3451/2922/3356 3422/2921/3331 3429/2923/3335
f 3422/2921/3331 3453/2849/3297 3408/2925/3312
f 3408/2925/3312 3454/2924/3300 3409/2867/3314
f 3410/2871/3317 3454/2924/3300 3455/2852/3299
f 3411/2874/3319 3455/2852/3299 3456/2854/3302
f 3412/2876/3321 3456/2854/3302 3457/2856/3304
f 3413/2879/3323 3457/2856/3304 3458/2858/3306
f 3413/2879/3323 3459/2860/3308 3406/2880/3311
f 3406/2880/3311 3446/2885/3327 3424/2926/3329
f 3424/2926/3329 3447/2896/3357 3431/2929/3336
f 3478/2915/3353 3445/2927/3346 3479/2936/3358
f 3416/2928/3345 3477/2906/3347 3448/2845/3292
f 3432/2827/3274 3402/2853/3301 3401/2850/3296
f 3433/2825/3271 3403/2855/3303 3402/2853/3301
f 3434/2822/3266 3404/2857/3305 3403/2855/3303
f 3404/2857/3305 3436/2834/3281 3405/2859/3307
f 3405/2859/3307 3437/2832/3279 3398/2861/3328
f 3398/2861/3328 3438/2830/3275 3399/2882/3325
f 3399/2882/3325 3439/2828/3273 3400/2851/3298
f 3439/2828/3273 3401/2850/3296 3400/2851/3298
f 3478/2915/3353 3431/2929/3336 3447/2896/3357
f 3430/2893/3359 3479/2930/3358 3480/2912/3352
f 3481/2913/3355 3430/2893/3359 3480/2912/3352
f 3482/2910/3350 3429/2923/3335 3481/2935/3355
f 3483/2931/3360 3451/2922/3356 3482/2910/3350
f 3427/2897/3338 3483/2931/3360 3484/2908/3349
f 3485/2909/3354 3427/2897/3338 3484/2908/3349
f 3447/2896/3357 3485/2909/3354 3478/2915/3353
f 3469/2932/3270 3487/2835/3282 3468/2821/3267
f 3489/2838/3285 3469/2932/3270 3470/2824/3269
f 3490/2839/3286 3470/2824/3269 3471/2826/3272
f 3472/2829/3276 3490/2839/3286 3471/2826/3272
f 3491/2840/3287 3473/2933/3278 3492/2841/3288
f 3493/2842/3289 3473/2933/3278 3474/2831/3277
f 3494/2843/3290 3474/2831/3277 3475/2833/3280
f 3468/2821/3267 3494/2843/3290 3475/2833/3280
f 2951/2937/2829 3495/2515/2895 2913/2938/2827
f 2951/2937/2829 3497/2516/2896 3496/2464/2845
f 2932/2460/2842 3497/2516/2896 2952/2461/2843
f 3499/2485/2866 2932/2460/2842 2912/2404/2787
f 3501/2445/2828 2923/2939/3361 2950/2442/2825
f 3501/2445/2828 2953/2458/2840 3502/2459/2841
f 3503/2405/2788 2953/2458/2840 2933/2407/2790
f 2922/2409/2792 3503/2405/2788 2933/2407/2790
f 889/2940/3362 854/2941/3363 890/2942/3364
f 888/2943/3365 855/2944/3366 889/2940/3362
f 888/2943/3365 856/406/846 857/2945/3367
f 890/2942/3364 862/2946/3368 876/2947/3369
f 876/2947/3369 860/2948/3370 891/2949/3371
f 888/2943/3365 892/2950/3372 887/405/845
f 892/2950/3372 886/403/843 887/405/845
f 892/2950/3372 890/2942/3364 876/2947/3369
f 926/2951/3373 897/2952/3374 898/2953/3366
f 925/2954/3375 898/2953/3366 900/2955/3367
f 925/2954/3375 899/2956/3376 924/2957/3377
f 924/2957/3377 896/2958/3378 923/431/870
f 927/2959/3379 905/2960/3380 897/2952/3374
f 915/2961/3381 903/2962/3382 905/2960/3380
f 925/2954/3375 929/2963/3383 926/2951/3373
f 892/2950/3372 869/407/847 875/401/841
f 876/2947/3369 894/2964/3384 870/2965/3385
f 876/2947/3369 893/2966/3386 892/2950/3372
f 894/2964/3387 871/2967/3388 870/2965/3388
f 869/433/847 929/2963/3383 914/430/869
f 930/2968/3389 915/2961/3381 870/2969/3385
f 915/2961/3381 893/2970/3386 870/2969/3385
f 930/2968/3390 870/2969/3388 871/2971/3388
f 923/431/870 929/2963/3383 924/2957/3377
f 927/2959/3379 929/2963/3383 915/2961/3381
f 2241/2972/3391 2342/1966/2360 2252/1657/2067
f 2253/383/2064 2293/2973/3392 2292/1742/2151
f 2252/1657/2067 2293/2973/3392 2241/2972/3391
f 2400/1783/2189 2240/2974/3393 2316/1876/2280
f 2378/1744/2153 2240/2974/3393 2379/1743/2152
f 2499/2975/3394 2387/1755/2164 2338/1757/2166
f 2509/1866/2271 2507/2976/3395 2506/1867/2272
f 2499/2975/3394 2506/1867/2272 2507/2976/3395
f 2315/2977/3396 3508/2978/3397 2314/2979/3398
f 2294/2980/3399 2235/382/3400 2236/394/3401
f 2294/2980/3399 2241/2972/3391 2293/2973/3392
f 2294/2980/3399 2316/1876/2280 2240/2974/3393
f 2396/1873/2277 2315/2977/3396 2314/2979/3398
f 2509/1878/2271 2508/2981/3402 2510/2982/821
f 2314/2979/3398 2502/2983/3403 2396/1873/2277
f 2290/2984/3404 2337/385/3405 2377/1886/2288
f 2501/2985/3406 2387/1755/2164 2500/2986/3407
f 2177/2015/2405 2388/1955/2349 2178/1953/2347
f 2512/2017/2407 2501/2985/3406 2513/2987/3408
f 2388/1955/2349 2389/1888/2290 2443/1887/2289
f 2217/2988/3409 2377/1886/2288 2389/1888/2290
f 2513/2987/3408 2500/2986/3407 2290/2984/3404
f 2568/2021/2411 2217/2988/3409 2177/2015/2405
f 2290/2984/3404 2569/2989/3410 2513/2987/3408
f 2569/2989/3410 2512/2017/2407 2513/2987/3408
f 3508/2978/3397 2294/2980/3399 2236/394/3401
f 3507/391/3411 2500/2986/3407 2499/2975/3394
f 3505/388/3412 2499/2975/3394 2507/2976/3395
f 3505/388/3412 2510/2990/821 3506/389/829
f 3509/392/3413 2510/2982/821 2508/2981/3402
f 2508/2981/3402 3508/2978/3397 3509/392/3413
f 1785/2991/3414 1945/1334/1762 1861/2992/3415
f 1923/1269/1700 1785/2991/3414 1786/1271/1702
f 1932/1284/1716 2044/2993/3416 1883/1401/1828
f 3511/344/3417 2055/2994/3418 2052/2995/3419
f 2052/2995/3419 2054/1398/1825 2051/1400/1827
f 3512/343/3420 2052/2995/3419 2044/2993/3416
f 2051/1400/1827 2044/2993/3416 2052/2995/3419
f 3513/346/3421 1860/2996/3422 1859/2997/3423
f 1839/2998/3424 1780/335/1704 1838/1272/1703
f 1839/2998/3424 1786/1271/1702 1785/2991/3414
f 1839/2998/3424 1861/2992/3415 1860/2996/3422
f 3514/340/3425 2055/2999/3418 3510/341/793
f 3513/346/3421 2053/3000/3426 3514/340/3425
f 1861/2992/3415 1989/1331/1759 1944/1409/1835
f 1941/1407/1833 1860/2996/3422 1943/1408/1834
f 1861/2992/3415 1943/1408/1834 1860/2996/3422
f 2054/1412/1825 2053/3000/3426 2047/1413/1838
f 1859/2997/3423 2047/1413/1838 2053/3000/3426
f 1922/3001/3427 1779/337/3428 1882/338/3429
f 1835/3002/3430 1882/338/3429 3512/343/3420
f 3512/343/3420 2045/3003/3431 1835/3002/3430
f 1787/1267/1698 1988/1507/1925 1879/1179/1611
f 1836/1176/1608 1934/3004/3432 1787/1267/1698
f 2046/3005/3433 1932/1284/1716 1980/1161/1592
f 1722/1561/1974 1933/1496/1914 1762/3006/3434
f 2057/1563/1976 2046/3005/3433 1721/1564/1977
f 1980/1161/1592 1721/1564/1977 2046/3005/3433
f 1933/1496/1914 1934/3004/3432 1762/3006/3434
f 1762/3006/3434 1922/3001/3427 1835/3002/3430
f 2058/3007/3435 2045/3003/3431 2046/3005/3433
f 1762/3006/3434 2113/1566/1979 1722/1561/1974
f 1835/3002/3430 2114/3008/3436 1762/3006/3434
f 2057/1563/1976 2114/3008/3436 2058/3007/3435
f 1839/2998/3424 3513/346/3421 1781/342/3437
f 139/132/134 140/136/138 250/133/135
f 141/135/137 249/138/140 250/133/135
f 141/135/137 142/328/141 248/137/139
f 142/139/141 143/143/144 247/140/142
f 144/142/143 246/145/146 247/140/142
f 144/142/143 145/147/148 245/144/145
f 146/146/147 244/149/150 245/144/145
f 147/148/149 243/151/152 244/149/150
f 148/150/151 242/153/154 243/151/152
f 148/150/151 149/155/156 241/152/153
f 150/154/155 240/157/158 241/152/153
f 151/156/157 239/159/160 240/157/158
f 152/158/159 238/161/162 239/159/160
f 153/160/161 237/162/163 238/161/162
f 237/162/163 153/160/161 154/163/164
f 139/132/134 251/134/136 236/164/165
f 221/165/166 220/181/182 222/166/167
f 221/165/166 223/167/168 224/168/169
f 221/165/166 225/169/170 226/170/171
f 221/165/166 227/171/172 228/172/173
f 221/165/166 229/173/174 230/174/175
f 221/165/166 231/175/176 232/176/177
f 221/165/166 233/177/178 234/178/179
f 221/165/166 235/179/180 219/180/181
f 140/182/138 139/213/134 171/183/183
f 140/182/138 172/184/184 173/185/185
f 141/186/137 173/185/185 174/187/186
f 142/188/141 174/187/186 175/189/187
f 143/190/144 175/189/187 176/191/188
f 144/192/143 176/191/188 177/193/189
f 146/195/147 145/194/148 177/193/189
f 146/195/147 178/196/190 179/197/191
f 147/198/149 179/197/191 180/199/192
f 149/201/156 148/200/151 180/199/192
f 150/203/155 149/201/156 181/202/193
f 150/203/155 182/204/194 183/205/195
f 151/206/157 183/205/195 184/207/196
f 152/208/159 184/207/196 185/209/197
f 154/211/164 153/210/161 185/209/197
f 139/213/134 154/211/164 186/212/198
f 156/214/199 188/218/203 187/215/200
f 156/214/199 157/219/204 189/217/202
f 157/219/204 158/221/206 190/220/205
f 158/221/206 159/223/208 191/222/207
f 159/223/208 160/225/210 192/224/209
f 160/225/210 161/228/213 193/226/211
f 162/227/212 194/230/215 193/226/211
f 162/227/212 163/232/217 195/229/214
f 164/231/216 196/234/219 195/229/214
f 164/231/216 165/235/220 197/233/218
f 165/235/220 166/237/222 198/236/221
f 166/237/222 167/240/225 199/238/223
f 168/239/224 200/242/227 199/238/223
f 169/241/226 201/244/229 200/242/227
f 170/243/228 202/245/230 201/244/229
f 155/216/201 187/215/200 202/245/230
f 172/184/184 171/183/183 203/246/231
f 205/248/233 173/185/185 172/184/184
f 173/185/185 205/248/233 206/249/234
f 207/250/235 175/189/187 174/187/186
f 208/251/236 176/191/188 175/189/187
f 209/252/237 177/193/189 176/191/188
f 178/196/190 177/193/189 209/252/237
f 179/197/191 178/196/190 210/253/238
f 180/199/192 179/197/191 211/254/239
f 181/202/193 180/199/192 212/255/240
f 214/257/242 182/204/194 181/202/193
f 183/205/195 182/204/194 214/257/242
f 184/207/196 183/205/195 215/258/243
f 217/260/245 185/209/197 184/207/196
f 186/212/198 185/209/197 217/260/245
f 171/183/183 186/212/198 218/261/246
f 188/218/203 220/181/182 219/180/181
f 222/166/167 220/181/182 188/218/203
f 223/167/168 222/166/167 189/217/202
f 224/168/169 223/167/168 190/220/205
f 192/224/209 225/169/170 224/168/169
f 226/170/171 225/169/170 192/224/209
f 227/171/172 226/170/171 193/226/211
f 228/172/173 227/171/172 194/230/215
f 229/173/174 228/172/173 195/229/214
f 230/174/175 229/173/174 196/234/219
f 231/175/176 230/174/175 197/233/218
f 199/238/223 232/176/177 231/175/176
f 200/242/227 233/177/178 232/176/177
f 234/178/179 233/177/178 200/242/227
f 235/179/180 234/178/179 201/244/229
f 187/215/200 219/180/181 235/179/180
f 237/162/163 236/164/165 170/262/228
f 238/161/162 237/162/163 169/263/226
f 238/161/162 168/264/224 167/265/225
f 240/157/158 239/159/160 167/265/225
f 241/152/153 240/157/158 166/266/222
f 241/152/153 165/267/220 164/268/216
f 242/153/154 164/268/216 163/269/217
f 243/151/152 163/269/217 162/270/212
f 245/144/145 244/149/150 162/270/212
f 245/144/145 161/271/213 160/272/210
f 246/145/146 160/272/210 159/273/208
f 247/140/142 159/273/208 158/274/206
f 249/138/140 248/137/139 158/275/206
f 250/133/135 249/138/140 157/276/204
f 250/133/135 156/277/199 155/278/201
f 251/134/136 155/278/201 170/262/228
f 204/247/232 203/246/231 252/279/247
f 204/247/232 253/280/248 254/281/249
f 205/248/233 254/281/249 255/282/250
f 206/249/234 255/282/250 256/283/251
f 207/250/235 256/283/251 257/284/252
f 209/252/237 208/251/236 257/284/252
f 210/253/238 209/252/237 258/285/253
f 211/254/239 210/253/238 259/286/254
f 211/254/239 260/287/255 261/288/256
f 212/255/240 261/288/256 262/289/257
f 214/257/242 213/256/241 262/289/257
f 214/257/242 263/290/258 264/291/259
f 215/258/243 264/291/259 265/292/260
f 216/259/244 265/292/260 266/293/261
f 218/261/246 217/260/245 266/293/261
f 203/246/231 218/261/246 267/294/262
f 253/280/248 252/279/247 268/295/263
f 253/280/248 269/296/264 270/297/265
f 255/282/250 254/281/249 270/297/265
f 256/283/251 255/282/250 271/298/266
f 256/283/251 272/299/267 273/300/268
f 258/285/253 257/284/252 273/300/268
f 259/286/254 258/285/253 274/301/269
f 259/286/254 275/302/270 276/303/271
f 261/288/256 260/287/255 276/303/271
f 262/289/257 261/288/256 277/304/272
f 262/289/257 278/305/273 279/306/274
f 263/290/258 279/306/274 280/307/275
f 265/292/260 264/291/259 280/307/275
f 265/292/260 281/308/276 282/309/277
f 267/294/262 266/293/261 282/309/277
f 267/294/262 283/310/278 268/295/263
f 269/296/264 268/295/263 284/311/279
f 269/296/264 285/312/280 286/313/281
f 271/298/266 270/297/265 286/313/281
f 271/298/266 287/314/282 288/315/283
f 273/300/268 272/299/267 288/315/283
f 273/300/268 289/316/284 290/317/285
f 275/302/270 274/301/269 290/317/285
f 275/302/270 291/318/286 292/319/287
f 277/304/272 276/303/271 292/319/287
f 278/305/273 277/304/272 293/320/288
f 278/305/273 294/321/289 295/322/290
f 279/306/274 295/322/290 296/323/291
f 281/308/276 280/307/275 296/323/291
f 281/308/276 297/324/292 298/325/293
f 283/310/278 282/309/277 298/325/293
f 268/295/263 283/310/278 299/326/294
f 301/132/296 413/134/408 412/133/297
f 412/133/297 411/138/407 303/135/299
f 303/135/299 411/138/407 410/137/300
f 304/139/301 410/141/300 409/140/302
f 409/140/302 408/145/406 306/142/304
f 306/142/304 408/145/406 407/144/305
f 407/144/305 406/149/308 308/146/307
f 406/149/308 405/151/405 309/148/309
f 309/148/309 405/151/405 404/153/310
f 310/150/311 404/153/310 403/152/312
f 403/152/312 402/157/315 312/154/314
f 402/157/315 401/159/317 313/156/316
f 401/159/317 400/161/404 314/158/318
f 314/158/318 400/161/404 399/162/319
f 399/162/319 398/164/322 316/163/321
f 398/164/322 413/134/408 301/132/296
f 383/165/323 385/167/327 384/166/324
f 383/165/323 387/169/329 386/168/326
f 383/165/323 389/171/331 388/170/328
f 383/165/323 391/173/333 390/172/330
f 383/165/323 393/175/335 392/174/332
f 383/165/323 395/177/337 394/176/334
f 383/165/323 397/179/339 396/178/336
f 383/165/323 382/181/325 381/180/338
f 333/183/340 301/213/296 302/182/298
f 335/185/342 334/184/341 302/182/298
f 336/187/343 335/185/342 303/186/299
f 337/189/344 336/187/343 304/188/301
f 338/191/345 337/189/344 305/190/303
f 339/193/346 338/191/345 306/192/304
f 308/195/307 340/196/391 339/193/346
f 341/197/347 340/196/391 308/195/307
f 310/200/311 342/199/348 341/197/347
f 311/201/313 343/202/395 342/199/348
f 344/204/349 343/202/395 311/201/313
f 345/205/350 344/204/349 312/203/314
f 346/207/351 345/205/350 313/206/316
f 347/209/352 346/207/351 314/208/318
f 316/211/321 348/212/353 347/209/352
f 301/213/296 333/183/340 348/212/353
f 349/215/354 350/218/401 318/214/355
f 318/214/355 350/218/401 351/217/357
f 319/219/358 351/217/357 352/220/359
f 320/221/360 352/220/359 353/222/361
f 321/223/362 353/222/361 354/224/363
f 322/225/364 354/224/363 355/226/365
f 355/226/365 356/230/402 324/227/367
f 324/227/367 356/230/402 357/229/368
f 357/229/368 358/234/371 326/231/370
f 358/234/371 359/233/403 327/235/372
f 327/235/372 359/233/403 360/236/373
f 328/237/374 360/236/373 361/238/375
f 329/240/376 361/238/375 362/242/377
f 362/242/377 363/244/380 331/241/379
f 363/244/380 364/245/382 332/243/381
f 364/245/382 349/215/354 317/216/356
f 365/246/383 333/183/340 334/184/341
f 367/248/385 366/247/384 334/184/341
f 368/249/386 367/248/385 335/185/342
f 369/250/387 368/249/386 336/187/343
f 370/251/388 369/250/387 337/189/344
f 371/252/389 370/251/388 338/191/345
f 372/253/390 371/252/389 339/193/346
f 373/254/392 372/253/390 340/196/391
f 373/254/392 341/197/347 342/199/348
f 375/256/394 374/255/393 342/199/348
f 375/256/394 343/202/395 344/204/349
f 376/257/396 344/204/349 345/205/350
f 377/258/397 345/205/350 346/207/351
f 378/259/398 346/207/351 347/209/352
f 379/260/399 347/209/352 348/212/353
f 380/261/400 348/212/353 333/183/340
f 350/218/401 349/215/354 381/180/338
f 350/218/401 382/181/325 384/166/324
f 351/217/357 384/166/324 385/167/327
f 353/222/361 352/220/359 385/167/327
f 354/224/363 353/222/361 386/168/326
f 355/226/365 354/224/363 387/169/329
f 355/226/365 388/170/328 389/171/331
f 356/230/402 389/171/331 390/172/330
f 358/234/371 357/229/368 390/172/330
f 358/234/371 391/173/333 392/174/332
f 360/236/373 359/233/403 392/174/332
f 361/238/375 360/236/373 393/175/335
f 362/242/377 361/238/375 394/176/334
f 362/242/377 395/177/337 396/178/336
f 363/244/380 396/178/336 397/179/339
f 349/215/354 364/245/382 397/179/339
f 332/262/381 398/164/322 399/162/319
f 400/161/404 330/264/378 331/263/379
f 401/159/317 329/265/376 330/264/378
f 402/157/315 328/266/374 329/265/376
f 327/267/372 328/266/374 402/157/315
f 326/268/370 327/267/372 403/152/312
f 325/269/369 326/268/370 404/153/310
f 406/149/308 324/270/367 325/269/369
f 323/271/366 324/270/367 406/149/308
f 322/272/364 323/271/366 407/144/305
f 321/273/362 322/272/364 408/145/406
f 320/274/360 321/273/362 409/140/302
f 411/138/407 319/276/358 320/275/360
f 412/133/297 318/277/355 319/276/358
f 317/278/356 318/277/355 412/133/297
f 332/262/381 317/278/356 413/134/408
f 366/247/384 415/280/420 414/279/409
f 416/281/410 415/280/420 366/247/384
f 417/282/411 416/281/410 367/248/385
f 369/250/387 418/283/423 417/282/411
f 419/284/412 418/283/423 369/250/387
f 371/252/389 420/285/413 419/284/412
f 372/253/390 421/286/427 420/285/413
f 422/287/414 421/286/427 372/253/390
f 423/288/415 422/287/414 373/254/392
f 375/256/394 424/289/430 423/288/415
f 425/290/416 424/289/430 375/256/394
f 377/258/397 426/291/434 425/290/416
f 427/292/417 426/291/434 377/258/397
f 428/293/418 427/292/417 378/259/398
f 380/261/400 429/294/419 428/293/418
f 365/246/383 414/279/409 429/294/419
f 415/280/420 431/296/436 430/295/421
f 432/297/422 431/296/436 415/280/420
f 417/282/411 433/298/424 432/297/422
f 418/283/423 434/299/425 433/298/424
f 419/284/412 435/300/440 434/299/425
f 436/301/426 435/300/440 419/284/412
f 421/286/427 437/302/428 436/301/426
f 422/287/414 438/303/429 437/302/428
f 423/288/415 439/304/431 438/303/429
f 424/289/430 440/305/445 439/304/431
f 441/306/432 440/305/445 424/289/430
f 442/307/433 441/306/432 425/290/416
f 427/292/417 443/308/448 442/307/433
f 444/309/435 443/308/448 427/292/417
f 429/294/419 445/310/450 444/309/435
f 430/295/421 445/310/450 429/294/419
f 431/296/436 447/312/452 446/311/437
f 448/313/438 447/312/452 431/296/436
f 433/298/424 449/314/439 448/313/438
f 434/299/425 450/315/441 449/314/439
f 435/300/440 451/316/454 450/315/441
f 452/317/442 451/316/454 435/300/440
f 437/302/428 453/318/455 452/317/442
f 454/319/443 453/318/455 437/302/428
f 439/304/431 455/320/456 454/319/443
f 456/321/444 455/320/456 439/304/431
f 457/322/446 456/321/444 440/305/445
f 458/323/447 457/322/446 441/306/432
f 443/308/448 459/324/457 458/323/447
f 460/325/449 459/324/457 443/308/448
f 445/310/450 461/326/451 460/325/449
f 430/295/421 446/311/437 461/326/451
f 463/132/458 575/134/570 574/133/459
f 574/133/459 573/138/569 465/135/461
f 465/135/461 573/138/569 572/137/462
f 466/139/463 572/141/462 571/140/464
f 571/140/464 570/145/568 468/142/466
f 468/142/466 570/145/568 569/144/467
f 469/147/468 569/144/467 568/149/469
f 568/149/469 567/151/567 471/148/471
f 471/148/471 567/151/567 566/153/472
f 472/150/473 566/153/472 565/152/474
f 565/152/474 564/157/566 474/154/476
f 474/154/476 564/157/566 563/159/477
f 563/159/477 562/161/480 476/158/479
f 562/161/480 561/162/482 477/160/481
f 561/162/482 560/164/484 478/163/483
f 560/164/484 575/134/570 463/132/458
f 545/165/485 547/167/489 546/166/486
f 545/165/485 549/169/491 548/168/488
f 545/165/485 551/171/493 550/170/490
f 545/165/485 553/173/495 552/172/492
f 545/165/485 555/175/497 554/174/494
f 545/165/485 557/177/499 556/176/496
f 545/165/485 559/179/501 558/178/498
f 545/165/485 544/181/487 543/180/500
f 495/183/502 463/213/458 464/182/460
f 497/185/504 496/184/503 464/182/460
f 498/187/505 497/185/504 465/186/461
f 499/189/506 498/187/505 466/188/463
f 468/192/466 500/191/550 499/189/506
f 501/193/507 500/191/550 468/192/466
f 470/195/470 502/196/553 501/193/507
f 503/197/508 502/196/553 470/195/470
f 472/200/473 504/199/556 503/197/508
f 505/202/509 504/199/556 472/200/473
f 506/204/510 505/202/509 473/201/475
f 507/205/511 506/204/510 474/203/476
f 508/207/512 507/205/511 475/206/478
f 477/210/481 509/209/513 508/207/512
f 478/211/483 510/212/514 509/209/513
f 463/213/458 495/183/502 510/212/514
f 511/215/515 512/218/563 480/214/516
f 480/214/516 512/218/563 513/217/518
f 481/219/519 513/217/518 514/220/520
f 482/221/521 514/220/520 515/222/522
f 483/223/523 515/222/522 516/224/524
f 484/225/525 516/224/524 517/226/526
f 517/226/526 518/230/564 486/227/528
f 486/227/528 518/230/564 519/229/529
f 519/229/529 520/234/565 488/231/531
f 488/231/531 520/234/565 521/233/532
f 489/235/533 521/233/532 522/236/534
f 490/237/535 522/236/534 523/238/536
f 523/238/536 524/242/539 492/239/538
f 524/242/539 525/244/541 493/241/540
f 525/244/541 526/245/543 494/243/542
f 526/245/543 511/215/515 479/216/517
f 527/246/544 495/183/502 496/184/503
f 529/248/546 528/247/545 496/184/503
f 530/249/547 529/248/546 497/185/504
f 531/250/548 530/249/547 498/187/505
f 532/251/549 531/250/548 499/189/506
f 533/252/551 532/251/549 500/191/550
f 534/253/552 533/252/551 501/193/507
f 535/254/554 534/253/552 502/196/553
f 536/255/555 535/254/554 503/197/508
f 537/256/557 536/255/555 504/199/556
f 538/257/558 537/256/557 505/202/509
f 538/257/558 506/204/510 507/205/511
f 539/258/559 507/205/511 508/207/512
f 540/259/560 508/207/512 509/209/513
f 541/260/561 509/209/513 510/212/514
f 542/261/562 510/212/514 495/183/502
f 512/218/563 511/215/515 543/180/500
f 512/218/563 544/181/487 546/166/486
f 513/217/518 546/166/486 547/167/489
f 515/222/522 514/220/520 547/167/489
f 516/224/524 515/222/522 548/168/488
f 517/226/526 516/224/524 549/169/491
f 517/226/526 550/170/490 551/171/493
f 518/230/564 551/171/493 552/172/492
f 519/229/529 552/172/492 553/173/495
f 520/234/565 553/173/495 554/174/494
f 522/236/534 521/233/532 554/174/494
f 523/238/536 522/236/534 555/175/497
f 523/238/536 556/176/496 557/177/499
f 524/242/539 557/177/499 558/178/498
f 525/244/541 558/178/498 559/179/501
f 511/215/515 526/245/543 559/179/501
f 494/262/542 560/164/484 561/162/482
f 492/264/538 493/263/540 561/162/482
f 563/159/477 491/265/537 492/264/538
f 564/157/566 490/266/535 491/265/537
f 489/267/533 490/266/535 564/157/566
f 566/153/472 488/268/531 489/267/533
f 487/269/530 488/268/531 566/153/472
f 486/270/528 487/269/530 567/151/567
f 569/144/467 485/271/527 486/270/528
f 484/272/525 485/271/527 569/144/467
f 483/273/523 484/272/525 570/145/568
f 482/274/521 483/273/523 571/140/464
f 573/138/569 481/276/519 482/275/521
f 574/133/459 480/277/516 481/276/519
f 479/278/517 480/277/516 574/133/459
f 494/262/542 479/278/517 575/134/570
f 528/247/545 577/280/584 576/279/571
f 578/281/572 577/280/584 528/247/545
f 579/282/573 578/281/572 529/248/546
f 580/283/574 579/282/573 530/249/547
f 581/284/575 580/283/574 531/250/548
f 582/285/576 581/284/575 532/251/549
f 534/253/552 583/286/577 582/285/576
f 535/254/554 584/287/590 583/286/577
f 585/288/578 584/287/590 535/254/554
f 537/256/557 586/289/579 585/288/578
f 538/257/558 587/290/595 586/289/579
f 588/291/580 587/290/595 538/257/558
f 589/292/581 588/291/580 539/258/559
f 590/293/582 589/292/581 540/259/560
f 591/294/583 590/293/582 541/260/561
f 527/246/544 576/279/571 591/294/583
f 577/280/584 593/296/599 592/295/585
f 594/297/586 593/296/599 577/280/584
f 579/282/573 595/298/587 594/297/586
f 580/283/574 596/299/588 595/298/587
f 581/284/575 597/300/602 596/299/588
f 598/301/589 597/300/602 581/284/575
f 583/286/577 599/302/591 598/301/589
f 584/287/590 600/303/592 599/302/591
f 585/288/578 601/304/593 600/303/592
f 586/289/579 602/305/607 601/304/593
f 603/306/594 602/305/607 586/289/579
f 588/291/580 604/307/596 603/306/594
f 589/292/581 605/308/609 604/307/596
f 606/309/597 605/308/609 589/292/581
f 591/294/583 607/310/613 606/309/597
f 592/295/585 607/310/613 591/294/583
f 609/312/598 608/311/615 592/295/585
f 610/313/600 609/312/598 593/296/599
f 595/298/587 611/314/601 610/313/600
f 596/299/588 612/315/603 611/314/601
f 597/300/602 613/316/616 612/315/603
f 614/317/604 613/316/616 597/300/602
f 599/302/591 615/318/617 614/317/604
f 616/319/605 615/318/617 599/302/591
f 601/304/593 617/320/618 616/319/605
f 618/321/606 617/320/618 601/304/593
f 619/322/608 618/321/606 602/305/607
f 604/307/596 620/323/610 619/322/608
f 605/308/609 621/324/619 620/323/610
f 622/325/611 621/324/619 605/308/609
f 623/326/612 622/325/611 606/309/597
f 592/295/585 608/311/615 623/326/612
f 625/132/620 626/136/624 736/133/621
f 627/135/623 735/138/626 736/133/621
f 627/135/623 628/328/627 734/137/625
f 628/139/627 629/143/630 733/140/628
f 630/142/629 732/145/632 733/140/628
f 630/142/629 631/147/633 731/144/631
f 631/147/633 632/146/636 730/149/634
f 633/148/635 729/151/638 730/149/634
f 634/150/637 728/153/640 729/151/638
f 634/150/637 635/155/642 727/152/639
f 636/154/641 726/157/644 727/152/639
f 637/156/643 725/159/646 726/157/644
f 638/158/645 724/161/648 725/159/646
f 639/160/647 723/162/649 724/161/648
f 723/162/649 639/160/647 640/163/650
f 625/132/620 737/134/622 722/164/651
f 707/165/652 706/181/668 708/166/653
f 707/165/652 709/167/654 710/168/655
f 707/165/652 711/169/656 712/170/657
f 707/165/652 713/171/658 714/172/659
f 707/165/652 715/173/660 716/174/661
f 707/165/652 717/175/662 718/176/663
f 707/165/652 719/177/664 720/178/665
f 707/165/652 721/179/666 705/180/667
f 626/182/624 625/213/620 657/183/669
f 626/182/624 658/184/670 659/185/671
f 627/186/623 659/185/671 660/187/672
f 628/188/627 660/187/672 661/189/673
f 630/192/629 629/190/630 661/189/673
f 631/194/633 630/192/629 662/191/674
f 632/195/636 631/194/633 663/193/675
f 633/198/635 632/195/636 664/196/676
f 633/198/635 665/197/677 666/199/678
f 634/200/637 666/199/678 667/202/679
f 635/201/642 667/202/679 668/204/680
f 636/203/641 668/204/680 669/205/681
f 637/206/643 669/205/681 670/207/682
f 638/208/645 670/207/682 671/209/683
f 640/211/650 639/210/647 671/209/683
f 625/213/620 640/211/650 672/212/684
f 642/214/685 674/218/689 673/215/686
f 642/214/685 643/219/690 675/217/688
f 643/219/690 644/221/692 676/220/691
f 644/221/692 645/223/694 677/222/693
f 645/223/694 646/225/696 678/224/695
f 646/225/696 647/228/699 679/226/697
f 648/227/698 680/230/701 679/226/697
f 648/227/698 649/232/703 681/229/700
f 650/231/702 682/234/705 681/229/700
f 650/231/702 651/235/706 683/233/704
f 651/235/706 652/237/708 684/236/707
f 652/237/708 653/240/711 685/238/709
f 654/239/710 686/242/713 685/238/709
f 655/241/712 687/244/715 686/242/713
f 656/243/714 688/245/716 687/244/715
f 641/216/687 673/215/686 688/245/716
f 658/184/670 657/183/669 689/246/717
f 691/248/719 659/185/671 658/184/670
f 659/185/671 691/248/719 692/249/720
f 693/250/721 661/189/673 660/187/672
f 694/251/722 662/191/674 661/189/673
f 695/252/723 663/193/675 662/191/674
f 696/253/724 664/196/676 663/193/675
f 665/197/677 664/196/676 696/253/724
f 698/255/726 666/199/678 665/197/677
f 699/256/727 667/202/679 666/199/678
f 700/257/728 668/204/680 667/202/679
f 669/205/681 668/204/680 700/257/728
f 670/207/682 669/205/681 701/258/729
f 703/260/731 671/209/683 670/207/682
f 672/212/684 671/209/683 703/260/731
f 657/183/669 672/212/684 704/261/732
f 674/218/689 706/181/668 705/180/667
f 708/166/653 706/181/668 674/218/689
f 709/167/654 708/166/653 675/217/688
f 677/222/693 710/168/655 709/167/654
f 678/224/695 711/169/656 710/168/655
f 712/170/657 711/169/656 678/224/695
f 713/171/658 712/170/657 679/226/697
f 714/172/659 713/171/658 680/230/701
f 715/173/660 714/172/659 681/229/700
f 716/174/661 715/173/660 682/234/705
f 717/175/662 716/174/661 683/233/704
f 685/238/709 718/176/663 717/175/662
f 719/177/664 718/176/663 685/238/709
f 687/244/715 720/178/665 719/177/664
f 721/179/666 720/178/665 687/244/715
f 673/215/686 705/180/667 721/179/666
f 723/162/649 722/164/651 656/262/714
f 723/162/649 655/263/712 654/264/710
f 725/159/646 724/161/648 654/264/710
f 726/157/644 725/159/646 653/265/711
f 726/157/644 652/266/708 651/267/706
f 727/152/639 651/267/706 650/268/702
f 729/151/638 728/153/640 650/268/702
f 729/151/638 649/269/703 648/270/698
f 731/144/631 730/149/634 648/270/698
f 731/144/631 647/271/699 646/272/696
f 732/145/632 646/272/696 645/273/694
f 733/140/628 645/273/694 644/274/692
f 735/138/626 734/137/625 644/275/692
f 736/133/621 735/138/626 643/276/690
f 736/133/621 642/277/685 641/278/687
f 737/134/622 641/278/687 656/262/714
f 690/247/718 689/246/717 738/279/733
f 690/247/718 739/280/734 740/281/735
f 691/248/719 740/281/735 741/282/736
f 693/250/721 692/249/720 741/282/736
f 694/251/722 693/250/721 742/283/737
f 695/252/723 694/251/722 743/284/738
f 696/253/724 695/252/723 744/285/739
f 697/254/725 696/253/724 745/286/740
f 697/254/725 746/287/741 747/288/742
f 699/256/727 698/255/726 747/288/742
f 700/257/728 699/256/727 748/289/743
f 700/257/728 749/290/744 750/291/745
f 701/258/729 750/291/745 751/292/746
f 702/259/730 751/292/746 752/293/747
f 703/260/731 752/293/747 753/294/748
f 689/246/717 704/261/732 753/294/748
f 739/280/734 738/279/733 754/295/749
f 739/280/734 755/296/750 756/297/751
f 741/282/736 740/281/735 756/297/751
f 742/283/737 741/282/736 757/298/752
f 742/283/737 758/299/753 759/300/754
f 743/284/738 759/300/754 760/301/755
f 745/286/740 744/285/739 760/301/755
f 746/287/741 745/286/740 761/302/756
f 747/288/742 746/287/741 762/303/757
f 748/289/743 747/288/742 763/304/758
f 748/289/743 764/305/759 765/306/760
f 749/290/744 765/306/760 766/307/761
f 751/292/746 750/291/745 766/307/761
f 751/292/746 767/308/762 768/309/763
f 753/294/748 752/293/747 768/309/763
f 753/294/748 769/310/764 754/295/749
f 755/296/750 754/295/749 770/311/765
f 755/296/750 771/312/766 772/313/767
f 757/298/752 756/297/751 772/313/767
f 758/299/753 757/298/752 773/314/768
f 759/300/754 758/299/753 774/315/769
f 759/300/754 775/316/770 776/317/771
f 761/302/756 760/301/755 776/317/771
f 761/302/756 777/318/772 778/319/773
f 763/304/758 762/303/757 778/319/773
f 763/304/758 779/320/774 780/321/775
f 764/305/759 780/321/775 781/322/776
f 765/306/760 781/322/776 782/323/777
f 766/307/761 782/323/777 783/324/778
f 768/309/763 767/308/762 783/324/778
f 769/310/764 768/309/763 784/325/779
f 754/295/749 769/310/764 785/326/780
f 792/329/782 791/339/791 787/330/783
f 792/332/782 788/331/784 789/333/785
f 794/335/787 789/333/785 788/331/784
f 795/337/789 793/336/788 788/331/784
f 796/338/790 795/337/789 787/330/783
f 792/332/782 790/334/786 797/340/792
f 790/334/786 789/333/785 794/335/787
f 791/339/791 800/344/796 801/343/795
f 800/344/796 791/339/791 792/329/782
f 797/340/792 790/334/786 799/342/794
f 804/348/799 803/347/798 812/356/807
f 804/348/799 813/357/808 814/358/809
f 805/350/801 814/358/809 815/359/810
f 807/352/803 806/351/802 815/359/810
f 808/353/804 807/352/803 816/360/811
f 808/353/804 817/4133/812 818/362/813
f 819/363/814 810/355/806 809/354/805
f 803/347/798 810/355/806 819/363/814
f 821/366/799 830/4134/808 829/373/819
f 831/374/807 830/4134/808 821/366/799
f 832/375/814 831/374/807 822/367/816
f 824/369/817 833/376/813 832/375/814
f 825/370/804 834/4135/812 833/376/813
f 835/377/811 834/4136/812 825/370/804
f 836/378/810 835/377/811 826/371/818
f 820/364/815 829/373/819 836/378/810
f 837/379/820 841/390/830 842/380/821
f 838/381/822 839/387/827 843/382/823
f 845/384/825 837/379/820 838/381/822
f 846/385/826 841/390/830 837/379/820
f 842/386/821 840/393/833 839/387/827
f 842/380/821 841/390/830 847/388/828
f 841/390/830 846/385/826 849/391/831
f 842/386/821 848/4137/829 850/392/832
f 843/382/823 839/387/827 840/393/833
f 850/392/832 852/2978/4685 851/394/834
f 867/395/835 885/399/839 884/396/836
f 859/398/838 874/408/848 885/399/839
f 883/400/840 865/419/859 863/397/837
f 875/401/841 874/408/848 859/398/838
f 886/403/843 875/401/841 861/402/842
f 887/405/845 886/403/843 853/404/844
f 869/407/847 872/411/851 874/408/848
f 883/400/840 884/396/836 877/409/849
f 877/409/849 874/408/848 872/411/851
f 895/413/853 858/4138/4686 868/414/854
f 881/416/856 880/415/855 868/414/854
f 882/410/850 881/416/856 864/417/857
f 883/400/840 882/410/850 866/418/858
f 873/420/860 877/409/849 878/412/852
f 877/409/849 880/415/855 881/416/856
f 877/409/849 884/396/836 885/399/839
f 910/422/863 906/428/837 921/423/864
f 902/425/866 910/422/863 922/424/865
f 920/427/868 921/423/864 906/428/837
f 914/430/869 904/432/871 902/425/866
f 923/431/870 896/2958/3378 904/432/871
f 869/433/847 914/430/869 913/426/867
f 920/427/868 919/440/877 916/435/872
f 916/435/872 878/444/852 872/434/851
f 911/436/873 901/4139/4687 931/437/874
f 918/439/876 907/441/857 911/436/873
f 919/440/877 909/442/858 907/441/857
f 920/427/868 908/429/859 909/442/858
f 912/443/878 879/4140/4688 878/444/852
f 916/435/872 919/440/877 918/439/876
f 916/435/872 913/426/867 922/424/865
f 1001/445/880 959/453/888 973/446/881
f 946/448/883 955/456/891 972/449/884
f 972/449/884 955/456/891 1012/451/886
f 959/453/888 945/459/894 961/454/889
f 1011/455/890 1012/451/886 955/456/891
f 955/456/891 946/448/883 965/458/893
f 945/459/894 959/453/888 978/460/895
f 959/453/888 1001/445/880 1002/462/897
f 948/463/898 966/461/896 978/460/895
f 993/465/900 940/473/908 939/466/901
f 1002/462/897 1003/485/920 968/464/899
f 965/458/893 951/472/907 969/468/903
f 975/457/892 969/468/903 1010/469/904
f 992/467/902 984/471/906 985/470/905
f 984/471/906 969/468/903 951/472/907
f 940/473/908 993/465/900 994/474/909
f 1035/476/911 954/580/1027 958/477/912
f 956/479/914 946/448/883 957/450/885
f 992/467/902 939/466/901 1007/481/916
f 984/471/906 992/467/902 1008/482/917
f 968/464/899 983/486/921 982/484/919
f 1003/485/920 1004/491/926 983/486/921
f 969/468/903 984/471/906 1009/483/918
f 1005/487/922 1006/494/929 999/488/923
f 982/484/919 983/486/921 991/489/924
f 1004/491/926 1005/487/922 991/489/924
f 991/489/924 999/488/923 998/492/927
f 986/493/928 994/474/909 993/465/900
f 1012/451/886 1001/445/880 1000/447/882
f 1004/491/926 1003/485/920 1010/469/904
f 1005/487/922 1004/491/926 1009/483/918
f 1008/482/917 1007/481/916 1006/494/929
f 1011/455/890 1010/469/904 1003/485/920
f 1012/451/886 1011/455/890 1002/462/897
f 1038/495/930 1032/478/913 958/477/912
f 997/496/931 971/480/915 1037/497/932
f 971/480/915 957/450/885 1023/498/933
f 1022/499/934 1036/500/935 1037/497/932
f 1036/500/935 1022/499/934 1053/501/936
f 1029/503/938 1017/507/942 973/446/881
f 1024/504/939 1028/506/941 1029/503/938
f 1028/506/941 1014/508/944 1017/507/942
f 1043/83/943 1055/525/963 1014/508/944
f 1028/506/941 1024/504/939 1061/85/945
f 1031/509/946 1025/512/949 1027/510/947
f 1024/504/939 1026/505/940 1027/510/947
f 1066/86/85 1060/84/950 1025/513/949
f 1024/504/939 1025/513/949 1060/84/950
f 1067/515/951 1042/517/951 1041/516/952
f 1066/86/85 1059/518/954 1042/517/951
f 1065/79/953 1041/516/952 1045/519/955
f 1070/119/87 1064/88/956 1045/519/955
f 1071/521/958 1046/522/960 1064/88/956
f 1068/116/959 1047/89/973 1046/522/960
f 1000/447/882 973/446/881 1017/507/942
f 1014/508/944 1015/524/962 1016/523/961
f 1015/524/962 1014/508/944 1055/525/963
f 1016/523/961 1021/527/966 1013/452/887
f 1020/526/965 972/449/884 1013/452/887
f 1023/498/933 957/450/885 972/449/884
f 1015/524/962 1018/530/971 1021/527/966
f 1057/77/967 1018/530/971 1015/524/962
f 1020/526/965 1019/532/974 1022/499/934
f 1022/499/934 1019/532/974 1054/528/968
f 1048/529/969 1019/532/974 1020/526/965
f 1058/90/970 1048/529/969 1018/530/971
f 1069/531/972 1058/90/970 1047/89/973
f 1069/531/972 1054/528/968 1019/532/974
f 1044/520/957 1040/544/985 1063/533/975
f 1036/500/935 1039/537/977 1038/495/930
f 1036/500/935 1052/502/937 1051/534/976
f 1032/478/913 1033/538/979 1034/536/978
f 1032/478/913 1038/495/930 1039/537/977
f 1039/535/977 1051/534/976 1050/539/980
f 1072/123/982 1063/533/975 1040/544/985
f 948/463/898 982/484/919 981/547/987
f 982/484/919 990/490/925 989/549/989
f 990/490/925 998/492/927 938/550/990
f 989/549/989 938/550/990 1076/551/991
f 981/547/987 989/549/989 1075/29/992
f 988/553/994 980/564/1007 1083/27/995
f 937/554/997 988/553/994 1081/25/996
f 967/548/988 981/547/987 1077/552/993
f 961/454/889 974/559/1002 1026/505/940
f 953/557/1000 1030/511/948 1027/510/947
f 1026/505/940 974/559/1002 962/558/1001
f 967/548/988 977/561/1004 966/461/896
f 974/559/1002 961/454/889 945/459/894
f 960/560/1003 945/459/894 966/461/896
f 977/561/1004 967/548/988 1078/556/999
f 960/560/1003 977/561/1004 1085/562/1005
f 980/564/1007 949/569/1012 1084/565/1008
f 943/566/1009 953/557/1000 962/558/1001
f 932/567/1010 962/558/1001 974/559/1002
f 1086/563/1006 1079/572/1017 932/567/1010
f 1087/568/1011 1084/565/1008 949/569/1012
f 1087/568/1011 952/570/1013 1080/571/1014
f 1089/40/1016 943/566/1009 932/567/1010
f 1088/41/1015 1080/571/1014 943/566/1009
f 1091/7/1018 933/575/1021 934/573/1019
f 941/475/910 994/474/909 934/573/1019
f 995/576/1022 942/4141/4689 1096/577/1023
f 946/448/883 956/479/914 976/578/1025
f 951/472/907 965/458/893 976/578/1025
f 970/579/1026 986/493/928 985/470/905
f 954/580/1027 944/590/1040 947/581/1028
f 947/581/1028 996/582/1029 997/496/931
f 971/480/915 997/496/931 996/582/1029
f 979/583/1030 976/578/1025 956/479/914
f 996/582/1029 947/581/1028 964/584/1031
f 994/474/909 986/493/928 935/585/1032
f 935/585/1032 1092/9/1035 1090/574/1020
f 986/493/928 970/579/1026 936/586/1033
f 976/578/1025 979/583/1030 936/586/1033
f 935/585/1032 936/586/1033 1098/587/1034
f 1100/13/1037 1099/14/1036 936/586/1033
f 964/584/1031 1093/18/4690 1100/13/1037
f 987/588/1038 995/576/1022 1095/6/1024
f 1101/593/1043 1093/18/4690 964/584/1031
f 950/594/1044 1102/596/1046 1094/591/1041
f 987/588/1038 1097/589/1039 1103/595/1045
f 1138/597/1047 1124/605/1055 1164/598/1048
f 1137/600/1050 1120/609/1059 1111/601/1051
f 1173/603/1053 1120/609/1059 1137/600/1050
f 1124/605/1055 1138/597/1047 1126/606/1056
f 1172/608/1058 1140/620/1070 1120/609/1059
f 1120/609/1059 1140/620/1070 1130/610/1060
f 1143/611/1061 1124/605/1055 1110/607/1057
f 1165/613/1063 1164/598/1048 1124/605/1055
f 1143/611/1061 1131/612/1062 1113/614/1064
f 1158/616/1066 1157/621/1071 939/466/901
f 1133/615/1065 1166/632/1082 1165/613/1063
f 1130/610/1060 1140/620/1070 1134/617/1067
f 1171/619/1069 1134/617/1067 1140/620/1070
f 1157/621/1071 1158/616/1066 1150/622/1072
f 1116/618/1068 1134/617/1067 1149/623/1073
f 940/473/908 941/475/910 1159/624/1074
f 1196/625/1075 1193/640/1090 1123/626/1076
f 1122/602/1052 1111/601/1051 1121/628/1078
f 1157/621/1071 1169/630/1080 1007/481/916
f 1149/623/1073 1170/635/1085 1169/630/1080
f 1147/631/1081 1148/633/1083 1133/615/1065
f 1166/632/1082 1133/615/1065 1148/633/1083
f 1134/617/1067 1171/619/1069 1170/635/1085
f 999/488/923 1006/494/929 1168/636/1086
f 1147/631/1081 1155/705/1148 1156/637/1087
f 1167/634/1084 1148/633/1083 1156/637/1087
f 1156/637/1087 1155/705/1148 998/492/927
f 1151/638/1088 1150/622/1072 1158/616/1066
f 1173/603/1053 1174/604/1054 1163/599/1049
f 1171/619/1069 1166/632/1082 1167/634/1084
f 1170/635/1085 1167/634/1084 1168/636/1086
f 1169/630/1080 1168/636/1086 1006/494/929
f 1166/632/1082 1171/619/1069 1172/608/1058
f 1173/603/1053 1164/598/1048 1165/613/1063
f 1199/639/1089 1162/642/1092 1123/626/1076
f 1198/641/1091 1136/629/1079 1162/642/1092
f 1184/643/1093 1122/602/1052 1136/629/1079
f 1198/641/1091 1197/646/1096 1183/644/1094
f 1214/645/1095 1183/644/1094 1197/646/1096
f 1190/648/1098 1126/606/1056 1138/597/1047
f 1185/650/1100 1187/710/1154 1190/648/1098
f 1189/651/1101 1190/648/1098 1178/649/1099
f 1204/653/1103 1189/651/1101 1175/652/1102
f 1189/651/1101 1204/653/1103 1222/655/1105
f 1192/656/1106 1191/4142/4691 1188/657/1107
f 1188/657/1107 1187/710/1154 1185/650/1100
f 1227/659/1109 1192/666/1106 1186/660/1108
f 1185/650/1100 1222/655/1105 1221/661/1110
f 1228/662/1111 1226/667/1114 1202/663/1112
f 1227/659/1109 1228/662/1111 1203/664/1111
f 1226/667/1114 1225/670/1116 1206/668/1115
f 1231/669/105 1205/686/1132 1206/668/1115
f 1232/671/1117 1231/669/105 1225/670/1116
f 1229/673/1119 1232/671/1117 1207/672/1118
f 1163/599/1049 1177/675/1121 1178/649/1099
f 1175/652/1102 1178/649/1099 1177/675/1121
f 1176/676/1122 1217/4143/4692 1216/654/1104
f 1177/675/1121 1163/599/1049 1174/604/1054
f 1181/678/1124 1182/677/1123 1174/604/1054
f 1184/643/1093 1181/678/1124 1137/600/1050
f 1182/677/1123 1179/680/1126 1176/676/1122
f 1218/679/1125 1217/4143/4692 1176/676/1122
f 1181/678/1124 1184/643/1093 1183/644/1094
f 1183/644/1094 1214/645/1095 1215/682/1128
f 1209/683/1129 1182/677/1123 1181/678/1124
f 1219/684/1130 1218/679/1125 1179/680/1126
f 1230/685/1131 1229/673/1119 1208/674/1120
f 1230/685/1131 1209/683/1129 1180/681/1127
f 1205/686/1132 1231/669/105 1224/687/1133
f 1199/639/1089 1200/692/1138 1197/646/1096
f 1197/646/1096 1200/693/1138 1212/689/1135
f 1193/640/1090 1196/625/1075 1195/690/1136
f 1200/692/1138 1199/639/1089 1193/640/1090
f 1200/693/1138 1194/695/1137 1211/694/1139
f 1233/697/1141 1210/700/1144 1201/688/1134
f 1146/702/1145 1147/631/1081 1113/614/1064
f 1154/704/1147 1155/705/1148 1147/631/1081
f 938/550/990 998/492/927 1155/705/1148
f 1076/551/991 938/550/990 1154/704/1147
f 1236/706/1149 1154/704/1147 1146/702/1145
f 1242/708/1151 1145/718/1162 1153/709/1152
f 1241/60/1153 1153/709/1152 937/554/997
f 1132/703/1146 1238/716/1160 1237/707/1150
f 1126/606/1056 1190/648/1098 1187/710/1154
f 1188/657/1107 1191/4142/4691 1118/712/1156
f 1127/713/1157 1139/711/1155 1187/710/1154
f 1131/612/1062 1142/715/1159 1132/703/1146
f 1139/711/1155 1125/714/1158 1110/607/1057
f 1125/714/1158 1142/715/1159 1131/612/1062
f 1142/715/1159 1244/717/1161 1238/716/1160
f 1125/714/1158 1245/723/1167 1244/717/1161
f 1145/718/1162 1242/708/1151 1243/719/1163
f 1108/721/1165 1104/722/1166 1127/713/1157
f 1104/722/1166 1125/714/1158 1139/711/1155
f 1245/723/1167 1125/714/1158 1104/722/1166
f 1246/725/1169 1117/727/1171 1114/720/1164
f 1246/725/1169 1247/729/1173 1240/726/1170
f 1248/728/1172 1239/724/1168 1104/722/1166
f 1108/721/1165 1240/726/1170 1247/729/1173
f 1091/7/1018 1249/741/1185 1105/730/1174
f 941/475/910 933/575/1021 1105/730/1174
f 1096/577/1023 942/4141/4689 1160/731/1175
f 1141/733/1177 1121/628/1078 1111/601/1051
f 1116/618/1068 1135/734/1178 1141/733/1177
f 1135/734/1178 1116/618/1068 1150/622/1072
f 1119/627/1077 1123/626/1076 1112/735/1179
f 1162/642/1092 1161/737/1181 1112/735/1179
f 1161/737/1181 1162/642/1092 1136/629/1079
f 1144/738/1182 1161/737/1181 1121/628/1078
f 1161/737/1181 1144/738/1182 1129/739/1183
f 1159/624/1074 1105/730/1174 1106/740/1184
f 1249/741/1185 1250/4144/4693 1106/740/1184
f 1151/638/1088 1106/740/1184 1107/742/1186
f 1141/733/1177 1135/734/1178 1107/742/1186
f 1106/740/1184 1250/4144/4693 1255/743/1187
f 1257/745/1189 1144/738/1182 1107/742/1186
f 1129/739/1183 1144/738/1182 1257/745/1189
f 1152/747/1191 1254/754/1198 1253/732/1176
f 1258/750/1194 1252/748/1192 1129/739/1183
f 1115/751/1195 1128/749/1193 1252/748/1192
f 1152/747/1191 1115/751/1195 1260/753/1197
f 1337/755/1199 1330/795/1239 1284/756/1200
f 1275/758/1202 1288/769/1213 1294/759/1203
f 1274/757/1201 1284/756/1200 1297/761/1205
f 1277/763/1207 1289/762/1206 1297/761/1205
f 1312/765/1209 1269/776/1220 1268/766/1210
f 1319/768/1212 1320/784/1228 1291/764/1208
f 1288/769/1213 1280/775/1219 1292/770/1214
f 1294/759/1203 1292/770/1214 1327/771/1215
f 1311/767/1211 1303/774/1218 1304/773/1217
f 1303/774/1218 1292/770/1214 1280/775/1219
f 1269/776/1220 1312/765/1209 1313/777/1221
f 1311/767/1211 1268/766/1210 1324/779/1223
f 1303/774/1218 1311/767/1211 1325/780/1224
f 1277/763/1207 1291/764/1208 1302/782/1226
f 1320/784/1228 1321/789/1233 1302/782/1226
f 1292/770/1214 1303/774/1218 1326/781/1225
f 1322/785/1229 1323/792/1236 1317/786/1230
f 1301/783/1227 1302/782/1226 1310/787/1231
f 1321/789/1233 1322/785/1229 1310/787/1231
f 1310/787/1231 1317/786/1230 1316/790/1234
f 1305/791/1235 1313/777/1221 1312/765/1209
f 1321/789/1233 1320/784/1228 1327/771/1215
f 1322/785/1229 1321/789/1233 1326/781/1225
f 1325/780/1224 1324/779/1223 1323/792/1236
f 1328/772/1216 1327/771/1215 1320/784/1228
f 1274/757/1201 1285/811/1256 1335/793/1237
f 1426/794/1238 1425/851/1297 1330/795/1239
f 1337/755/1199 1335/793/1237 1427/796/1240
f 1277/763/1207 1301/783/1227 1300/797/1241
f 1301/783/1227 1309/788/1232 1308/799/1243
f 1309/788/1232 1316/790/1234 1267/550/1244
f 1308/799/1243 1267/550/1244 1405/800/1245
f 1300/797/1241 1308/799/1243 1406/801/1246
f 1307/803/1248 1299/815/1260 1416/804/1249
f 1266/806/1251 1307/803/1248 1417/805/1250
f 1290/798/1242 1300/797/1241 1407/802/1247
f 1335/793/1237 1285/811/1256 1261/809/1254
f 1290/798/1242 1296/812/1257 1289/762/1206
f 1285/811/1256 1274/757/1201 1289/762/1206
f 1296/812/1257 1290/798/1242 1408/808/1253
f 1285/811/1256 1296/812/1257 1409/813/1258
f 1299/815/1260 1278/818/1263 1415/816/1261
f 1410/814/1259 1411/823/1268 1261/809/1254
f 1414/817/1262 1415/816/1261 1278/818/1263
f 1414/817/1262 1281/819/1264 1381/820/1265
f 1412/822/1267 1272/824/1269 1261/809/1254
f 1413/821/1266 1381/820/1265 1272/824/1269
f 1450/825/1270 1262/828/1273 1263/826/1271
f 1270/778/1222 1313/777/1221 1263/826/1271
f 1314/829/1274 1271/4145/4694 1449/830/1275
f 1275/758/1202 1283/857/1303 1295/832/1277
f 1280/775/1219 1288/769/1213 1295/832/1277
f 1293/833/1278 1305/791/1235 1304/773/1217
f 1313/777/1221 1305/791/1235 1264/834/1279
f 1406/801/1246 1405/800/1245 1377/551/1280
f 1407/802/1247 1406/801/1246 1376/835/1281
f 1408/808/1253 1407/802/1247 1378/836/1282
f 1409/813/1258 1408/808/1253 1379/837/1283
f 1410/814/1259 1409/813/1258 1386/838/1284
f 1387/839/1285 1380/841/1287 1411/823/1268
f 1390/840/1286 1412/822/1267 1411/823/1268
f 1389/842/1288 1413/821/1266 1412/822/1267
f 1414/817/1262 1413/821/1266 1389/842/1288
f 1388/843/1289 1385/844/1290 1415/816/1261
f 1416/804/1249 1415/816/1261 1385/844/1290
f 1382/846/1292 1417/805/1250 1416/804/1249
f 1418/807/1252 1417/805/1250 1382/846/1292
f 1330/795/1239 1331/850/1296 1318/848/1294
f 1328/772/1216 1329/849/1295 1282/760/1204
f 1284/756/1200 1318/848/1294 1319/768/1212
f 1329/849/1295 1328/772/1216 1319/768/1212
f 1331/850/1296 1330/795/1239 1425/851/1297
f 1425/851/1297 1358/854/1300 1359/853/1299
f 1358/854/1300 1425/851/1297 1426/794/1238
f 1427/796/1240 1363/876/1320 1346/855/1301
f 1334/856/1302 1341/863/1309 1283/857/1303
f 1356/858/1304 1355/865/1311 1431/859/1305
f 1333/861/1307 1334/856/1302 1275/758/1202
f 1315/862/1308 1283/857/1303 1341/863/1309
f 1355/865/1311 1354/879/1323 1433/866/1312
f 1329/849/1295 1318/848/1294 1331/850/1296
f 1341/863/1309 1334/856/1302 1430/860/1306
f 1433/866/1312 1342/883/1310 1341/863/1309
f 1429/868/1314 1428/871/1316 1336/869/1255
f 1335/793/1237 1336/869/1255 1428/871/1316
f 1429/868/1314 1338/870/1315 1345/872/1317
f 1368/874/1319 1367/878/1322 1429/868/1314
f 1336/810/1255 1261/809/1254 1272/824/1269
f 1363/876/1320 1427/796/1240 1428/871/1316
f 1367/878/1322 1362/877/1321 1428/871/1316
f 1354/879/1323 1353/892/1335 1434/880/1324
f 1276/881/1325 1315/862/1308 1342/864/1310
f 1434/880/1324 1339/895/1326 1342/883/1310
f 1435/884/1327 1374/4146/4695 1373/885/1328
f 1375/887/1330 1374/4146/4695 1435/884/1327
f 1438/888/1331 1434/880/1324 1353/892/1335
f 1435/884/1327 1422/886/1329 1352/893/1336
f 1438/888/1331 1437/896/1332 1339/895/1326
f 1276/881/1325 1339/882/1326 1437/889/1332
f 1437/896/1332 1438/888/1331 1435/884/1327
f 1373/885/1328 1364/4147/4696 1421/897/1337
f 1422/886/1329 1421/897/1337 1343/898/1338
f 1344/899/1339 1420/911/1351 1419/873/1318
f 1419/873/1318 1420/911/1351 1366/900/1340
f 1357/901/1341 1356/858/1304 1430/860/1306
f 1334/856/1302 1333/861/1307 1432/902/1342
f 1421/897/1337 1439/907/1347 1347/903/1343
f 1445/904/1344 1442/910/1350 1441/905/1345
f 1439/907/1347 1440/909/1349 1348/908/1348
f 1440/909/1349 1439/907/1347 1442/910/1350
f 1420/911/1351 1440/909/1349 1365/912/1352
f 1421/897/1337 1364/4147/4696 1371/913/1353
f 1420/911/1351 1344/899/1339 1348/908/1348
f 1442/910/1350 1372/915/1355 1369/914/1354
f 1442/910/1350 1439/907/1347 1371/913/1353
f 1445/904/1344 1349/4148/4697 1365/912/1352
f 1350/916/1356 1349/4148/4697 1445/904/1344
f 1423/917/1357 1332/867/1313 1331/850/1296
f 1360/918/1358 1423/917/1357 1424/852/1298
f 1443/919/1359 1351/920/1360 1332/867/1313
f 1351/920/1360 1333/861/1307 1282/760/1204
f 1444/906/1346 1441/905/1345 1436/921/1361
f 1370/922/1362 1357/901/1341 1432/902/1342
f 1333/861/1307 1351/920/1360 1436/921/1361
f 1441/905/1345 1369/914/1354 1370/922/1362
f 1444/906/1346 1443/919/1359 1361/923/1363
f 1423/917/1357 1360/918/1358 1361/923/1363
f 1448/831/1276 1449/830/1275 1397/924/1364
f 1392/926/1366 1450/825/1270 1451/827/1272
f 1298/928/1368 1295/832/1277 1283/857/1303
f 1264/834/1279 1452/931/1371 1451/827/1272
f 1305/791/1235 1293/833/1278 1265/929/1369
f 1295/832/1277 1298/928/1368 1265/929/1369
f 1264/834/1279 1265/929/1369 1453/930/1370
f 1454/932/1372 1400/935/1375 1399/933/1373
f 1455/934/1374 1401/937/1377 1400/935/1375
f 1456/936/1376 1394/4149/4698 1401/937/1377
f 1306/938/1378 1314/829/1274 1448/831/1276
f 1315/862/1308 1276/881/1325 1287/940/1380
f 1398/941/1381 1404/4150/4699 1446/942/1382
f 1396/925/1365 1398/941/1381 1447/939/1379
f 1391/927/1367 1451/827/1272 1452/931/1371
f 1399/933/1373 1393/943/1383 1452/931/1371
f 1455/934/1374 1298/928/1368 1287/940/1380
f 1265/929/1369 1298/928/1368 1455/934/1374
f 1402/944/1384 1394/4149/4698 1456/936/1376
f 1446/942/1382 1404/4150/4699 1403/946/1386
f 1306/938/1378 1447/939/1379 1446/942/1382
f 1403/946/1386 1402/944/1384 1457/945/1385
f 1287/940/1380 1395/949/1389 1457/945/1385
f 1279/948/1388 1458/947/1387 1395/949/1389
f 1475/951/1391 1517/984/1424 1524/952/1392
f 1485/954/1394 1479/963/1403 1466/955/1395
f 1488/957/1397 1475/951/1391 1465/953/1393
f 1488/957/1397 1480/958/1398 1468/959/1399
f 1503/961/1401 1502/968/1408 1268/766/1210
f 1482/960/1400 1509/974/1414 1508/962/1402
f 1479/963/1403 1485/954/1394 1483/964/1404
f 1514/966/1406 1483/964/1404 1485/954/1394
f 1502/968/1408 1503/961/1401 1495/969/1409
f 1471/965/1405 1483/964/1404 1494/970/1410
f 1269/776/1220 1270/778/1222 1504/971/1411
f 1502/968/1408 1512/972/1412 1324/779/1223
f 1494/970/1410 1513/976/1416 1512/972/1412
f 1468/959/1399 1492/979/1419 1493/973/1413
f 1509/974/1414 1482/960/1400 1493/973/1413
f 1483/964/1404 1514/966/1406 1513/976/1416
f 1317/786/1230 1323/792/1236 1511/977/1417
f 1492/979/1419 1500/990/1430 1501/978/1418
f 1510/975/1415 1493/973/1413 1501/978/1418
f 1501/978/1418 1500/990/1430 1316/790/1234
f 1496/980/1420 1495/969/1409 1503/961/1401
f 1514/966/1406 1509/974/1414 1510/975/1415
f 1513/976/1416 1510/975/1415 1511/977/1417
f 1512/972/1412 1511/977/1417 1323/792/1236
f 1509/974/1414 1514/966/1406 1515/967/1407
f 1465/953/1393 1524/952/1392 1522/981/1421
f 1607/983/1423 1524/952/1392 1517/984/1424
f 1524/952/1392 1607/983/1423 1608/986/1426
f 1491/987/1427 1492/979/1419 1468/959/1399
f 1499/989/1429 1500/990/1430 1492/979/1419
f 1267/550/1244 1316/790/1234 1500/990/1430
f 1405/800/1245 1267/550/1244 1499/989/1429
f 1588/991/1431 1499/989/1429 1491/987/1427
f 1598/993/1433 1490/1001/1441 1498/994/1434
f 1599/995/1435 1498/994/1434 1266/806/1251
f 1481/988/1428 1590/999/1439 1589/992/1432
f 1459/996/1436 1476/982/1422 1522/981/1421
f 1480/958/1398 1487/998/1438 1481/988/1428
f 1476/982/1422 1487/998/1438 1480/958/1398
f 1487/998/1438 1591/1000/1440 1590/999/1439
f 1476/982/1422 1592/1004/1444 1591/1000/1440
f 1490/1001/1441 1598/993/1433 1597/1002/1442
f 1592/1004/1444 1476/982/1422 1459/996/1436
f 1596/1006/1446 1472/1008/1448 1469/1003/1443
f 1596/1006/1446 1595/1011/1451 1567/1007/1447
f 1594/1009/1449 1593/1005/1445 1459/996/1436
f 1463/1010/1450 1567/1007/1447 1595/1011/1451
f 1450/825/1270 1630/1105/1540 1460/1012/1452
f 1270/778/1222 1262/828/1273 1460/1012/1452
f 1449/830/1275 1271/4145/4694 1505/1013/1453
f 1486/1015/1455 1474/1036/1476 1466/955/1395
f 1471/965/1405 1484/1016/1456 1486/1015/1455
f 1484/1016/1456 1471/965/1405 1495/969/1409
f 1504/971/1411 1460/1012/1452 1461/1017/1457
f 1377/551/1280 1405/800/1245 1588/991/1431
f 1563/1018/1458 1588/991/1431 1589/992/1432
f 1590/999/1439 1565/1020/1460 1564/1019/1459
f 1591/1000/1440 1571/1021/1461 1565/1020/1460
f 1592/1004/1444 1572/1022/1462 1571/1021/1461
f 1572/1022/1462 1592/1004/1444 1593/1005/1445
f 1575/1024/1464 1566/1023/1463 1593/1005/1445
f 1594/1009/1449 1595/1011/1451 1574/1025/1465
f 1574/1025/1465 1595/1011/1451 1596/1006/1446
f 1573/1026/1466 1596/1006/1446 1597/1002/1442
f 1598/993/1433 1569/4151/4700 1570/1027/1467
f 1568/1028/1468 1569/4151/4700 1598/993/1433
f 1568/1028/1468 1599/995/1435 1418/807/1252
f 1517/984/1424 1475/951/1391 1507/1029/1469
f 1515/967/1407 1485/954/1394 1473/956/1396
f 1475/951/1391 1488/957/1397 1508/962/1402
f 1516/1031/1471 1507/1029/1469 1508/962/1402
f 1518/1030/1470 1605/1098/1533 1606/985/1425
f 1606/985/1425 1605/1098/1533 1546/1032/1472
f 1607/983/1423 1606/985/1425 1545/1033/1473
f 1608/986/1426 1607/983/1423 1533/1034/1474
f 1474/1036/1476 1528/1042/1482 1521/1037/1477
f 1612/1038/1478 1542/1046/1486 1543/1039/1479
f 1466/955/1395 1521/1037/1477 1520/1041/1481
f 1528/1042/1482 1474/1036/1476 1506/1043/1483
f 1614/1045/1485 1541/1059/1497 1542/1046/1486
f 1518/1030/1470 1507/1029/1469 1516/1031/1471
f 1611/1040/1480 1521/1037/1477 1528/1042/1482
f 1614/1045/1485 1612/1038/1478 1528/1042/1482
f 1610/1049/1488 1525/4152/1493 1523/1050/1437
f 1522/981/1421 1608/986/1426 1609/1051/1489
f 1532/1052/1490 1525/4152/1493 1610/1049/1488
f 1610/1049/1488 1554/1057/1495 1555/1054/1492
f 1463/1010/1450 1459/996/1436 1523/997/1437
f 1609/1051/1489 1608/986/1426 1550/1035/1475
f 1554/1057/1495 1610/1049/1488 1609/1051/1489
f 1615/1058/1496 1540/1071/1508 1541/1059/1497
f 1529/1044/1484 1506/1043/1483 1467/1060/1498
f 1615/1058/1496 1614/1045/1485 1529/1048/1484
f 1560/1063/1500 1561/4153/4701 1616/1064/1501
f 1616/1064/1501 1561/4153/4701 1562/1066/1503
f 1540/1071/1508 1615/1058/1496 1619/1067/1504
f 1616/1064/1501 1527/1074/1507 1539/1072/1509
f 1619/1067/1504 1615/1058/1496 1526/1062/1499
f 1467/1060/1498 1464/1069/1506 1618/1068/1505
f 1616/1064/1501 1619/1067/1504 1618/1073/1505
f 1560/1063/1500 1603/1065/1502 1602/1075/1510
f 1603/1065/1502 1539/1072/1509 1530/1077/1512
f 1531/1078/1513 1532/1052/1490 1600/1053/1491
f 1553/1080/1515 1601/1079/1514 1600/1053/1491
f 1544/1081/1516 1613/1082/1517 1611/1040/1480
f 1521/1037/1477 1611/1040/1480 1613/1082/1517
f 1602/1075/1510 1530/1077/1512 1534/1083/1518
f 1626/1085/1520 1625/1095/1530 1622/1086/1521
f 1620/1084/1519 1534/1083/1518 1535/1088/1523
f 1621/1089/1524 1626/1085/1520 1623/1087/1522
f 1601/1079/1514 1553/1080/1515 1552/1090/1525
f 1602/1075/1510 1620/1084/1519 1558/1091/1526
f 1601/1079/1514 1621/1089/1524 1535/1088/1523
f 1623/1087/1522 1622/1086/1521 1556/1092/1527
f 1623/1087/1522 1559/1093/1528 1558/1091/1526
f 1552/1090/1525 1536/4154/4702 1626/1085/1520
f 1626/1085/1520 1536/4154/4702 1537/1094/1529
f 1604/1096/1531 1605/1098/1533 1518/1030/1470
f 1547/1097/1532 1546/1032/1472 1605/1098/1533
f 1519/1047/1487 1538/1100/1535 1624/1099/1534
f 1538/1100/1535 1516/1031/1471 1473/956/1396
f 1625/1095/1530 1624/1099/1534 1617/1101/1536
f 1557/1102/1537 1617/1101/1536 1613/1082/1517
f 1520/1041/1481 1613/1082/1517 1617/1101/1536
f 1622/1086/1521 1617/1101/1536 1557/1102/1537
f 1625/1095/1530 1537/1094/1529 1548/1103/1538
f 1604/1096/1531 1624/1099/1534 1548/1103/1538
f 1397/924/1364 1449/830/1275 1629/1014/1454
f 1392/926/1366 1576/1123/1558 1630/1105/1540
f 1489/1106/1541 1506/1043/1483 1474/1036/1476
f 1630/1105/1540 1631/1122/1557 1461/1017/1457
f 1496/980/1420 1461/1017/1457 1462/1107/1542
f 1486/1015/1455 1484/1016/1456 1462/1107/1542
f 1461/1017/1457 1631/1122/1557 1632/1108/1543
f 1582/1109/1544 1583/1112/1547 1633/1110/1545
f 1634/1111/1546 1633/1110/1545 1583/1112/1547
f 1635/1114/1549 1634/1111/1546 1584/1113/1548
f 1497/1116/1551 1628/1121/1556 1629/1014/1454
f 1506/1043/1483 1489/1106/1541 1478/1117/1552
f 1581/1118/1553 1628/1121/1556 1627/1119/1554
f 1580/1104/1539 1629/1014/1454 1628/1121/1556
f 1631/1122/1557 1630/1105/1540 1576/1123/1558
f 1582/1109/1544 1632/1108/1543 1631/1122/1557
f 1634/1111/1546 1635/1114/1549 1478/1117/1552
f 1634/1111/1546 1489/1106/1541 1462/1107/1542
f 1585/1125/1560 1636/1127/1562 1635/1114/1549
f 1627/1119/1554 1637/1131/1566 1586/1126/1561
f 1497/1116/1551 1470/1130/1565 1627/1119/1554
f 1586/1126/1561 1637/1131/1566 1636/1127/1562
f 1478/1117/1552 1635/1114/1549 1636/1127/1562
f 1579/1128/1563 1637/1131/1566 1470/1130/1565
f 2073/1132/1567 2087/1142/1576 1689/1133/1568
f 1695/1138/1573 1687/1146/1580 2085/1137/1572
f 1697/1141/1575 1696/1140/1571 2086/1139/1574
f 1702/1145/1579 1694/1144/1578 2092/1147/1581
f 1695/1138/1573 1696/1136/1571 1704/1148/1582
f 1697/1141/1575 1705/1153/1585 1704/1150/1582
f 1702/1145/1579 1695/1138/1573 1703/1149/1583
f 1719/1155/1586 1717/1159/1590 1724/1156/1587
f 1725/1157/1588 1639/1397/1824 1638/1158/1589
f 1717/1159/1590 1720/1162/1593 1726/1160/1591
f 1980/1161/1592 1849/1375/1802 1726/1160/1591
f 1983/1163/1594 1654/1167/1598 1647/1164/1595
f 1983/1163/1594 1986/1181/1613 1656/1166/1597
f 1906/1168/1599 2012/1365/1792 1660/1169/1600
f 1884/1165/1596 1647/1164/1595 1657/1171/1602
f 1877/1173/1604 1878/1313/1741 1740/1174/1605
f 1798/336/1607 1779/337/3428 1836/1176/1608
f 1797/1178/1610 1787/1267/1698 1879/1179/1611
f 1986/1181/1613 1983/1163/1594 1888/1182/1614
f 1888/1182/1614 1983/1163/1594 1884/1165/1596
f 1757/1184/1616 1884/1165/1596 2003/1172/1603
f 1963/1186/1618 1992/1190/1622 1946/1187/1619
f 1776/1189/1621 1946/1187/1619 1992/1190/1622
f 1862/1188/1620 1946/1187/1619 1890/1192/1624
f 1804/1194/1626 1890/1192/1624 1946/1187/1619
f 1806/1195/1627 1891/1198/1630 1875/1196/1628
f 1776/1189/1621 1875/1196/1628 1891/1198/1630
f 1892/1199/1631 1876/1209/1641 1777/1200/1632
f 1778/1197/1629 1876/1209/1641 1892/1199/1631
f 1995/1202/1634 1893/1204/1636 1777/1200/1632
f 1893/1204/1636 1995/1202/1634 1966/1205/1637
f 1994/1207/1639 1876/1209/1641 1778/1197/1629
f 1965/1203/1635 1777/1200/1632 1876/1209/1641
f 1957/1191/1623 1993/1210/1642 1875/1196/1628
f 1778/1197/1629 1875/1196/1628 1993/1210/1642
f 1805/1201/1633 1777/1200/1632 1893/1204/1636
f 1928/1211/1643 1893/1204/1636 1774/1206/1638
f 1896/1213/1645 1869/1584/1997 1744/1214/1646
f 1769/1216/1648 1871/1229/1661 2002/1217/1649
f 1968/1219/1651 1998/1223/1655 1873/1220/1652
f 1773/1222/1654 1873/1220/1652 1998/1223/1655
f 1773/1222/1654 1969/1224/1656 1999/1225/1657
f 1897/1227/1659 1871/1229/1661 1769/1216/1648
f 1871/1229/1661 1897/1227/1659 1907/1230/1662
f 1900/1232/1664 1873/1220/1652 1773/1222/1654
f 1771/1221/1653 1873/1220/1652 1900/1232/1664
f 1772/1235/1667 1814/1389/1816 1901/1236/1668
f 1815/1233/1665 1773/1222/1654 1874/1226/1658
f 1967/1237/1669 1997/1240/1672 1903/1238/1670
f 1771/1221/1653 1903/1238/1670 1997/1240/1672
f 1813/1234/1666 1898/1241/1673 1903/1238/1670
f 1768/1239/1671 1903/1238/1670 1898/1241/1673
f 1810/1242/1674 1902/1385/1812 1927/1243/1675
f 1801/1212/1644 1774/1206/1638 1808/1244/1676
f 1904/1246/1678 1894/1568/1981 1822/1247/1679
f 1823/1248/1680 1822/1247/1679 1807/1249/1681
f 1986/1181/1613 1906/1168/1599 1648/1170/1601
f 1954/1251/1683 1953/1185/1617 1830/1252/1684
f 1955/1218/1650 1954/1545/1683 1831/1254/1685
f 1912/1255/1686 1830/1252/1684 1953/1185/1617
f 2003/1172/1603 1657/1171/1602 1650/1256/1687
f 1651/1257/1688 1913/1260/1691 1912/1255/1686
f 1833/1258/1689 1831/1253/1685 1830/1252/1684
f 1831/1254/1685 1833/4155/1689 1811/1228/1660
f 1830/1252/1684 1912/1255/1686 1913/1260/1691
f 1749/1261/1692 1896/1213/1645 1998/1223/1655
f 1738/1262/1693 1914/1274/1706 1997/1240/1672
f 1905/1263/1694 1914/1274/1706 1738/1262/1693
f 1964/1208/1640 1993/1210/1642 1940/1265/1696
f 1837/1177/1609 1836/1176/1608 1787/1267/1698
f 1733/1175/1606 1740/1174/1605 1924/1268/1699
f 1923/1269/1700 1887/1180/1612 1796/1270/1701
f 1786/1271/1702 1797/1178/1610 1887/1180/1612
f 1798/336/1607 1837/1177/1609 1838/1272/1703
f 1797/1178/1610 1786/1271/1702 1838/1272/1703
f 1820/1273/1705 1749/1261/1692 1914/1274/1706
f 1995/1202/1634 1929/1276/1708 1843/1275/1707
f 1929/1276/1708 1995/1202/1634 1965/1203/1635
f 1843/1275/1707 1929/1276/1708 2040/1278/1710
f 1929/1276/1708 1748/1277/1709 2041/1280/1712
f 1932/1284/1716 1883/1401/1828 1782/1285/1717
f 1845/1287/1719 1834/1286/1718 1782/1285/1717
f 1842/1289/1721 1931/1293/1725 1936/1290/1722
f 1846/1292/1724 1936/1290/1722 1931/1293/1725
f 1652/1295/1727 1645/1357/1784 1863/1296/1728
f 1848/1298/1726 1852/4156/4703 1853/1299/1730
f 1851/1301/1731 1937/1305/1735 1939/1302/1732
f 1855/1304/1734 1939/1302/1732 1937/1305/1735
f 1938/1307/1737 1990/1308/1738 1936/1290/1722
f 1841/1291/1723 1936/1290/1722 1990/1308/1738
f 1845/1310/1719 1935/1403/1830 1937/1305/1735
f 1851/1311/1731 1849/1375/1802 1834/1286/1718
f 1959/1312/1740 1938/4157/1737 1846/1300/1724
f 1940/1265/1696 1746/1314/1742 1740/1174/1605
f 1746/1314/1742 1940/1265/1696 1993/1210/1642
f 1746/1314/1742 1945/1334/1762 1924/1268/1699
f 1748/1277/1709 1965/1203/1635 1994/1207/1639
f 1964/1208/1640 1747/1266/1697 1942/1315/1743
f 1958/1316/1744 1963/1186/1618 1862/1188/1620
f 1828/1317/1745 1862/1188/1620 1803/1193/1625
f 1829/1318/1746 1802/1324/1752 1775/1319/1747
f 1962/1320/1748 1958/1316/1744 1828/1317/1745
f 1783/1321/1749 1947/1325/1753 1951/1322/1750
f 1802/1324/1752 1951/1322/1750 1947/1325/1753
f 1842/1289/1721 1841/1291/1723 1783/1321/1749
f 1949/1326/1754 1950/1332/1760 1737/1327/1755
f 1841/1291/1723 1960/1309/1739 1961/1329/1757
f 1826/1330/1758 1854/1336/1764 1855/1304/1734
f 1989/1331/1759 1952/1333/1761 1737/1327/1755
f 1952/1333/1761 1989/1331/1759 1945/1334/1762
f 1824/1335/1763 1948/1337/1765 1949/1326/1754
f 1854/1336/1764 1826/1330/1758 1949/1326/1754
f 1783/1321/1749 1961/1329/1757 1991/1338/1766
f 1962/1320/1748 1775/1319/1747 1947/1325/1753
f 1957/1191/1623 1992/1190/1622 1952/1333/1761
f 1737/1327/1755 1952/1333/1761 1992/1190/1622
f 1653/1339/1767 1864/1354/1781 1982/1340/1768
f 1856/1342/1733 1938/4157/1737 1959/1312/1740
f 1960/1309/1739 1990/1308/1738 1939/1302/1732
f 1990/1308/1738 1938/1307/1737 1856/1303/1733
f 1854/1336/1764 1961/1329/1757 1960/1309/1739
f 1991/1338/1766 1948/1337/1765 1824/1335/1763
f 1948/1337/1765 1991/1338/1766 1961/1329/1757
f 1824/1335/1763 1827/1328/1756 1958/1316/1744
f 1963/1186/1618 1958/1316/1744 1827/1328/1756
f 1968/1219/1651 1997/1240/1672 1914/1274/1706
f 1969/1224/1656 1998/1223/1655 1896/1213/1645
f 1792/1344/1771 1971/1370/1797 1917/1345/1772
f 1734/1346/1773 1918/1349/1776 1972/1347/1774
f 1793/1348/1775 1972/1347/1774 1918/1349/1776
f 1866/1297/1729 1863/1296/1728 1789/1351/1778
f 1646/1353/1780 1865/1355/1782 1864/1354/1781
f 1865/1355/1782 1788/1376/1803 1857/1356/1783
f 1982/1340/1768 1863/1296/1728 1645/1357/1784
f 1863/1296/1728 1982/1340/1768 1981/1358/1785
f 1981/1358/1785 1982/1340/1768 1864/1354/1781
f 1763/1362/1789 1911/1183/1615 1910/1363/1790
f 1906/1168/1599 1986/1181/1613 1911/1183/1615
f 2012/1365/1792 1906/1168/1599 1763/1362/1789
f 1791/1361/1788 1756/1368/1795 1917/1345/1772
f 1918/1349/1776 1734/1346/1773 1745/1371/1798
f 1750/1215/1647 1744/1214/1646 1921/1372/1799
f 1921/1372/1799 1744/1214/1646 1735/1350/1777
f 1987/1374/1801 1745/1371/1798 1734/1346/1773
f 1853/1299/1730 1852/4156/4703 1847/1352/1779
f 1959/1312/1740 1853/1299/1730 1789/1351/1778
f 1959/1312/1740 1981/1358/1785 1857/1356/1783
f 1834/1286/1718 1849/1375/1802 1980/1161/1592
f 1858/1343/1770 1849/1375/1802 1851/1311/1731
f 1849/1375/1802 1858/1343/1770 1857/1356/1783
f 2016/1377/1804 2019/1442/1866 2013/1366/1793
f 2018/1379/1806 2016/1377/1804 2010/1378/1805
f 2015/1381/1808 2018/1379/1806 2011/1380/1807
f 2067/1383/1810 2015/1381/1808 2009/1382/1809
f 1902/1385/1812 1816/1250/1682 1807/1249/1681
f 1969/1224/1656 1750/1215/1647 1920/1373/1800
f 1770/1386/1813 1812/1390/1817 1899/1387/1814
f 1814/1389/1816 1772/1235/1667 1872/1388/1815
f 1812/1390/1817 1770/1386/1813 1908/1231/1663
f 1970/1391/1818 1772/1235/1667 1874/1226/1658
f 1920/1373/1800 1921/1372/1799 1745/1371/1798
f 2000/1393/1820 1872/1388/1815 1772/1235/1667
f 1999/1225/1657 1920/1373/1800 1751/1392/1819
f 2033/1394/1821 2035/1396/1823 2040/1278/1710
f 1905/1263/1694 2035/1396/1823 2033/1394/1821
f 2034/1395/1822 2035/1396/1823 1905/1263/1694
f 2035/1396/1823 2034/1395/1822 2039/1279/1711
f 1726/1160/1591 1849/1375/1802 1788/1376/1803
f 1725/1157/1588 1865/1355/1782 1646/1353/1780
f 2054/1398/1825 2049/1402/1829 2050/1399/1826
f 1883/1401/1828 2051/1400/1827 2050/1399/1826
f 1782/1285/1717 2050/1399/1826 2049/1402/1829
f 1935/1403/1830 1845/1310/1719 1844/1404/1720
f 1850/1306/1736 1937/1305/1735 1935/1403/1830
f 1840/1406/1832 1943/1408/1834 1944/1409/1835
f 1826/1330/1758 1784/1410/1836 1950/1332/1760
f 1850/1306/1736 1840/1406/1832 1784/1410/1836
f 1989/1331/1759 1950/1332/1760 1784/1410/1836
f 2048/1411/1837 2049/1414/1829 2054/1412/1825
f 1930/1405/1831 1844/1404/1720 2049/1414/1829
f 1941/1407/1833 1930/1405/1831 2048/1411/1837
f 1930/1405/1831 1941/1407/1833 1840/1406/1832
f 1724/1156/1587 1788/1376/1803 1865/1355/1782
f 1730/1415/1839 1731/1418/1842 1714/1416/1840
f 1731/1418/1842 1732/1503/1921 1718/1419/1843
f 1641/1420/1844 1732/1503/1921 1731/1418/1842
f 1731/1418/1842 1730/1415/1839 1643/1423/1847
f 1644/1424/1848 1715/1422/1846 1719/1155/1586
f 1644/1424/1848 1643/1423/1847 1730/1415/1839
f 1664/1425/1849 1665/1428/1852 2062/1426/1850
f 1665/1428/1852 1666/1431/1855 2063/1429/1853
f 2108/1430/1854 2063/1429/1853 1666/1431/1855
f 1655/1433/1857 1649/1895/2297 2065/1434/1858
f 2065/1434/1858 1649/1895/2297 1659/1436/1860
f 1662/1437/1861 2067/1383/1810 2066/1384/1811
f 2017/1438/1862 2014/1441/1865 2068/1439/1863
f 2067/1383/1810 2068/1439/1863 2014/1441/1865
f 2019/1442/1866 2016/1377/1804 2014/1441/1865
f 2018/1379/1806 2015/1381/1808 2014/1441/1865
f 2012/1365/1792 2017/1438/1862 1663/1440/1864
f 2013/1366/1793 2019/1442/1866 2017/1438/1862
f 2067/1383/1810 1662/1437/1861 1661/1443/1867
f 1671/1444/1868 1679/1369/1796 2070/1367/1794
f 2069/1445/1869 2070/1367/1794 1680/1360/1787
f 1672/1446/1870 1680/1360/1787 2072/1359/1786
f 2071/1447/1871 2072/1359/1786 1681/1448/1872
f 1673/1134/1569 1681/1448/1872 2074/1449/1873
f 2073/1132/1567 2074/1449/1873 1682/1450/1874
f 2069/1445/1869 1672/1446/1870 1688/1135/1570
f 2085/1137/1572 1687/1146/1580 1671/1444/1868
f 1673/1134/1569 1689/1133/1568 2086/1139/1574
f 2071/1447/1871 2086/1139/1574 1688/1135/1570
f 1674/1451/1875 1690/1455/1879 2087/1142/1576
f 2075/1452/1876 1675/1465/1887 1691/1453/1877
f 2075/1452/1876 2088/1454/1878 1690/1455/1879
f 1678/1456/1880 1694/1144/1578 2091/1143/1577
f 2083/1458/1882 1671/1444/1868 1687/1146/1580
f 2092/1147/1581 1694/1144/1578 1678/1456/1880
f 1764/1459/1883 2010/1378/1805 2013/1366/1793
f 1764/1459/1883 1763/1362/1789 1799/1364/1791
f 2075/1452/1876 1674/1451/1875 1682/1450/1874
f 2076/1464/1886 1683/1460/1884 1675/1465/1887
f 2081/1457/1881 2082/1472/1894 1686/1466/1888
f 1800/1282/1714 1799/1553/1791 1753/1467/1889
f 1756/1368/1795 1755/1470/1892 1987/1374/1801
f 2082/1472/1894 2081/1457/1881 1677/1473/1895
f 2083/1458/1882 1678/1456/1880 1686/1466/1888
f 2084/1471/1893 1679/1369/1796 1671/1444/1868
f 2087/1142/1576 1690/1455/1879 1698/1474/1896
f 2088/1454/1878 1691/1453/1877 1699/1475/1897
f 1705/1153/1585 1697/1141/1575 1698/1474/1896
f 1698/1474/1896 1699/1475/1897 1707/1478/1900
f 2089/1476/1898 1691/1453/1877 1675/1465/1887
f 2077/1479/1901 1675/1465/1887 1683/1460/1884
f 2091/1143/1577 1702/1145/1579 1701/1480/1902
f 1708/1482/1904 1700/1492/1910 1701/1480/1902
f 1709/1483/1905 1701/1480/1902 1702/1145/1579
f 2079/1484/1906 2080/1283/1715 1685/1469/1891
f 2090/1485/1907 2079/1484/1906 1677/1473/1895
f 2081/1457/1881 2091/1143/1577 1693/1481/1903
f 1699/1475/1897 1700/1491/1910 1708/1486/1904
f 2080/1283/1715 2079/1484/1906 1676/1487/1908
f 2077/1479/1901 1676/1490/1908 1692/1488/1909
f 2079/1484/1906 2090/1485/1907 1692/1489/1909
f 2078/1461/1885 1684/1463/1713 1676/1490/1908
f 2089/1476/1898 1692/1488/1909 1700/1491/1910
f 2090/1485/1907 1701/1480/1902 1700/1492/1910
f 1728/1493/1911 1729/1497/1915 1723/1494/1912
f 1933/1496/1914 1723/1494/1912 1729/1497/1915
f 2094/1499/1917 2093/1500/1918 1729/1497/1915
f 2093/1500/1918 2095/1504/1922 1766/1498/1916
f 1716/1495/1913 1718/1419/1843 1727/1501/1919
f 2096/1502/1920 2094/1499/1917 1728/1493/1911
f 2095/1504/1922 2097/1512/1930 1881/1505/1923
f 1761/1506/1924 1796/1270/1701 1887/1180/1612
f 1879/1179/1611 1988/1507/1925 1881/1505/1923
f 1766/1498/1916 1881/1505/1923 1988/1507/1925
f 1640/1508/1926 1727/1501/1919 1732/1503/1921
f 1669/1509/1927 2096/1502/1920 1727/1501/1919
f 1886/1510/1928 1796/1270/1701 1761/1506/1924
f 2097/1512/1930 1880/1511/1929 1761/1506/1924
f 1733/1175/1606 1796/1270/1701 1886/1510/1928
f 1760/1513/1931 2007/1516/1934 1979/1514/1932
f 2007/1516/1934 2099/1601/2014 2101/1517/1935
f 2060/1518/1936 2061/1427/1851 2026/1519/1937
f 2028/1520/1938 2026/1519/1937 2008/1515/1933
f 1667/1521/1939 1664/1425/1849 2061/1427/1851
f 2029/1522/1940 2028/1520/1938 1979/1514/1932
f 1668/1523/1941 1667/1521/1939 2060/1518/1936
f 2106/1524/1942 2060/1518/1936 2028/1520/1938
f 1670/1432/1856 1655/1433/1857 2064/1435/1859
f 1975/1526/1944 1758/1525/1943 1791/1361/1788
f 1972/1347/1774 1793/1348/1775 1760/1513/1931
f 1974/1527/1945 1760/1513/1931 2008/1515/1933
f 2026/1519/1937 2025/1532/1950 1978/1528/1946
f 2062/1426/1850 2063/1429/1853 2027/1531/1949
f 2061/1427/1851 2062/1426/1850 2025/1532/1950
f 2011/1380/1807 2010/1378/1805 1764/1459/1883
f 1759/1534/1952 1975/1526/1944 1971/1370/1797
f 1792/1344/1771 1972/1347/1774 1974/1527/1945
f 1978/1528/1946 1767/1530/1948 1759/1534/1952
f 2110/1529/1947 1978/1528/1946 2025/1532/1950
f 1976/1535/1953 2065/1434/1858 2066/1384/1811
f 2065/1434/1858 1976/1535/1953 2004/1536/1954
f 1765/1533/1951 1976/1535/1953 2009/1382/1809
f 2109/1537/1955 2027/1531/1949 2063/1429/1853
f 2108/1430/1854 2064/1435/1859 2004/1536/1954
f 1977/1539/1957 1765/1533/1951 1758/1525/1943
f 1767/1530/1948 2107/1538/1956 1975/1526/1944
f 2110/1529/1947 2111/1540/1958 2107/1538/1956
f 2111/1540/1958 2110/1529/1947 2027/1531/1949
f 2111/1540/1958 2112/1541/1959 1977/1539/1957
f 2112/1541/1959 1976/1535/1953 1765/1533/1951
f 2112/1541/1959 2111/1540/1958 2109/1537/1955
f 1790/1542/1960 1757/1184/1616 1953/1185/1617
f 1911/1183/1615 1888/1182/1614 1889/1543/1961
f 1790/1542/1960 1889/1543/1961 1888/1182/1614
f 1752/1544/1962 1790/1550/1960 1954/1545/1683
f 1910/1546/1790 1889/4158/1961 1870/1547/1963
f 1752/1544/1962 1870/1547/1963 1889/1549/1961
f 1984/1551/1965 1752/1544/1962 1955/1218/1650
f 1909/1548/1964 1870/1547/1963 1984/1551/1965
f 1909/1548/1964 1753/1467/1889 1799/1553/1791
f 2002/1217/1649 1871/1229/1661 1908/1231/1663
f 1908/1231/1663 1770/1386/1813 1956/1555/1968
f 1872/1388/1815 2000/1393/1820 1956/1555/1968
f 1739/1558/1971 1956/1555/1968 2000/1393/1820
f 2001/1554/1967 1739/1558/1971 1895/1559/1972
f 1987/1374/1801 1919/1556/1969 1751/1392/1819
f 2030/1557/1970 2000/1393/1820 1970/1391/1818
f 2030/1557/1970 1919/1556/1969 1895/1559/1972
f 1919/1556/1969 1987/1374/1801 1755/1470/1892
f 1754/1468/1890 1753/1467/1889 1895/1559/1972
f 2001/1554/1967 1985/1552/1966 1984/1551/1965
f 1753/1467/1889 1909/1548/1964 1985/1552/1966
f 1717/1159/1590 1719/1155/1586 1715/1422/1846
f 1716/1495/1913 1723/1494/1912 1722/1561/1974
f 1713/1560/1973 2056/1565/1978 2057/1563/1976
f 1721/1564/1977 1720/1162/1593 1717/1159/1590
f 1715/1422/1846 2059/1417/1841 2056/1565/1978
f 1712/1562/1975 1714/1416/1840 1718/1419/1843
f 1712/1562/1975 2056/1565/1978 2059/1417/1841
f 2113/1566/1979 2056/1565/1978 1712/1562/1975
f 2023/1567/1980 1822/1247/1679 1894/1568/1981
f 1915/1572/1985 2117/1575/1988 1821/1264/1695
f 2020/1571/1984 1996/1570/1983 1927/1243/1675
f 1996/1570/1983 1967/1237/1669 1768/1239/1671
f 1915/1572/1985 1738/1262/1693 1967/1237/1669
f 1822/1247/1679 2023/1567/1980 2020/1571/1984
f 2034/1395/1822 2115/1574/1987 2116/1573/1986
f 2115/1574/1987 2034/1395/1822 1821/1264/1695
f 2117/1575/1988 1915/1572/1985 2020/1571/1984
f 2117/1575/1988 2023/1567/1980 2022/1569/1982
f 1904/1246/1678 2036/1581/1994 2037/1576/1989
f 1966/1205/1637 1843/1275/1707 1817/1577/1990
f 1809/1245/1677 1808/1244/1676 1925/1579/1992
f 1774/1206/1638 1966/1205/1637 2024/1578/1991
f 2036/1581/1994 1926/1580/1993 1925/1579/1992
f 1894/1568/1981 2037/1576/1989 2038/1582/1995
f 1817/1577/1990 2116/1573/1986 2038/1582/1995
f 2021/1583/1996 1925/1579/1992 1808/1244/1676
f 2021/1583/1996 2038/1582/1995 2037/1576/1989
f 2039/1279/1711 2116/1573/1986 1817/1577/1990
f 2116/1573/1986 2115/1574/1987 2022/1569/1982
f 1869/1584/1997 1916/1585/1998 1735/1350/1777
f 1916/1585/1998 1973/1615/2028 1793/1348/1775
f 1793/1348/1775 1973/1615/2028 2007/1516/1934
f 1878/1313/1741 1877/1173/1604 1736/1586/1999
f 1747/1266/1697 1940/1265/1696 1878/1313/1741
f 1736/1586/1999 1877/1173/1604 1886/1510/1928
f 2105/1589/2002 1795/1588/2001 1886/1510/1928
f 2042/1590/2003 2032/1592/2005 2033/1394/1821
f 2041/1280/1712 1748/1277/1709 1742/1591/2004
f 1741/1587/2000 1868/1612/2025 1942/1315/1743
f 1942/1315/1743 1868/1612/2025 1742/1591/2004
f 2032/1592/2005 2042/1590/2003 2121/1593/2006
f 2102/1595/2008 2031/1599/2012 2043/1596/2009
f 2102/1595/2008 2100/1602/2015 1818/1598/2011
f 2007/1516/1934 1973/1615/2028 2006/1600/2013
f 2100/1602/2015 2099/1601/2014 2006/1600/2013
f 1896/1213/1645 1749/1261/1692 1743/1603/2016
f 1743/1603/2016 1749/1261/1692 1820/1273/1705
f 2032/1592/2005 1819/1604/2017 1820/1273/1705
f 1794/1605/2018 2098/1607/2020 2103/1597/2010
f 1885/1606/2019 2104/1608/2021 2098/1607/2020
f 1795/1588/2001 2105/1589/2002 2104/1608/2021
f 1885/1606/2019 1794/1605/2018 2122/1609/2022
f 1794/1605/2018 2043/1596/2009 2123/1611/2024
f 1736/1586/1999 1867/1610/2023 1868/1612/2025
f 1867/1610/2023 1736/1586/1999 1795/1588/2001
f 1916/1585/1998 1869/1584/1997 1743/1603/2016
f 2124/1614/2027 1818/1598/2011 2006/1600/2013
f 2005/1613/2026 2006/1600/2013 1973/1615/2028
f 2119/1616/2029 2005/1613/2026 1743/1603/2016
f 2043/1596/2009 2031/1599/2012 2125/1617/2030
f 2125/1617/2030 2031/1599/2012 1818/1598/2011
f 2122/1609/2022 2123/1611/2024 2121/1593/2006
f 1742/1591/2004 1868/1612/2025 1867/1610/2023
f 2042/1590/2003 1742/1591/2004 2118/1618/2031
f 2119/1616/2029 1819/1604/2017 2032/1592/2005
f 2120/1594/2007 2121/1593/2006 2123/1611/2024
f 2124/1614/2027 2119/1616/2029 2120/1594/2007
f 2528/1619/2032 2128/1906/2308 2144/1620/2033
f 2540/1623/2036 2142/1632/2044 2150/1625/2038
f 2541/1627/2039 2151/1626/2037 2152/1628/2040
f 2547/1633/2045 2149/1631/2043 2157/1630/2042
f 2150/1625/2038 2158/1636/2046 2159/1634/1582
f 2159/1635/1582 2160/1639/2047 2152/1628/2040
f 2157/1630/2042 2165/1640/2048 2158/1636/2046
f 2174/1641/2049 2180/1644/2052 2179/1642/2050
f 1638/1158/1589 1639/1397/1824 2180/1644/2052
f 2181/1645/2053 2175/1647/2055 2172/1643/2051
f 2181/1645/2053 2304/1779/2186 2435/1646/2054
f 1647/1164/1595 1654/1167/1598 2438/1648/2056
f 2438/1648/2056 1654/1167/1598 1656/1166/1597
f 2361/1651/2059 1648/1170/1601 1660/1169/1600
f 2339/1649/2057 2458/1662/2072 1657/1171/1602
f 2195/1653/2061 2333/2042/2432 2332/1654/2062
f 2253/383/2064 2292/1742/2151 2291/1656/2065
f 2252/1657/2067 2342/1966/2360 2334/1658/2068
f 2441/1650/2058 2366/1834/2239 2343/1660/2070
f 2343/1660/2070 2212/1661/2071 2339/1649/2057
f 2212/1661/2071 2408/1728/2138 2458/1662/2072
f 2418/1663/2073 2317/1667/2077 2401/1664/2074
f 2231/1666/2076 2412/1685/2095 2447/1665/2075
f 2317/1667/2077 2258/1788/2194 2345/1668/2078
f 2259/1669/2079 2231/1666/2076 2401/1664/2074
f 2261/1670/2080 2233/1676/2086 2330/1671/2081
f 2346/1672/2082 2330/1671/2081 2231/1666/2076
f 2232/1673/2083 2331/1684/2094 2347/1674/2084
f 2347/1674/2084 2331/1684/2094 2233/1676/2086
f 2232/1673/2083 2348/1680/2090 2450/1677/2087
f 2421/1679/2089 2450/1677/2087 2348/1680/2090
f 2233/1676/2086 2331/1684/2094 2449/1682/2092
f 2420/1678/2088 2449/1682/2092 2331/1684/2094
f 2330/1671/2081 2448/1686/2096 2412/1685/2095
f 2448/1686/2096 2330/1671/2081 2233/1676/2086
f 2260/1675/2085 2383/1687/2097 2348/1680/2090
f 2229/1681/2091 2348/1680/2090 2383/1687/2097
f 2199/1689/2099 2324/2039/2429 2351/1690/2100
f 2224/1692/2102 2410/1730/2140 2457/1693/2103
f 2423/1695/2105 2226/1706/2116 2328/1696/2106
f 2228/1698/2108 2424/1700/2110 2453/1697/2107
f 2228/1698/2108 2329/1710/2120 2454/1699/2109
f 2224/1692/2102 2326/1694/2104 2352/1701/2111
f 2326/1694/2104 2363/1857/2262 2362/1703/2113
f 2228/1698/2108 2328/1696/2106 2355/1704/2114
f 2226/1706/2116 2268/1714/2124 2355/1704/2114
f 2227/1707/2117 2329/1710/2120 2356/1708/2118
f 2270/1705/2115 2356/1708/2118 2329/1710/2120
f 2422/1711/2121 2223/1715/2125 2358/1712/2122
f 2452/1713/2123 2358/1712/2122 2226/1706/2116
f 2358/1712/2122 2353/1716/2126 2268/1714/2124
f 2223/1715/2125 2265/1718/2128 2353/1716/2126
f 2382/1717/2127 2357/1852/2257 2265/1718/2128
f 2263/1719/2129 2229/1681/2091 2256/1688/2098
f 2277/1721/2131 2349/2023/2413 2359/1722/2132
f 2262/1724/2134 2277/1721/2131 2278/1723/2133
f 2441/1650/2058 1656/1166/1597 1648/1170/1601
f 2409/1726/2136 2286/4159/2139 2285/1727/2137
f 2286/1729/2139 2409/2000/2136 2410/1730/2140
f 2408/1728/2138 2285/1727/2137 2367/1731/2141
f 1650/1256/1687 1657/1171/1602 2458/1662/2072
f 1651/1257/1688 1650/1256/1687 2367/1731/2141
f 2285/1727/2137 2286/4159/2139 2288/1733/2143
f 2286/1729/2139 2224/1692/2102 2266/1702/2112
f 2368/1732/2142 2367/1731/2141 2285/1727/2137
f 2204/1736/2145 2423/1695/2105 2453/1697/2107
f 2193/1737/2146 2422/1711/2121 2452/1713/2123
f 2193/1737/2146 2369/1738/2147 2360/1739/2148
f 2419/1683/2093 2202/1785/2191 2395/1741/2150
f 2292/1742/2151 2252/1657/2067 2242/1659/2069
f 2379/1743/2152 2195/1653/2061 2188/1655/2063
f 2251/1745/2154 2342/1966/2360 2378/1744/2153
f 2275/1746/2155 2360/1739/2148 2369/1738/2147
f 2298/1747/2156 2384/1748/2157 2450/1677/2087
f 2420/1678/2088 2450/1677/2087 2384/1748/2157
f 2298/1747/2156 2494/1864/2269 2495/1750/2159
f 2384/1748/2157 2495/1750/2159 2496/1751/2160
f 2387/1755/2164 2289/1759/2168 2237/1756/2165
f 2300/1758/2167 2299/1869/2274 2237/1756/2165
f 2297/1760/2169 2296/1775/2184 2391/1761/2170
f 2301/1763/2172 2303/4160/2175 2386/1762/2171
f 2318/1764/2173 1645/1357/1784 1652/1295/1727
f 2303/1766/2175 2301/1780/2172 2308/1767/2176
f 2306/1769/2178 2311/1815/2219 2394/1770/2179
f 2310/1772/2181 2305/1803/2209 2392/1771/2180
f 2393/1773/2182 2301/1763/2172 2391/1761/2170
f 2296/1775/2184 2415/1801/2207 2445/1774/2183
f 2300/1776/2167 2306/1769/2178 2392/1771/2180
f 2306/1778/2178 2300/1758/2167 2289/1759/2168
f 2301/1780/2172 2393/4161/2182 2414/1781/2187
f 2395/1741/2150 2333/2042/2432 2195/1653/2061
f 2201/1782/2188 2412/1685/2095 2448/1686/2096
f 2201/1782/2188 2195/1653/2061 2379/1743/2152
f 2203/1749/2158 2397/1784/2190 2449/1682/2092
f 2419/1683/2093 2449/1682/2092 2397/1784/2190
f 2317/1667/2077 2418/1663/2073 2413/1786/2192
f 2283/1787/2193 2284/1789/2195 2258/1788/2194
f 2284/1789/2195 2283/1787/2193 2230/1790/2196
f 2283/1787/2193 2413/1786/2192 2417/1792/2198
f 2238/1793/2199 2280/1796/2202 2406/1794/2200
f 2402/1795/2201 2406/1794/2200 2257/1791/2197
f 2238/1793/2199 2296/1775/2184 2297/1760/2169
f 2192/1797/2203 2405/1805/2211 2404/1798/2204
f 2296/1775/2184 2238/1793/2199 2416/1800/2206
f 2310/1772/2181 2309/1809/2215 2281/1802/2208
f 2192/1797/2203 2407/1806/2212 2444/1804/2210
f 2407/1806/2212 2201/1782/2188 2400/1783/2189
f 2279/1807/2213 2282/1799/2205 2404/1798/2204
f 2309/1809/2215 2403/1808/2214 2404/1798/2204
f 2238/1793/2199 2402/1795/2201 2446/1810/2216
f 2417/1792/2198 2446/1810/2216 2402/1795/2201
f 2407/1806/2212 2447/1665/2075 2412/1685/2095
f 2192/1797/2203 2418/1663/2073 2447/1665/2075
f 1653/1339/1767 1658/1341/1769 2437/1811/2217
f 2414/1781/2187 2393/4161/2182 2311/1813/2219
f 2415/1801/2207 2310/1772/2181 2394/1770/2179
f 2311/1815/2219 2393/1773/2182 2445/1774/2183
f 2415/1801/2207 2416/1800/2206 2309/1809/2215
f 2279/1807/2213 2403/1808/2214 2446/1810/2216
f 2403/1808/2214 2309/1809/2215 2416/1800/2206
f 2279/1807/2213 2417/1792/2198 2413/1786/2192
f 2282/1799/2205 2413/1786/2192 2418/1663/2073
f 2369/1738/2147 2452/1713/2123 2423/1695/2105
f 2424/1700/2110 2205/1691/2101 2351/1690/2100
f 2247/1816/2221 2189/1819/2224 2372/1817/2222
f 2189/1819/2224 2247/1816/2221 2427/1820/2225
f 2373/1821/2226 2427/1820/2225 2248/1822/2227
f 2244/1824/2229 2318/1764/2173 2321/1765/2174
f 1646/1353/1780 1653/1339/1767 2319/1812/2218
f 2312/1827/2232 2243/1843/2248 2320/1826/2231
f 1645/1357/1784 2318/1764/2173 2437/1811/2217
f 2318/1764/2173 2244/1824/2229 2436/1828/2233
f 2319/1812/2218 2437/1811/2217 2436/1828/2233
f 2218/1832/2237 2254/1922/2322 2365/1833/2238
f 2366/1834/2239 2441/1650/2058 2361/1651/2059
f 2218/1832/2237 2361/1651/2059 2467/1652/2060
f 2372/1817/2222 2211/1837/2242 2246/1830/2235
f 2373/1821/2226 2376/1840/2245 2200/1839/2244
f 2376/1840/2245 2199/1689/2099 2205/1691/2101
f 2190/1823/2228 2199/1689/2099 2376/1840/2245
f 2189/1819/2224 2200/1839/2244 2442/1842/2247
f 2308/1767/2176 2244/1824/2229 2302/1825/2230
f 2414/1781/2187 2436/1828/2233 2244/1824/2229
f 2312/1827/2232 2436/1828/2233 2414/1781/2187
f 2289/1759/2168 2387/1755/2164 2435/1646/2054
f 2313/1814/2220 2311/1813/2219 2306/1778/2178
f 2312/1827/2232 2313/1814/2220 2304/1779/2186
f 2471/1844/2249 2465/1847/2252 2468/1835/2240
f 2473/1846/2251 2466/1849/2254 2465/1847/2252
f 2470/1848/2253 2464/1851/2256 2466/1849/2254
f 2522/1850/2255 2521/1896/2298 2464/1851/2256
f 2357/1852/2257 2382/1717/2127 2262/1724/2134
f 2375/1841/2246 2205/1691/2101 2424/1700/2110
f 2225/1853/2258 2327/1856/2261 2354/1854/2259
f 2269/1709/2119 2354/1854/2259 2327/1856/2261
f 2267/1855/2260 2362/1703/2113 2363/1857/2262
f 2329/1710/2120 2227/1707/2117 2425/1858/2263
f 2375/1841/2246 2206/1860/2265 2200/1839/2244
f 2227/1707/2117 2327/1856/2261 2455/1859/2264
f 2454/1699/2109 2425/1858/2263 2206/1860/2265
f 2488/1861/2266 2496/1751/2160 2495/1750/2159
f 2360/1739/2148 2275/1746/2155 2488/1861/2266
f 2360/1739/2148 2490/1862/2267 2489/1863/2268
f 2490/1862/2267 2495/1750/2159 2494/1864/2269
f 2181/1645/2053 2179/1642/2050 2243/1843/2248
f 1646/1353/1780 2320/1826/2231 2180/1644/2052
f 2505/1865/2270 2504/1868/2273 2509/1866/2271
f 2505/1865/2270 2506/1867/2272 2338/1757/2166
f 2504/1868/2273 2505/1865/2270 2237/1756/2165
f 2390/1777/2185 2385/1880/2282 2299/1870/2274
f 2305/1803/2209 2295/1871/2275 2390/1777/2185
f 2295/1871/2275 2239/1875/2279 2399/1874/2278
f 2281/1802/2208 2404/1798/2204 2405/1805/2211
f 2305/1803/2209 2281/1802/2208 2239/1875/2279
f 2239/1875/2279 2405/1805/2211 2444/1804/2210
f 2316/1876/2280 2399/1874/2278 2444/1804/2210
f 2503/1877/2281 2502/2983/3403 2509/1878/2271
f 2385/1880/2282 2503/1877/2281 2504/1879/2273
f 2396/1873/2277 2502/2983/3403 2503/1877/2281
f 2316/1876/2280 2315/2977/3396 2398/1872/2276
f 2385/1880/2282 2390/1777/2185 2295/1871/2275
f 2320/1826/2231 2243/1843/2248 2179/1642/2050
f 2185/1881/2283 2514/1890/2292 2169/1882/2284
f 2186/1883/2285 2169/1882/2284 2173/1884/2286
f 1641/1420/1844 1642/1421/1845 2186/1883/2285
f 2377/1886/2288 2337/385/3405 2234/384/2066
f 2242/1659/2069 2334/1658/2068 2443/1887/2289
f 2291/1656/2065 2242/1659/2069 2389/1888/2290
f 1643/1423/1847 2185/1881/2283 2186/1883/2285
f 1644/1424/1848 1638/1158/1589 2174/1641/2049
f 1644/1424/1848 2170/1889/2291 2185/1881/2283
f 1664/1425/1849 2516/1975/2369 2517/1891/2293
f 1665/1428/1852 2517/1891/2293 2518/1892/2294
f 2563/1893/2295 1670/1432/1856 1666/1431/1855
f 1655/1433/1857 2519/1981/2375 2520/1894/2296
f 1659/1436/1860 1649/1895/2297 2520/1894/2296
f 1662/1437/1861 1659/1436/1860 2521/1896/2298
f 2472/1897/2299 1663/1440/1864 2523/1898/2300
f 2522/1850/2255 2470/1848/2253 2469/1899/2301
f 2474/1845/2250 2472/1897/2299 2469/1899/2301
f 2473/1846/2251 2471/1844/2249 2469/1899/2301
f 2467/1652/2060 1660/1169/1600 1663/1440/1864
f 2468/1835/2240 2467/1652/2060 2472/1897/2299
f 2522/1850/2255 2523/1898/2300 1661/1443/1867
f 2525/1836/2241 2134/1838/2243 2126/1900/2302
f 2524/1901/2303 2127/1902/2304 2135/1831/2236
f 2527/1829/2234 2135/1831/2236 2127/1902/2304
f 2526/1903/2305 2128/1906/2308 2136/1904/2306
f 2529/1905/2307 2136/1904/2306 2128/1906/2308
f 2528/1619/2032 2129/1908/2310 2137/1907/2309
f 2524/1901/2303 2540/1623/2036 2143/1622/2035
f 2126/1900/2302 2142/1632/2044 2540/1623/2036
f 2541/1627/2039 2144/1620/2033 2128/1906/2308
f 2526/1903/2305 2127/1902/2304 2143/1622/2035
f 2542/1621/2034 2145/1912/2314 2129/1908/2310
f 2530/1909/2311 2543/1913/2315 2146/1910/2312
f 2530/1909/2311 2129/1908/2310 2145/1912/2314
f 2546/1629/2041 2149/1631/2043 2133/1914/2316
f 2538/1916/2318 2547/1633/2045 2142/1632/2044
f 2133/1914/2316 2149/1631/2043 2547/1633/2045
f 2219/1917/2319 2218/1832/2237 2468/1835/2240
f 2219/1917/2319 2255/1920/2163 2254/1922/2322
f 2137/1907/2309 2129/1908/2310 2530/1909/2311
f 2130/1911/2313 2138/1918/2320 2531/1923/2323
f 2536/1915/2317 2133/1914/2316 2141/1924/2324
f 2255/1754/2163 2209/1928/2327 2208/1926/2326
f 2442/1842/2247 2210/1931/2330 2211/1837/2242
f 2537/1925/2325 2140/1929/2328 2132/1932/2331
f 2141/1924/2324 2133/1914/2316 2538/1916/2318
f 2126/1900/2302 2134/1838/2243 2539/1930/2329
f 2542/1621/2034 2152/1628/2040 2153/1933/2332
f 2543/1913/2315 2153/1933/2332 2154/1934/2333
f 2160/1639/2047 2161/1937/2335 2153/1933/2332
f 2153/1933/2332 2161/1937/2335 2162/1936/1905
f 2130/1911/2313 2146/1910/2312 2544/1935/2334
f 2138/1918/2320 2130/1911/2313 2532/1938/2336
f 2546/1629/2041 2148/1945/2343 2156/1939/2337
f 2163/1940/2338 2164/1942/2340 2156/1939/2337
f 2164/1942/2340 2165/1640/2048 2157/1630/2042
f 2534/1943/2341 2132/1932/2331 2140/1929/2328
f 2545/1944/2342 2148/1945/2343 2132/1932/2331
f 2536/1915/2317 2132/1932/2331 2148/1945/2343
f 2154/1934/2333 2162/1936/1905 2163/1946/2338
f 2535/1753/2162 2139/1752/2161 2131/1948/2344
f 2147/1949/2345 2131/1951/2344 2532/1938/2336
f 2534/1943/2341 2131/1948/2344 2147/1950/2345
f 2131/1951/2344 2139/1921/2161 2533/1919/2321
f 2544/1935/2334 2154/1934/2333 2155/1947/2339
f 2545/1944/2342 2147/1950/2345 2155/1941/2339
f 2183/1952/2346 2171/1960/2354 2178/1953/2347
f 2388/1955/2349 2221/1958/2352 2184/1954/2348
f 2549/1956/2350 2183/1952/2346 2184/1954/2348
f 2548/1957/2351 2184/1954/2348 2221/1958/2352
f 2171/1960/2354 2183/1952/2346 2182/1961/2355
f 2551/1962/2356 2182/1961/2355 2183/1952/2346
f 2550/1959/2353 2221/1958/2352 2336/1963/2357
f 2216/1965/2359 2334/1658/2068 2342/1966/2360
f 2334/1658/2068 2216/1965/2359 2336/1963/2357
f 2221/1958/2352 2388/1955/2349 2443/1887/2289
f 1640/1508/1926 1641/1420/1844 2187/1885/2287
f 1669/1509/1927 1640/1508/1926 2182/1961/2355
f 2341/1967/2361 2335/1968/2362 2216/1965/2359
f 2552/1964/2358 2336/1963/2357 2216/1965/2359
f 2188/1655/2063 2332/1654/2062 2341/1967/2361
f 2215/1969/2363 2463/1976/2370 2434/1970/2364
f 2556/1972/2366 2554/2059/2449 2462/1971/2365
f 2515/1973/2367 2483/1977/2371 2481/1974/2368
f 2463/1976/2370 2481/1974/2368 2483/1977/2371
f 1667/1521/1939 2515/1973/2367 2516/1975/2369
f 2434/1970/2364 2483/1977/2371 2484/1978/2372
f 2515/1973/2367 1667/1521/1939 1668/1523/1941
f 2483/1977/2371 2515/1973/2367 2561/1979/2373
f 2519/1981/2375 1655/1433/1857 1670/1432/1856
f 2430/1982/2376 2426/1818/2223 2246/1830/2235
f 2427/1820/2225 2429/1983/2377 2215/1969/2363
f 2429/1983/2377 2433/1984/2378 2463/1976/2370
f 2481/1974/2368 2463/1976/2370 2433/1984/2378
f 2517/1891/2293 2480/1985/2379 2482/1988/2382
f 2516/1975/2369 2481/1974/2368 2480/1985/2379
f 2466/1849/2254 2220/1989/2383 2219/1917/2319
f 2214/1990/2384 2247/1816/2221 2426/1818/2223
f 2247/1816/2221 2214/1990/2384 2429/1983/2377
f 2433/1984/2378 2429/1983/2377 2214/1990/2384
f 2565/1987/2381 2482/1988/2382 2480/1985/2379
f 2521/1896/2298 2520/1894/2296 2431/1991/2385
f 2459/1992/2386 2431/1991/2385 2520/1894/2296
f 2464/1851/2256 2431/1991/2385 2220/1989/2383
f 2564/1993/2387 2563/1893/2295 2518/1892/2294
f 2563/1893/2295 2564/1993/2387 2459/1992/2386
f 2432/1994/2388 2430/1982/2376 2213/1980/2374
f 2222/1986/2380 2214/1990/2384 2430/1982/2376
f 2565/1987/2381 2222/1986/2380 2562/1995/2389
f 2566/1996/2390 2564/1993/2387 2482/1988/2382
f 2566/1996/2390 2562/1995/2389 2432/1994/2388
f 2220/1989/2383 2431/1991/2385 2567/1997/2391
f 2567/1997/2391 2459/1992/2386 2564/1993/2387
f 2408/1728/2138 2212/1661/2071 2245/1998/2392
f 2366/1834/2239 2365/1833/2238 2344/1999/2393
f 2245/1998/2392 2212/1661/2071 2343/1660/2070
f 2409/2000/2136 2245/4162/2392 2207/2001/2394
f 2365/2002/2238 2364/2007/2397 2325/2003/2395
f 2207/2001/2394 2245/4162/2392 2344/2005/2393
f 2439/2006/2396 2457/1693/2103 2410/1730/2140
f 2364/2007/2397 2440/2014/2404 2439/2006/2396
f 2364/2007/2397 2365/2002/2238 2254/1927/2322
f 2363/1857/2262 2326/1694/2104 2457/1693/2103
f 2363/1857/2262 2456/2008/2398 2411/2009/2399
f 2411/2009/2399 2455/1859/2264 2327/1856/2261
f 2194/2012/2402 2485/2011/2401 2455/1859/2264
f 2456/2008/2398 2440/2014/2404 2350/2013/2403
f 2442/1842/2247 2200/1839/2244 2206/1860/2265
f 2485/2011/2401 2206/1860/2265 2425/1858/2263
f 2485/2011/2401 2194/2012/2402 2350/2013/2403
f 2374/2010/2400 2209/1928/2327 2210/1931/2330
f 2209/1928/2327 2374/2010/2400 2350/2013/2403
f 2456/2008/2398 2457/1693/2103 2439/2006/2396
f 2208/1926/2326 2350/2013/2403 2440/2014/2404
f 2172/1643/2051 2168/2016/2406 2170/1889/2291
f 2171/1960/2354 2167/2020/2410 2177/2015/2405
f 2168/2016/2406 2176/2019/2409 2512/2017/2407
f 2176/2019/2409 2168/2016/2406 2172/1643/2051
f 2435/1646/2054 2501/2985/3406 2176/2019/2409
f 2170/1889/2291 2168/2016/2406 2511/2018/2408
f 2167/2020/2410 2171/1960/2354 2173/1884/2286
f 2167/2020/2410 2169/1882/2284 2514/1890/2292
f 2568/2021/2411 2177/2015/2405 2167/2020/2410
f 2478/2022/2412 2477/2030/2420 2349/2023/2413
f 2370/2025/2415 2193/1737/2146 2276/1740/2149
f 2475/2026/2416 2262/1724/2134 2382/1717/2127
f 2451/2024/2414 2382/1717/2127 2223/1715/2125
f 2370/2025/2415 2451/2024/2414 2422/1711/2121
f 2277/1721/2131 2262/1724/2134 2475/2026/2416
f 2571/2028/2418 2570/2029/2419 2489/1863/2268
f 2570/2029/2419 2572/2027/2417 2276/1740/2149
f 2572/2027/2417 2478/2022/2412 2475/2026/2416
f 2477/2030/2420 2478/2022/2412 2572/2027/2417
f 2359/1722/2132 2349/2023/2413 2492/2031/2421
f 2421/1679/2089 2479/2035/2425 2272/2033/2423
f 2264/1720/2130 2381/2036/2426 2380/2034/2424
f 2229/1681/2091 2263/1719/2129 2479/2035/2425
f 2491/2032/2422 2492/2031/2421 2380/2034/2424
f 2349/2023/2413 2477/2030/2420 2493/2037/2427
f 2493/2037/2427 2571/2028/2418 2272/2033/2423
f 2476/2038/2428 2479/2035/2425 2263/1719/2129
f 2476/2038/2428 2380/2034/2424 2492/2031/2421
f 2272/2033/2423 2571/2028/2418 2494/1864/2269
f 2571/2028/2418 2493/2037/2427 2477/2030/2420
f 2324/2039/2429 2199/1689/2099 2190/1823/2228
f 2371/2040/2430 2190/1823/2228 2248/1822/2227
f 2248/1822/2227 2215/1969/2363 2462/1971/2365
f 2333/2042/2432 2196/2044/2434 2191/2043/2433
f 2333/2042/2432 2395/1741/2150 2202/1785/2191
f 2341/1967/2361 2332/1654/2062 2191/2043/2433
f 2341/1967/2361 2250/2045/2435 2560/2046/2436
f 2497/2047/2437 2496/1751/2160 2488/1861/2266
f 2496/1751/2160 2497/2047/2437 2197/2049/2439
f 2196/2044/2434 2202/1785/2191 2397/1784/2190
f 2197/2049/2439 2323/2050/2440 2397/1784/2190
f 2576/2051/2441 2497/2047/2437 2487/2048/2438
f 2498/2053/2443 2486/2073/2463 2557/2054/2444
f 2557/2054/2444 2486/2073/2463 2273/2056/2446
f 2462/1971/2365 2554/2059/2449 2461/2058/2448
f 2555/2057/2447 2273/2056/2446 2461/2058/2448
f 2351/1690/2100 2324/2039/2429 2198/2060/2450
f 2198/2060/2450 2274/2061/2451 2275/1746/2155
f 2487/2048/2438 2488/1861/2266 2275/1746/2155
f 2249/2062/2452 2498/2053/2443 2558/2055/2445
f 2340/2064/2454 2249/2062/2452 2553/2063/2453
f 2250/2045/2435 2340/2064/2454 2559/2065/2455
f 2577/2066/2456 2249/2062/2452 2340/2064/2454
f 2578/2068/2458 2498/2053/2443 2249/2062/2452
f 2191/2043/2433 2196/2044/2434 2323/2050/2440
f 2322/2067/2457 2340/2064/2454 2250/2045/2435
f 2371/2040/2430 2460/2070/2460 2198/2060/2450
f 2579/2069/2459 2460/2070/2460 2461/2058/2448
f 2460/2070/2460 2371/2040/2430 2428/2041/2431
f 2198/2060/2450 2460/2070/2460 2574/2071/2461
f 2580/2072/2462 2486/2073/2463 2498/2053/2443
f 2580/2072/2462 2579/2069/2459 2273/2056/2446
f 2577/2066/2456 2573/2074/2464 2576/2051/2441
f 2197/2049/2439 2573/2074/2464 2322/2067/2457
f 2497/2047/2437 2576/2051/2441 2573/2074/2464
f 2574/2071/2461 2575/2052/2442 2487/2048/2438
f 2578/2068/2458 2576/2051/2441 2575/2052/2442
f 2579/2069/2459 2580/2072/2462 2575/2052/2442
f 2612/2075/2465 2611/4163/4704 2625/2076/2466
f 2625/2076/2466 2611/4163/4704 2613/2078/2468
f 2626/2079/2469 2613/2078/2468 2617/2080/2470
f 2590/2082/2472 2591/2120/2506 2582/2083/2473
f 2590/2082/2472 2588/2084/2474 2581/2085/2475
f 2609/2087/2477 2624/2077/2467 2625/2076/2466
f 2614/2089/2479 2610/2088/2478 2625/2076/2466
f 2618/2090/2480 2614/2089/2479 2626/2079/2469
f 2592/2086/2476 2581/2085/2475 2597/2091/2481
f 2582/2083/2473 2595/2094/2484 2596/2093/2483
f 2581/2085/2475 2588/2084/2474 2596/2093/2483
f 2618/2090/2480 2598/2106/2482 2597/2091/2481
f 2610/2088/2478 2614/2089/2479 2597/2091/2481
f 2610/2088/2478 2596/2093/2483 2595/2094/2484
f 2590/2082/2472 2592/2086/2476 2585/2095/2485
f 2594/2097/2487 2589/2100/2490 2602/2098/2488
f 2619/2101/2491 2620/2112/2498 2599/2102/2492
f 2599/2102/2492 2585/2095/2485 2592/2086/2476
f 2600/2103/2493 2583/2109/2497 2585/2095/2485
f 2627/2081/2471 2617/2080/2470 2608/2104/2494
f 2618/2090/2480 2627/2081/2471 2619/2105/2491
f 2601/2108/2496 2593/2107/2495 2583/2109/2497
f 2602/2110/2488 2589/2100/2490 2593/2107/2495
f 2583/2109/2497 2593/2107/2495 2587/2096/2486
f 2615/2116/2502 2612/2075/2465 2624/2077/2467
f 2622/2115/2501 2606/2121/2507 2605/2118/2504
f 2624/2077/2467 2609/2087/2477 2616/2119/2505
f 2591/2120/2506 2586/2125/2508 2605/2118/2504
f 2591/2120/2506 2606/2121/2507 2595/2094/2484
f 2616/2119/2505 2609/2087/2477 2595/2094/2484
f 2616/2119/2505 2606/2122/2507 2622/2123/2501
f 2607/2124/2500 2615/2116/2502 2623/2117/2503
f 2586/2125/2508 2591/2120/2506 2590/2082/2472
f 2587/2096/2486 2594/2097/2487 2584/2126/2509
f 2584/2126/2509 2594/2097/2487 2603/2099/2489
f 2586/2125/2508 2584/2126/2509 2604/2127/2510
f 2655/2128/2511 2650/2131/2514 2629/2129/2512
f 2650/2131/2514 2655/2128/2511 2657/2132/2515
f 2656/2134/2517 2654/2153/2536 2652/2135/2518
f 2630/2137/2520 2637/2146/2529 2649/2138/2521
f 2631/2140/2523 2642/2157/4705 2647/2141/2524
f 2643/2133/2516 2657/2132/2515 2644/2143/2526
f 2644/2143/2526 2642/2157/4705 2631/2140/2523
f 2632/2144/2527 2631/2140/2523 2635/2142/2525
f 2637/2146/2529 2630/2137/2520 2633/2147/2530
f 2630/2137/2520 2640/2139/2522 2645/2149/2532
f 2633/2147/2530 2641/2136/2519 2648/2150/2533
f 2641/2136/2519 2633/2147/2530 2645/2149/2532
f 2646/2151/2534 2643/2133/2516 2632/2144/2527
f 2634/2145/2528 2636/2148/2531 2648/2150/2533
f 2636/2148/2531 2634/2145/2528 2635/2142/2525
f 2635/2142/2525 2647/2141/2524 2649/2138/2521
f 2628/2152/2535 2652/2135/2518 2654/2153/2536
f 2638/2154/2537 2639/2130/2513 2629/2129/2512
f 2641/2136/2519 2652/2135/2518 2651/2155/2538
f 2628/2152/2535 2629/2129/2512 2653/2156/2539
f 2646/2151/2534 2648/2150/2533 2651/2155/2538
f 2653/2156/2539 2650/2131/2514 2643/2133/2516
f 2659/2129/2540 2680/2131/2544 2685/2128/2541
f 2687/2132/2543 2685/2128/2541 2680/2131/2544
f 2686/2134/2546 2671/2136/2563 2682/2135/2547
f 2660/2137/2549 2670/2139/4706 2679/2138/2550
f 2661/2140/2552 2665/2142/2557 2677/2141/2553
f 2673/2133/2545 2662/2144/2556 2674/2143/2555
f 2661/2140/2552 2672/2157/2554 2674/2143/2555
f 2665/2142/2557 2661/2140/2552 2662/2144/2556
f 2667/2146/2551 2666/2148/2562 2663/2147/2559
f 2675/2149/2560 2670/2139/4706 2660/2137/2549
f 2678/2150/2561 2671/2136/2563 2663/2147/2559
f 2671/2136/2563 2686/2134/2546 2675/2149/2560
f 2676/2151/2564 2664/2145/2558 2662/2144/2556
f 2678/2150/2561 2666/2148/2562 2664/2145/2558
f 2666/2148/2562 2667/2146/2551 2665/2142/2557
f 2679/2138/2550 2677/2141/2553 2665/2142/2557
f 2658/2152/2565 2668/2154/2566 2684/2153/2548
f 2659/2129/2540 2669/2130/2542 2668/2154/2566
f 2671/2136/2563 2678/2150/2561 2681/2155/2567
f 2683/2156/2568 2659/2129/2540 2658/2152/2565
f 2676/2151/2564 2683/2156/2568 2681/2155/2567
f 2673/2133/2545 2680/2131/2544 2683/2156/2568
f 2698/2158/2569 2707/4164/2588 2706/2159/2570
f 2700/2161/2572 2701/2166/2577 2705/2162/2573
f 2702/2164/2575 2698/2158/2569 2699/2160/2571
f 2702/2164/2575 2703/2165/2576 2701/2166/2577
f 2692/2167/2578 2696/2175/2586 2697/2168/2579
f 2689/2170/2581 2695/2174/2585 2694/2171/2582
f 2688/2169/2580 2690/2176/2587 2693/2173/2584
f 2695/2174/2585 2689/2170/2581 2697/2168/2579
f 2688/2169/2580 2699/2160/2571 2706/2159/2570
f 2697/2168/2579 2703/2165/2576 2699/2160/2571
f 2704/2177/2574 2705/2162/2573 2691/2172/2583
f 2689/2170/2581 2691/2172/2583 2705/2162/2573
f 2707/2178/2588 2693/2173/2584 2690/2176/2587
f 2701/2166/2577 2703/2165/2576 2697/2168/2579
f 2718/2179/2589 2708/4165/4707 2728/2180/2590
f 2730/2182/2592 2726/4166/4708 2718/2179/2589
f 2716/2183/2593 2726/4166/4708 2730/2182/2592
f 2724/2185/2595 2716/2183/2593 2731/2184/2594
f 2722/2187/2597 2724/2185/2595 2732/2186/2596
f 2714/2189/2599 2722/2187/2597 2733/2188/2598
f 2809/2191/2601 2714/2189/2599 2734/2190/2600
f 2736/2193/2603 2720/2197/2607 2710/2194/2604
f 2737/2196/2606 2713/4167/2629 2720/2197/2607
f 2721/2198/2608 2712/4168/2640 2738/2199/2609
f 2711/2201/2611 2721/2198/2608 2739/2200/2610
f 2741/2203/2613 2715/4169/2617 2805/2204/2614
f 2742/2206/2616 2723/2210/2619 2715/2207/2617
f 2743/2209/2618 2725/2212/2621 2723/2210/2619
f 2744/2211/2620 2717/2214/2623 2725/2212/2621
f 2745/2213/2622 2727/4170/4709 2717/2214/2623
f 2719/2215/2624 2727/4170/4709 2745/2213/2622
f 2719/2215/2624 2746/2216/2625 2747/2217/2626
f 2757/2219/2628 2758/4171/4710 2713/2220/2629
f 2756/2221/2630 2757/2219/2628 2737/2196/2606
f 2756/2221/2630 2736/2193/2603 2735/2195/2605
f 2807/2223/2632 2808/2192/2602 2734/2190/2600
f 2753/2225/2634 2754/2224/2633 2734/2190/2600
f 2752/2226/2635 2753/2225/2634 2733/2188/2598
f 2751/2227/2636 2752/2226/2635 2732/2186/2596
f 2751/2227/2636 2731/2184/2594 2730/2182/2592
f 2750/2228/2637 2730/2182/2592 2729/2181/2591
f 2749/2229/2638 2729/2181/2591 2728/2180/2590
f 2712/2231/2640 2758/4171/4710 2757/2219/2628
f 2738/2199/2609 2757/2219/2628 2756/2221/2630
f 2740/2202/2612 2739/2200/2610 2756/2221/2630
f 2741/2203/2613 2806/2205/2615 2807/2223/2632
f 2741/2208/2613 2754/2224/2633 2753/2225/2634
f 2742/2206/2616 2753/2225/2634 2752/2226/2635
f 2743/2209/2618 2752/2226/2635 2751/2227/2636
f 2745/2213/2622 2744/2211/2620 2751/2227/2636
f 2746/2216/2625 2745/2213/2622 2750/2228/2637
f 2747/2217/2626 2746/2216/2625 2749/2229/2638
f 2747/2232/2626 2748/2230/2639 2795/2233/2641
f 2802/2235/2643 2787/2245/2653 2788/2236/2644
f 2801/2237/2645 2788/2236/2644 2811/2238/2646
f 2796/2240/2648 2793/2250/2658 2794/2234/2642
f 2797/2241/2649 2798/2249/2657 2791/2242/2650
f 2802/2235/2643 2803/2270/2678 2786/2244/2652
f 2799/2246/2654 2800/2285/2689 2789/2247/2655
f 2798/2249/2657 2799/2246/2654 2790/2248/2656
f 2797/2241/2649 2792/2243/2651 2793/2250/2658
f 2728/2180/2590 2708/4165/4707 2767/2251/2659
f 2778/2253/2661 2777/2252/2660 2767/2251/2659
f 2778/2253/2661 2775/2254/2662 2765/2255/2663
f 2779/2256/2664 2765/2255/2663 2773/2257/2665
f 2780/2258/2666 2773/2257/2665 2771/2259/2667
f 2781/2260/2668 2771/2259/2667 2763/2261/2669
f 2813/2263/2671 2814/2286/2690 2759/2264/2672
f 2784/2266/2674 2783/2265/2673 2759/2264/2672
f 2785/2268/2676 2784/2266/2674 2769/2267/2675
f 2803/2270/2678 2804/4172/4711 2761/2271/2679
f 2786/2244/2652 2761/4173/2679 2770/2272/2680
f 2787/2245/2653 2770/2272/2680 2760/2273/2681
f 2811/2238/2646 2788/2236/2644 2760/2273/2681
f 2790/2248/2656 2789/2247/2655 2764/2275/2683
f 2791/2242/2650 2790/2248/2656 2772/2276/2684
f 2792/2243/2651 2791/2242/2650 2774/2277/2685
f 2793/2250/2658 2792/2243/2651 2766/2278/2686
f 2793/2250/2658 2776/2279/2687 2768/2280/2688
f 2747/2232/2626 2794/2234/2642 2768/2280/2688
f 2728/2180/2590 2777/2252/2660 2795/2233/2641
f 2777/2252/2660 2778/2253/2661 2796/2240/2648
f 2778/2253/2661 2779/2256/2664 2797/2241/2649
f 2780/2258/2666 2798/2249/2657 2797/2241/2649
f 2781/2260/2668 2799/2246/2654 2798/2249/2657
f 2782/2262/2670 2800/2285/2689 2799/2246/2654
f 2813/2263/2671 2783/2265/2673 2801/2237/2645
f 2783/2265/2673 2784/2266/2674 2802/2235/2643
f 2785/2268/2676 2803/2270/2678 2802/2235/2643
f 2762/2282/2677 2804/4172/4711 2803/2270/2678
f 2806/2205/2615 2805/2204/2614 2711/2201/2611
f 2806/2205/2615 2740/2202/2612 2755/2222/2631
f 2808/2192/2602 2807/2223/2632 2755/2222/2631
f 2710/2194/2604 2809/2191/2601 2808/2192/2602
f 2789/2283/2655 2811/2238/2646 2810/2274/2682
f 2812/2239/2647 2811/2238/2646 2789/2283/2655
f 2782/2262/2670 2813/2263/2671 2812/2239/2647
f 2814/2286/2690 2813/2263/2671 2782/2262/2670
f 2829/2287/2691 2828/2297/2700 2834/2288/2692
f 2833/2290/2694 2826/2300/2698 2830/2291/2695
f 2827/2293/2697 2831/2296/2699 2830/2294/2695
f 2831/2296/2699 2827/2293/2697 2828/2297/2700
f 2826/2295/2698 2854/2321/2702 2855/2298/2701
f 2833/2290/2694 2853/2304/2706 2854/2299/2702
f 2828/2297/2700 2827/2293/2697 2855/2298/2701
f 2834/2288/2692 2828/2297/2700 2856/2301/2703
f 2847/2303/2705 2848/2311/2713 2854/2299/2702
f 2845/2305/2707 2844/2320/2721 2843/2306/2708
f 2846/2308/2710 2845/2305/2707 2842/2307/2709
f 2847/2303/2705 2846/2308/2710 2841/2309/2711
f 2848/2311/2713 2847/2303/2705 2838/2310/2712
f 2848/2313/2713 2836/4174/2714 2837/2314/2715
f 2849/2315/2716 2837/2314/2715 2839/2316/2717
f 2850/2317/2718 2839/2316/2717 2840/2318/2719
f 2851/2319/2720 2840/2318/2719 2843/2306/2708
f 2849/2315/2716 2855/2298/2701 2854/2321/2702
f 2850/2317/2718 2856/2301/2703 2855/2298/2701
f 2851/2319/2720 2857/2302/2704 2856/2301/2703
f 2824/2322/2722 2823/2327/2727 2819/2323/2723
f 2834/2288/2692 2823/2327/2727 2824/2322/2722
f 2858/2325/2725 2823/2327/2727 2834/2288/2692
f 2857/2302/2704 2851/2319/2720 2844/2320/2721
f 2860/2326/2726 2819/2323/2723 2823/2327/2727
f 2815/2328/2728 2821/2336/2736 2825/2329/2729
f 2825/2329/2729 2821/2336/2736 2833/2290/2694
f 2833/2290/2694 2821/2336/2736 2852/2331/2731
f 2846/2308/2710 2847/2303/2705 2853/2304/2706
f 2845/2305/2707 2846/2308/2710 2852/2331/2731
f 2844/2320/2721 2845/2305/2707 2822/2332/2732
f 2816/2333/2733 2815/2328/2728 2817/2330/2730
f 2819/2323/2723 2816/2333/2733 2818/2334/2734
f 2861/2335/2735 2852/2331/2731 2821/2336/2736
f 2860/2326/2726 2858/2325/2725 2822/2332/2732
f 2816/2333/2733 2819/2323/2723 2860/2326/2726
f 2861/2335/2735 2815/2328/2728 2816/2333/2733
f 2861/2335/2735 2859/2337/2737 2822/2332/2732
f 2909/2347/2745 2876/2390/2779 2886/2348/2746
f 2908/2350/2748 2909/2394/2745 2877/2351/2747
f 2911/2354/2751 2910/2357/2754 2885/2352/2749
f 2878/2358/2755 2910/2357/2754 2911/2354/2751
f 2897/2360/2757 2896/2366/2762 2878/2358/2755
f 2886/2348/2746 2870/2359/2756 2911/2361/2751
f 2869/2355/2752 2862/2356/2753 2887/2345/2743
f 2869/2355/2752 2885/2352/2749 2910/2357/2754
f 2879/2362/2758 2896/2366/2762 2897/2360/2757
f 2899/2364/2760 2898/2373/2767 2879/2362/2758
f 2886/2348/2746 2871/2363/2759 2897/2360/2757
f 2862/2356/2753 2863/2365/2761 2888/2338/2738
f 2862/2356/2753 2878/2358/2755 2896/2366/2762
f 2899/2367/2760 2871/2363/2759 2886/2348/2746
f 2880/2369/2764 2898/2373/2767 2899/2364/2760
f 2901/2371/2765 2900/2380/2772 2880/2369/2764
f 2888/2338/2738 2863/2365/2761 2864/2372/2766
f 2863/2365/2761 2879/2362/2758 2898/2373/2767
f 2901/2374/2765 2872/2368/2763 2886/2348/2746
f 2881/2376/2769 2900/2380/2772 2901/2371/2765
f 2903/2378/2770 2902/2388/2777 2881/2376/2769
f 2890/2339/2739 2864/2372/2766 2865/2379/2771
f 2864/2372/2766 2880/2369/2764 2900/2380/2772
f 2886/2348/2746 2874/2397/2774 2903/2381/2770
f 2882/2382/2773 2902/2388/2777 2903/2378/2770
f 2905/2384/2775 2904/2403/2786 2882/2385/2773
f 2865/2379/2771 2866/2387/2776 2892/2342/2741
f 2865/2379/2771 2881/2376/2769 2902/2388/2777
f 2907/2389/2778 2875/4175/2784 2886/2348/2746
f 2906/2391/2780 2907/2400/2778 2876/2392/2779
f 2909/2394/2745 2908/2350/2748 2884/2393/2781
f 2894/2346/2744 2868/2395/2782 2869/2355/2752
f 2868/2395/2782 2884/2393/2781 2908/2350/2748
f 2886/2348/2746 2875/4175/2784 2905/2396/2775
f 2883/2398/2783 2904/2403/2786 2905/2384/2775
f 2907/2400/2778 2906/2391/2780 2883/2398/2783
f 2893/2344/2742 2867/2402/2785 2868/2395/2782
f 2866/2401/2776 2867/2402/2785 2893/2344/2742
f 2866/2401/2776 2882/2385/2773 2904/2403/2786
f 2867/2402/2785 2883/2398/2783 2906/2391/2780
f 2912/2404/2787 2932/2460/2842 3503/2405/2788
f 2933/2407/2790 2934/2410/2793 2930/2408/2791
f 2934/2410/2793 2935/2412/2795 2920/2411/2794
f 2935/2412/2795 2936/2414/2797 2928/2413/2796
f 2936/2414/2797 2937/2417/2800 2926/2415/2798
f 2918/2416/2799 2926/2415/2798 2937/2417/2800
f 3018/2419/2802 2918/2416/2799 2938/2418/2801
f 2939/2421/2804 2940/2424/2807 2924/2422/2805
f 2940/2424/2807 2941/2449/2831 2917/2425/2808
f 2916/2426/2809 2942/2463/2844 2943/2427/2810
f 2925/2428/2811 2943/2427/2810 2944/2429/2812
f 2945/2431/2814 2919/4176/2817 3014/2432/2815
f 2919/2434/2817 2945/4177/2814 2946/2435/2818
f 2927/2436/2819 2946/2435/2818 2947/2437/2820
f 2948/2439/2822 2921/2441/2824 2929/2438/2821
f 2949/2440/2823 2931/2443/2826 2921/2441/2824
f 2950/2442/2825 2923/2939/3361 2931/2443/2826
f 2913/2444/2827 3500/4178/4712 3501/2445/2828
f 2961/2447/2830 2962/4179/4713 2917/2448/2808
f 2960/2450/2832 2961/2447/2830 2941/2449/2831
f 2960/2450/2832 2940/2424/2807 2939/2421/2804
f 3016/2452/2834 3017/2420/2803 2938/2418/2801
f 2958/2453/2835 2938/2418/2801 2937/2417/2800
f 2956/2455/2837 2957/2454/2836 2937/2417/2800
f 2956/2455/2837 2936/2414/2797 2935/2412/2795
f 2955/2456/2838 2935/2412/2795 2934/2410/2793
f 2954/2457/2839 2934/2410/2793 2933/2407/2790
f 3502/2459/2841 3503/2405/2788 2932/2460/2842
f 2916/2462/2809 2962/4179/4713 2961/2447/2830
f 2942/2463/2844 2961/2447/2830 2960/2450/2832
f 2944/2429/2812 2943/2427/2810 2960/2450/2832
f 2945/2431/2814 3015/2433/2816 3016/2452/2834
f 2946/2435/2818 2945/4177/2814 2958/2453/2835
f 2946/2435/2818 2957/2454/2836 2956/2455/2837
f 2948/2439/2822 2947/2437/2820 2956/2455/2837
f 2949/2440/2823 2948/2439/2822 2955/2456/2838
f 2950/2442/2825 2949/2440/2823 2954/2457/2839
f 2951/2446/2829 3501/2445/2828 3502/2459/2841
f 3496/2464/2845 3497/2516/2896 2999/2465/2846
f 3006/2467/2848 2991/2477/2858 2992/2468/2849
f 3005/2469/2850 2992/2468/2849 3010/2470/2851
f 3000/2472/2853 2997/2482/2863 2998/2466/2847
f 3002/2473/2854 2995/2481/2862 2996/2474/2855
f 3006/2467/2848 3007/2503/2884 2990/2476/2857
f 3004/2478/2859 2993/4180/2898 2994/2479/2860
f 3002/2473/2854 3003/2480/2861 2994/2479/2860
f 3001/2475/2856 2996/2474/2855 2997/2482/2863
f 2971/2483/2864 2981/2487/2868 3498/2484/2865
f 2979/2486/2867 2982/2489/2870 2981/2487/2868
f 2969/2488/2869 2983/2491/2872 2982/2489/2870
f 2977/2490/2871 2984/2493/2874 2983/2491/2872
f 2975/2492/2873 2985/2495/2876 2984/2493/2874
f 2967/2494/2875 2986/2521/2899 2985/2495/2876
f 2963/2496/2877 2987/2500/2881 3012/2497/2878
f 2973/2499/2880 2988/2502/2883 2987/2500/2881
f 2966/2501/2882 2989/2517/2897 2988/2502/2883
f 3007/2503/2884 3008/4181/4714 2965/2504/2885
f 2991/2477/2858 2990/2476/2857 2965/2505/2885
f 2992/2468/2849 2991/2477/2858 2974/2506/2886
f 3010/2470/2851 2992/2468/2849 2964/2507/2887
f 2994/2479/2860 2993/4180/2898 2968/2509/2889
f 2995/2481/2862 2994/2479/2860 2976/2510/2890
f 2996/2474/2855 2995/2481/2862 2978/2511/2891
f 2997/2482/2863 2996/2474/2855 2970/2512/2892
f 2998/2466/2847 2997/2482/2863 2980/2513/2893
f 3496/2464/2845 2998/2466/2847 2972/2514/2894
f 3498/2484/2865 2981/2487/2868 2999/2465/2846
f 2981/2487/2868 2982/2489/2870 3000/2472/2853
f 2982/2489/2870 2983/2491/2872 3001/2475/2856
f 2983/2491/2872 2984/2493/2874 3002/2473/2854
f 2985/2495/2876 3003/2480/2861 3002/2473/2854
f 2985/2495/2876 2986/2521/2899 3004/2478/2859
f 3012/2497/2878 2987/2500/2881 3005/2469/2850
f 2987/2500/2881 2988/2502/2883 3006/2467/2848
f 2989/2517/2897 3007/2503/2884 3006/2467/2848
f 2966/2518/2882 3008/4181/4714 3007/2503/2884
f 2993/2519/2898 3010/2470/2851 3009/2508/2888
f 3011/2471/2852 3010/2470/2851 2993/2519/2898
f 2986/2521/2899 3012/2497/2878 3011/2471/2852
f 3013/2498/2879 3012/2497/2878 2986/2521/2899
f 3015/2433/2816 3014/2432/2815 2915/2430/2813
f 3015/2433/2816 2944/2429/2812 2959/2451/2833
f 3017/2420/2803 3016/2452/2834 2959/2451/2833
f 2914/2423/2806 3018/2419/2802 3017/2420/2803
f 3019/2522/2900 3025/2532/2910 3029/2523/2901
f 3022/2525/2903 3020/2537/2915 3024/2526/2904
f 3026/2528/2906 3025/2532/2910 3019/2522/2900
f 3028/2530/2908 3026/2528/2906 3021/2529/2907
f 3026/2528/2906 3028/2530/2908 3029/2523/2901
f 3032/2533/2911 3028/2530/2908 3027/2531/2909
f 3028/2530/2908 3032/2533/2911 3033/2535/2913
f 3030/2524/2902 3029/2523/2901 3033/2535/2913
f 3023/2527/2905 3032/2533/2911 3031/2534/2912
f 3032/2533/2911 3023/2527/2905 3024/2526/2904
f 3034/2536/2914 3033/2535/2913 3024/2526/2904
f 3036/2538/2916 3041/2552/2930 3035/2539/2917
f 3035/2539/2917 3041/2552/2930 3039/2543/2921
f 3038/2544/2922 3037/2540/2918 3035/2539/2917
f 3042/2546/2924 3043/2545/2923 3035/2539/2917
f 3043/2545/2923 3048/2551/2929 3047/2548/2926
f 3039/2543/2921 3041/2552/2930 3049/2549/2927
f 3042/2546/2924 3051/2558/2935 3048/2551/2929
f 3041/2552/2930 3036/2538/2916 3046/2553/2931
f 3039/2543/2921 3050/2550/2928 3052/2554/2932
f 3044/2541/2919 3052/2554/2932 3053/2555/2933
f 3045/2547/2925 3040/2542/2920 3053/2556/2933
f 3042/2546/2924 3045/2547/2925 3054/2557/2934
f 3062/2559/2936 3083/2586/2963 3082/2560/2937
f 3082/2560/2937 3081/2567/2944 3064/2562/2939
f 3079/2563/2940 3080/2568/2945 3086/2564/2941
f 3067/2566/2943 3064/2562/2939 3081/2567/2944
f 3068/2569/2946 3067/2566/2943 3080/2568/2945
f 3079/2563/2940 3092/2575/2952 3093/2570/2947
f 3057/2571/2948 3092/2575/2952 3091/2572/2949
f 3055/2574/2951 3093/2570/2947 3092/2575/2952
f 3059/2576/2953 3069/2581/2958 3070/2577/2954
f 3071/2579/2956 3066/2580/2957 3065/2578/2955
f 3046/2553/2931 3036/2538/2916 3066/2580/2957
f 3069/2581/2958 3059/2576/2953 3061/2582/2959
f 3061/2582/2959 3060/2599/2975 3073/2584/2961
f 3062/2559/2936 3074/2587/2964 3084/2585/2962
f 3074/2587/2964 3062/2559/2936 3063/2561/2938
f 3063/2561/2938 3064/2562/2939 3076/2589/2966
f 3077/2590/2967 3076/4182/2966 3064/2562/2939
f 3067/2566/2943 3068/2569/2946 3078/2591/2968
f 3093/2570/2947 3055/2574/2951 3056/2592/2969
f 3085/2565/2942 3091/2572/2949 3092/2575/2952
f 3087/2594/2971 3086/2564/2941 3080/2568/2945
f 3081/2567/2944 3082/2560/2937 3088/2595/2972
f 3088/2595/2972 3082/2560/2937 3083/2586/2963
f 3090/2597/2974 3089/2596/2973 3083/2586/2963
f 3058/2573/2950 3091/2572/2949 3036/2538/2916
f 3091/2572/2949 3085/2565/2942 3066/2580/2957
f 3085/2565/2942 3086/2564/2941 3065/2578/2955
f 3059/2576/2953 3065/2578/2955 3086/2564/2941
f 3059/2576/2953 3087/2594/2971 3088/2595/2972
f 3088/2595/2972 3089/2596/2973 3060/2599/2975
f 3073/2584/2961 3060/2599/2975 3089/2596/2973
f 3068/2569/2946 3093/2570/2947 3094/2593/2970
f 3098/2600/2976 3099/2604/2980 3118/2601/2977
f 3100/2603/2979 3117/2608/2984 3118/2601/2977
f 3122/2605/2981 3116/2610/2986 3115/2606/2982
f 3117/2608/2984 3100/2603/2979 3103/2609/2985
f 3116/2610/2986 3103/2609/2985 3104/2611/2987
f 3115/2606/2982 3104/2611/2987 3129/2612/2988
f 3057/2571/2948 3058/2573/2950 3127/2614/2990
f 3055/2574/2951 3057/2571/2948 3128/2613/2989
f 3095/2615/2991 3101/2619/2995 3106/2616/2992
f 3107/2618/2994 3106/2616/2992 3101/2619/2995
f 3047/2548/2926 3107/2618/2994 3102/2620/2996
f 3105/2617/2993 3108/2623/2999 3097/2621/2997
f 3109/2622/2998 3096/2635/3011 3097/2621/2997
f 3120/2624/3000 3110/2625/3001 3098/2600/2976
f 3110/2625/3001 3111/2627/3003 3099/2604/2980
f 3112/2626/3002 3100/2603/2979 3099/2604/2980
f 3100/2603/2979 3112/4183/3002 3113/2628/3004
f 3114/2629/3005 3104/2611/2987 3103/2609/2985
f 3056/2592/2969 3055/2574/2951 3129/2612/2988
f 3121/2607/2983 3115/2606/2982 3128/2613/2989
f 3123/2631/3007 3117/2608/2984 3116/2610/2986
f 3124/2632/3008 3118/2601/2977 3117/2608/2984
f 3124/2632/3008 3125/2634/3010 3119/2602/2978
f 3126/2633/3009 3120/4184/3000 3119/2602/2978
f 3037/2540/2918 3038/2544/2922 3127/2614/2990
f 3102/2620/2996 3121/2607/2983 3127/2614/2990
f 3101/2619/2995 3122/2605/2981 3121/2607/2983
f 3122/2605/2981 3101/2619/2995 3095/2615/2991
f 3095/2615/2991 3097/2621/2997 3124/2632/3008
f 3096/2635/3011 3125/2634/3010 3124/2632/3008
f 3109/2622/2998 3126/2633/3009 3125/2634/3010
f 3130/2630/3006 3129/2612/2988 3104/2611/2987
f 3136/2636/3012 3147/2654/3030 3148/2637/3013
f 3152/2639/3015 3151/2649/3025 3153/2640/3016
f 3149/2642/3018 3147/2654/3030 3136/2636/3012
f 3132/2644/3020 3136/2636/3012 3135/2638/3014
f 3143/2643/3019 3136/2636/3012 3132/2644/3020
f 3131/2646/3022 3133/4185/4715 3138/2647/3023
f 3131/2646/3022 3137/2648/3024 3143/2643/3019
f 3153/2640/3016 3133/4185/4715 3131/2646/3022
f 3151/2649/3025 3152/2639/3015 3132/2644/3020
f 3140/2653/3029 3139/4186/4716 3148/2637/3013
f 3142/2655/3031 3141/4187/4717 3144/2650/3026
f 3140/2653/3029 3147/2654/3030 3150/2656/3032
f 3137/2648/3024 3138/2647/3023 3145/2657/3033
f 3137/2648/3024 3146/2658/3034 3149/2642/3018
f 3145/2657/3033 3141/4188/4717 3142/2655/3031
f 3150/2656/3032 3146/2658/3034 3142/2655/3031
f 3150/2656/3032 3147/2654/3030 3149/2642/3018
f 3144/2650/3026 3139/4189/4716 3140/2653/3029
f 3180/2659/3035 3178/2669/3043 3177/2660/3036
f 3161/2662/3023 3162/2672/3045 3158/2663/3038
f 3158/2663/3038 3162/2672/3045 3169/2665/3040
f 3164/2666/3014 3159/2670/3044 3157/2667/3041
f 3169/2665/3040 3163/2668/3042 3157/2667/3041
f 3178/2669/3043 3160/2664/3039 3158/2663/3038
f 3180/2659/3035 3179/2661/3037 3157/2667/3041
f 3174/2671/3033 3173/2676/3049 3162/2672/3045
f 3170/2673/3046 3181/2680/3053 3166/2674/3047
f 3174/2671/3033 3165/4190/3048 3166/2674/3047
f 3170/2673/3046 3167/4191/3056 3168/2677/3050
f 3176/2679/3052 3173/2676/3049 3166/2674/3047
f 3171/2681/3013 3164/2666/3014 3163/2668/3042
f 3162/2672/3045 3173/2676/3049 3175/2683/3055
f 3175/2683/3055 3172/2682/3054 3163/2668/3042
f 3171/2681/3013 3172/2682/3054 3168/2677/3050
f 3168/2677/3050 3172/2682/3054 3176/2679/3052
f 3175/2683/3055 3173/2676/3049 3176/2679/3052
f 3201/2685/3057 3202/2691/3063 3184/2686/3058
f 3203/2688/3060 3185/4192/4718 3183/2689/3061
f 3201/2685/3057 3203/2688/3060 3204/2690/3062
f 3184/2686/3058 3188/2708/3080 3187/2692/3064
f 3195/2693/3065 3188/2708/3080 3184/2686/3058
f 3183/2689/3061 3185/4192/4718 3190/2694/3066
f 3183/2689/3061 3189/2695/3067 3195/2693/3065
f 3194/2696/3068 3199/2703/3075 3200/2697/3069
f 3192/2699/3071 3207/2709/3081 3196/2700/3072
f 3194/2696/3068 3193/4193/3070 3196/2700/3072
f 3189/2695/3067 3190/2694/3066 3200/2697/3069
f 3192/2699/3071 3191/4194/3073 3197/2706/3078
f 3188/2708/3080 3198/2707/3079 3197/2706/3078
f 3206/2705/3077 3198/2707/3079 3188/2708/3080
f 3189/2695/3067 3199/2703/3075 3206/2705/3077
f 3205/2704/3076 3199/2703/3075 3194/2696/3068
f 3192/2699/3071 3198/2707/3079 3205/2704/3076
f 3229/2710/3082 3230/2714/3086 3228/2711/3083
f 3228/2711/3083 3212/2718/3089 3210/2713/3085
f 3230/2714/3086 3229/2710/3082 3209/2715/3087
f 3213/2717/3066 3214/2733/3100 3210/2713/3085
f 3210/2713/3085 3214/2733/3100 3221/2719/3090
f 3216/2720/3064 3211/2716/3088 3209/2715/3087
f 3221/2719/3090 3215/2721/3091 3209/2715/3087
f 3232/2722/3092 3225/2724/3093 3215/2721/3091
f 3226/2723/3078 3216/2720/3064 3215/2721/3091
f 3222/2726/3095 3233/2735/3102 3218/2727/3096
f 3218/2727/3096 3224/2734/3101 3223/2729/3069
f 3222/2726/3095 3219/4195/4719 3220/2731/3098
f 3214/2733/3100 3213/2717/3066 3223/2729/3069
f 3220/2731/3098 3219/4196/4719 3226/2723/3078
f 3231/2725/3094 3224/2734/3101 3218/2727/3096
f 3220/2731/3098 3225/2724/3093 3231/2725/3094
f 3214/2733/3100 3224/2734/3101 3232/2722/3092
f 3236/2736/3103 3247/2748/3115 3248/2737/3104
f 3240/2739/3106 3239/2764/3119 3237/2740/3107
f 3252/2742/3109 3251/2759/3125 3253/2743/3110
f 3242/2745/3112 3236/2736/3103 3235/2738/3105
f 3236/2736/3103 3242/4197/3112 3250/2747/3114
f 3249/2749/3116 3241/2760/3113 3235/2738/3105
f 3244/2750/3117 3243/2757/3124 3238/2741/3108
f 3245/2751/3118 3244/2750/3117 3237/2740/3107
f 3255/2753/3120 3257/2763/3126 3258/2754/3121
f 3246/2756/3123 3240/2768/3106 3238/2741/3108
f 3247/2748/3115 3243/2757/3124 3244/2750/3117
f 3249/2749/3116 3248/2737/3104 3244/2750/3117
f 3255/2753/3120 3256/2755/3122 3254/2744/3111
f 3250/2747/3114 3246/2756/3123 3243/2757/3124
f 3241/2746/3113 3251/4198/3125 3252/2758/3109
f 3249/2749/3116 3253/2743/3110 3251/2759/3125
f 3250/2747/3114 3242/4197/3112 3252/2761/3109
f 3245/2751/3118 3239/2752/3119 3257/2763/3126
f 3239/2764/3119 3240/2739/3106 3258/2765/3121
f 3246/2756/3123 3256/2769/3122 3258/2767/3121
f 3246/2756/3123 3250/2747/3114 3254/2762/3111
f 3245/2751/3118 3255/2753/3120 3253/2743/3110
f 3260/2770/3127 3271/2781/3137 3279/2771/3128
f 3264/2773/3130 3285/2817/3162 3286/2774/3131
f 3282/2776/3133 3274/2780/3136 3266/2777/3134
f 3280/2772/3129 3281/2810/3135 3266/2779/3134
f 3260/2770/3127 3266/2777/3134 3274/2780/3136
f 3273/2782/3138 3265/4199/3165 3259/2783/3139
f 3296/2785/3141 3289/2794/3150 3290/2786/3142
f 3291/2788/3144 3292/2818/3166 3299/2789/3145
f 3293/2791/3147 3294/2819/3168 3297/2792/3148
f 3297/2792/3148 3294/2819/3168 3289/2794/3150
f 3271/2781/3137 3267/2800/3156 3288/2795/3151
f 3269/2796/3152 3273/4200/3138 3272/2784/3140
f 3274/2780/3136 3282/2776/3133 3283/2798/3154
f 3271/2781/3137 3274/2780/3136 3270/2799/3155
f 3287/2801/3157 3275/2809/3164 3262/2775/3132
f 3263/2802/3158 3277/4201/3167 3276/2803/3159
f 3264/2805/3130 3278/2808/3163 3284/2806/3161
f 3278/2808/3163 3264/2805/3130 3262/2775/3132
f 3268/2797/3153 3272/2784/3140 3279/2771/3128
f 3259/2783/3139 3280/2772/3129 3279/2771/3128
f 3259/2783/3139 3265/4199/3165 3281/2810/3135
f 3282/2776/3133 3281/2778/3135 3265/2811/3165
f 3273/2812/3138 3269/2820/3152 3283/2798/3154
f 3292/2813/3166 3293/2791/3147 3298/2793/3149
f 3263/2815/3158 3285/2807/3162 3284/2806/3161
f 3285/2817/3162 3263/4202/3158 3261/2804/3160
f 3287/2801/3157 3286/2774/3131 3261/2804/3160
f 3295/2787/3143 3290/2786/3142 3291/2788/3144
f 3287/2801/3157 3290/2786/3142 3289/2794/3150
f 3276/2803/3159 3291/2788/3144 3290/2786/3142
f 3276/2803/3159 3277/4201/3167 3292/2818/3166
f 3293/2791/3147 3292/2813/3166 3277/2816/3167
f 3294/2819/3168 3293/2791/3147 3284/2806/3161
f 3294/2819/3168 3278/2808/3163 3275/2809/3164
f 3267/2800/3156 3296/2785/3141 3295/2787/3143
f 3270/2799/3155 3297/2792/3148 3296/2785/3141
f 3298/2793/3149 3297/2792/3148 3270/2799/3155
f 3299/2814/3145 3298/2793/3149 3283/2798/3154
f 3269/2796/3152 3268/2797/3153 3300/2790/3146
f 3288/2795/3151 3295/2787/3143 3300/2790/3146
f 3371/2821/3169 3372/2932/3264 3337/2822/3170
f 3337/2822/3170 3372/2932/3264 3373/2824/3172
f 3336/2825/3173 3373/2824/3172 3374/2826/3174
f 3374/2826/3174 3375/2829/3177 3342/2828/3176
f 3375/2829/3177 3376/2933/3265 3341/2830/3178
f 3341/2830/3178 3376/2933/3265 3377/2831/3179
f 3340/2832/3180 3377/2831/3179 3378/2833/3181
f 3378/2833/3181 3371/2821/3169 3338/2823/3171
f 3318/2844/3192 3317/2899/3243 3351/2845/3193
f 3318/2844/3192 3352/2846/3194 3353/2847/3195
f 3356/2849/3197 3357/2924/3261 3304/2850/3198
f 3304/2850/3198 3357/2924/3261 3358/2852/3200
f 3305/2853/3201 3358/2852/3200 3359/2854/3202
f 3306/2855/3203 3359/2854/3202 3360/2856/3204
f 3307/2857/3205 3360/2856/3204 3361/2858/3206
f 3308/2859/3207 3361/2858/3206 3362/2860/3208
f 3310/2862/3210 3309/2934/3225 3368/2863/3211
f 3311/2865/3213 3310/2862/3210 3369/2864/3212
f 3312/2867/3215 3311/2925/3213 3370/2868/3214
f 3312/2867/3215 3363/2869/3216 3364/2870/3217
f 3313/2872/3218 3364/4203/3217 3365/2873/3219
f 3314/2874/3220 3365/2873/3219 3366/2875/3221
f 3315/2877/3222 3366/4204/3221 3367/2878/3223
f 3309/2880/3225 3316/2879/3224 3367/2878/3223
f 3302/2882/3226 3301/2861/3209 3328/2883/3227
f 3301/2861/3209 3362/2860/3208 3349/2885/3229
f 3327/2886/3230 3309/2934/3225 3310/2862/3210
f 3324/2888/3232 3303/2851/3199 3302/2882/3226
f 3310/2862/3210 3311/2865/3213 3325/2889/3233
f 3303/2851/3199 3324/2888/3232 3355/2890/3234
f 3323/2884/3228 3330/2897/3241 3331/2891/3235
f 3331/2891/3235 3354/2922/3260 3355/2890/3234
f 3326/2887/3231 3325/2889/3233 3332/2892/3236
f 3326/2887/3231 3333/2893/3237 3334/2894/3238
f 3329/2895/3239 3328/2883/3227 3349/2885/3229
f 3323/2884/3228 3328/2883/3227 3329/2895/3239
f 3344/2898/3242 3343/2907/3251 3317/2899/3243
f 3321/2848/3196 3345/2901/3245 3344/2898/3242
f 3321/2848/3196 3353/2847/3195 3379/2900/3244
f 3347/2902/3246 3346/2911/3255 3322/2903/3247
f 3319/2905/3249 3348/2914/3258 3347/2902/3246
f 3317/2899/3243 3343/2907/3251 3380/2906/3250
f 3343/2907/3251 3344/2898/3242 3387/2908/3252
f 3345/2901/3245 3386/2931/3263 3387/2908/3252
f 3385/2910/3254 3386/2931/3263 3345/2901/3245
f 3346/2911/3255 3347/2902/3246 3383/2912/3256
f 3348/2914/3258 3382/2930/3262 3383/2912/3256
f 3343/2907/3251 3388/2909/3253 3381/2915/3259
f 3322/2916/3247 3346/2920/3255 3379/2900/3244
f 3320/2904/3248 3352/2919/3194 3351/2917/3193
f 3320/2904/3248 3322/2903/3247 3353/2918/3195
f 3346/2920/3255 3384/2935/3257 3385/2910/3254
f 3325/2921/3233 3355/2890/3234 3354/2922/3260
f 3325/2921/3233 3311/2925/3213 3356/2849/3197
f 3357/2924/3261 3356/2849/3197 3311/2925/3213
f 3313/2871/3218 3358/2852/3200 3357/2924/3261
f 3314/2874/3220 3359/2854/3202 3358/2852/3200
f 3315/2876/3222 3360/2856/3204 3359/2854/3202
f 3316/2879/3224 3361/2858/3206 3360/2856/3204
f 3362/2860/3208 3361/2858/3206 3316/2879/3224
f 3309/2880/3225 3327/2926/3230 3349/2885/3229
f 3327/2926/3230 3334/2929/3238 3350/2896/3240
f 3381/2915/3259 3382/2936/3262 3348/2927/3258
f 3319/2928/3249 3351/2845/3193 3380/2906/3250
f 3305/2853/3201 3336/2825/3173 3335/2827/3175
f 3306/2855/3203 3337/2822/3170 3336/2825/3173
f 3307/2857/3205 3338/2823/3171 3337/2822/3170
f 3307/2857/3205 3308/2859/3207 3339/2834/3182
f 3308/2859/3207 3301/2861/3209 3340/2832/3180
f 3301/2861/3209 3302/2882/3226 3341/2830/3178
f 3302/2882/3226 3303/2851/3199 3342/2828/3176
f 3304/2850/3198 3335/2827/3175 3342/2828/3176
f 3334/2929/3238 3382/2936/3262 3381/2915/3259
f 3382/2930/3262 3334/2894/3238 3333/2893/3237
f 3384/2913/3257 3383/2912/3256 3333/2893/3237
f 3385/2910/3254 3384/2935/3257 3332/2923/3236
f 3386/2931/3263 3385/2910/3254 3354/2922/3260
f 3386/2931/3263 3331/2891/3235 3330/2897/3241
f 3388/2909/3253 3387/2908/3252 3330/2897/3241
f 3388/2909/3253 3329/2895/3239 3350/2896/3240
f 3372/2932/3264 3371/2821/3169 3390/2835/3183
f 3372/2932/3264 3391/2837/3185 3392/2838/3186
f 3373/2824/3172 3392/2838/3186 3393/2839/3187
f 3375/2829/3177 3374/2826/3174 3393/2839/3187
f 3376/2933/3265 3375/2829/3177 3394/2840/3188
f 3376/2933/3265 3395/2841/3189 3396/2842/3190
f 3377/2831/3179 3396/2842/3190 3397/2843/3191
f 3371/2821/3169 3378/2833/3181 3397/2843/3191
f 3434/2822/3266 3469/2932/3270 3468/2821/3267
f 3434/2822/3266 3433/2825/3271 3470/2824/3269
f 3433/2825/3271 3432/2827/3274 3471/2826/3272
f 3439/2828/3273 3472/2829/3276 3471/2826/3272
f 3438/2830/3275 3473/2933/3278 3472/2829/3276
f 3438/2830/3275 3437/2832/3279 3474/2831/3277
f 3437/2832/3279 3436/2834/3281 3475/2833/3280
f 3435/2823/3268 3468/2821/3267 3475/2833/3280
f 3415/2844/3291 3449/2846/4720 3448/2845/3292
f 3450/2847/3294 3449/2846/4720 3415/2844/3291
f 3401/2850/3296 3454/2924/3300 3453/2849/3297
f 3401/2850/3296 3402/2853/3301 3455/2852/3299
f 3402/2853/3301 3403/2855/3303 3456/2854/3302
f 3403/2855/3303 3404/2857/3305 3457/2856/3304
f 3404/2857/3305 3405/2859/3307 3458/2858/3306
f 3405/2859/3307 3398/2861/3328 3459/2860/3308
f 3407/2862/3309 3466/2864/3313 3465/2863/3310
f 3408/2865/3312 3467/2866/3315 3466/2864/3313
f 3409/2867/3314 3460/2869/4721 3467/2868/3315
f 3461/2870/3316 3460/2869/4721 3409/2867/3314
f 3462/2873/3318 3461/4203/3316 3410/2872/3317
f 3463/2875/3320 3462/2873/3318 3411/2874/3319
f 3464/2878/3322 3463/4204/3320 3412/2877/3321
f 3406/2880/3311 3465/2881/3310 3464/2878/3322
f 3425/2883/3324 3398/2861/3328 3399/2882/3325
f 3446/2885/3327 3459/2860/3308 3398/2861/3328
f 3424/2886/3329 3423/2887/3332 3407/2862/3309
f 3421/2888/3330 3420/2884/3326 3399/2882/3325
f 3422/2889/3331 3408/2865/3312 3407/2862/3309
f 3400/2851/3298 3453/2849/3297 3452/2890/3333
f 3428/2891/3334 3427/2897/3338 3420/2884/3326
f 3452/2890/3333 3451/2922/3356 3428/2891/3334
f 3423/2887/3332 3430/2893/3359 3429/2892/3335
f 3431/2894/3336 3430/2893/3359 3423/2887/3332
f 3426/2895/3337 3447/2896/3357 3446/2885/3327
f 3426/2895/3337 3425/2883/3324 3420/2884/3326
f 3414/2899/3293 3440/2907/3348 3441/2898/3339
f 3418/2848/3295 3415/2844/3291 3441/2898/3339
f 3476/2900/3341 3450/2847/3294 3418/2848/3295
f 3419/2903/3342 3443/2911/3351 3444/2902/3343
f 3416/2905/3345 3417/2904/3344 3444/2902/3343
f 3477/2906/3347 3440/2907/3348 3414/2899/3293
f 3440/2907/3348 3485/2909/3354 3484/2908/3349
f 3484/2908/3349 3483/2931/3360 3442/2901/3340
f 3442/2901/3340 3483/2931/3360 3482/2910/3350
f 3443/2911/3351 3481/2913/3355 3480/2912/3352
f 3480/2912/3352 3479/2930/3358 3445/2914/3346
f 3440/2907/3348 3477/2906/3347 3478/2915/3353
f 3476/2900/3341 3443/2920/3351 3419/2916/3342
f 3448/2917/3292 3449/2919/4720 3417/2904/3344
f 3417/2904/3344 3449/2919/4720 3450/2918/3294
f 3443/2920/3351 3476/2900/3341 3482/2910/3350
f 3451/2922/3356 3452/2890/3333 3422/2921/3331
f 3422/2921/3331 3452/2890/3333 3453/2849/3297
f 3408/2925/3312 3453/2849/3297 3454/2924/3300
f 3410/2871/3317 3409/2867/3314 3454/2924/3300
f 3411/2874/3319 3410/2872/3317 3455/2852/3299
f 3412/2876/3321 3411/2874/3319 3456/2854/3302
f 3413/2879/3323 3412/2877/3321 3457/2856/3304
f 3413/2879/3323 3458/2858/3306 3459/2860/3308
f 3406/2880/3311 3459/2860/3308 3446/2885/3327
f 3424/2926/3329 3446/2885/3327 3447/2896/3357
f 3478/2915/3353 3477/2906/3347 3445/2927/3346
f 3416/2928/3345 3445/2927/3346 3477/2906/3347
f 3432/2827/3274 3433/2825/3271 3402/2853/3301
f 3433/2825/3271 3434/2822/3266 3403/2855/3303
f 3434/2822/3266 3435/2823/3268 3404/2857/3305
f 3404/2857/3305 3435/2823/3268 3436/2834/3281
f 3405/2859/3307 3436/2834/3281 3437/2832/3279
f 3398/2861/3328 3437/2832/3279 3438/2830/3275
f 3399/2882/3325 3438/2830/3275 3439/2828/3273
f 3439/2828/3273 3432/2827/3274 3401/2850/3296
f 3478/2915/3353 3479/2936/3358 3431/2929/3336
f 3430/2893/3359 3431/2894/3336 3479/2930/3358
f 3481/2913/3355 3429/2892/3335 3430/2893/3359
f 3482/2910/3350 3451/2922/3356 3429/2923/3335
f 3483/2931/3360 3428/2891/3334 3451/2922/3356
f 3427/2897/3338 3428/2891/3334 3483/2931/3360
f 3485/2909/3354 3426/2895/3337 3427/2897/3338
f 3447/2896/3357 3426/2895/3337 3485/2909/3354
f 3469/2932/3270 3488/2837/3283 3487/2835/3282
f 3489/2838/3285 3488/2837/3283 3469/2932/3270
f 3490/2839/3286 3489/2838/3285 3470/2824/3269
f 3472/2829/3276 3491/2840/3287 3490/2839/3286
f 3491/2840/3287 3472/2829/3276 3473/2933/3278
f 3493/2842/3289 3492/2841/3288 3473/2933/3278
f 3494/2843/3290 3493/2842/3289 3474/2831/3277
f 3468/2821/3267 3487/2835/3282 3494/2843/3290
f 2951/2937/2829 3496/2464/2845 3495/2515/2895
f 2951/2937/2829 2952/2461/2843 3497/2516/2896
f 2932/2460/2842 3498/2484/2865 3497/2516/2896
f 3499/2485/2866 3498/2484/2865 2932/2460/2842
f 3501/2445/2828 3500/4178/4712 2923/2939/3361
f 3501/2445/2828 2950/2442/2825 2953/2458/2840
f 3503/2405/2788 3502/2459/2841 2953/2458/2840
f 2922/2409/2792 3504/2406/2789 3503/2405/2788
f 889/2940/3362 855/2944/3366 854/2941/3363
f 888/2943/3365 857/2945/3367 855/2944/3366
f 888/2943/3365 887/405/845 856/406/846
f 890/2942/3364 854/2941/3363 862/2946/3368
f 876/2947/3369 862/2946/3368 860/2948/3370
f 888/2943/3365 889/2940/3362 892/2950/3372
f 892/2950/3372 875/401/841 886/403/843
f 892/2950/3372 889/2940/3362 890/2942/3364
f 926/2951/3373 927/2959/3379 897/2952/3374
f 925/2954/3375 926/2951/3373 898/2953/3366
f 925/2954/3375 900/2955/3367 899/2956/3376
f 924/2957/3377 899/2956/3376 896/2958/3378
f 927/2959/3379 915/2961/3381 905/2960/3380
f 915/2961/3381 928/4205/4722 903/2962/3382
f 925/2954/3375 924/2957/3377 929/2963/3383
f 892/2950/3372 893/2966/3386 869/407/847
f 876/2947/3369 891/2949/3371 894/2964/3384
f 876/2947/3369 870/2965/3385 893/2966/3386
f 869/433/847 893/2970/3386 929/2963/3383
f 930/2968/3389 928/4205/4722 915/2961/3381
f 915/2961/3381 929/2963/3383 893/2970/3386
f 923/431/870 914/430/869 929/2963/3383
f 927/2959/3379 926/2951/3373 929/2963/3383
f 2241/2972/3391 2378/1744/2153 2342/1966/2360
f 2253/383/2064 2235/382/3400 2293/2973/3392
f 2252/1657/2067 2292/1742/2151 2293/2973/3392
f 2400/1783/2189 2379/1743/2152 2240/2974/3393
f 2378/1744/2153 2241/2972/3391 2240/2974/3393
f 2499/2975/3394 2500/2986/3407 2387/1755/2164
f 2509/1866/2271 2510/2990/821 2507/2976/3395
f 2499/2975/3394 2338/1757/2166 2506/1867/2272
f 2315/2977/3396 2294/2980/3399 3508/2978/3397
f 2294/2980/3399 2293/2973/3392 2235/382/3400
f 2294/2980/3399 2240/2974/3393 2241/2972/3391
f 2294/2980/3399 2315/2977/3396 2316/1876/2280
f 2396/1873/2277 2398/1872/2276 2315/2977/3396
f 2509/1878/2271 2502/2983/3403 2508/2981/3402
f 2314/2979/3398 2508/2981/3402 2502/2983/3403
f 2290/2984/3404 3507/391/3411 2337/385/3405
f 2501/2985/3406 2435/1646/2054 2387/1755/2164
f 2177/2015/2405 2217/2988/3409 2388/1955/2349
f 2512/2017/2407 2176/2019/2409 2501/2985/3406
f 2388/1955/2349 2217/2988/3409 2389/1888/2290
f 2217/2988/3409 2290/2984/3404 2377/1886/2288
f 2513/2987/3408 2501/2985/3406 2500/2986/3407
f 2568/2021/2411 2569/2989/3410 2217/2988/3409
f 2290/2984/3404 2217/2988/3409 2569/2989/3410
f 2569/2989/3410 2568/2021/2411 2512/2017/2407
f 3507/391/3411 2290/2984/3404 2500/2986/3407
f 3505/388/3412 3507/391/3411 2499/2975/3394
f 3505/388/3412 2507/2976/3395 2510/2990/821
f 3509/392/3413 3506/4137/829 2510/2982/821
f 2508/2981/3402 2314/2979/3398 3508/2978/3397
f 1785/2991/3414 1924/1268/1699 1945/1334/1762
f 1923/1269/1700 1924/1268/1699 1785/2991/3414
f 1932/1284/1716 2045/3003/3431 2044/2993/3416
f 3511/344/3417 3510/345/793 2055/2994/3418
f 2052/2995/3419 2055/2994/3418 2054/1398/1825
f 3512/343/3420 3511/344/3417 2052/2995/3419
f 2051/1400/1827 1883/1401/1828 2044/2993/3416
f 3513/346/3421 1839/2998/3424 1860/2996/3422
f 1839/2998/3424 1781/342/3437 1780/335/1704
f 1839/2998/3424 1838/1272/1703 1786/1271/1702
f 1839/2998/3424 1785/2991/3414 1861/2992/3415
f 3514/340/3425 2053/3000/3426 2055/2999/3418
f 3513/346/3421 1859/2997/3423 2053/3000/3426
f 1861/2992/3415 1945/1334/1762 1989/1331/1759
f 1941/1407/1833 1859/2997/3423 1860/2996/3422
f 1861/2992/3415 1944/1409/1835 1943/1408/1834
f 2054/1412/1825 2055/2999/3418 2053/3000/3426
f 1859/2997/3423 1941/1407/1833 2047/1413/1838
f 1922/3001/3427 1836/1176/1608 1779/337/3428
f 1835/3002/3430 1922/3001/3427 1882/338/3429
f 3512/343/3420 2044/2993/3416 2045/3003/3431
f 1787/1267/1698 1934/3004/3432 1988/1507/1925
f 1836/1176/1608 1922/3001/3427 1934/3004/3432
f 2046/3005/3433 2045/3003/3431 1932/1284/1716
f 1722/1561/1974 1723/1494/1912 1933/1496/1914
f 2057/1563/1976 2058/3007/3435 2046/3005/3433
f 1980/1161/1592 1720/1162/1593 1721/1564/1977
f 1933/1496/1914 1988/1507/1925 1934/3004/3432
f 1762/3006/3434 1934/3004/3432 1922/3001/3427
f 2058/3007/3435 1835/3002/3430 2045/3003/3431
f 1762/3006/3434 2114/3008/3436 2113/1566/1979
f 1835/3002/3430 2058/3007/3435 2114/3008/3436
f 2057/1563/1976 2113/1566/1979 2114/3008/3436
usemtl Interior_SG
f 3515/3009/3438 3544/3010/3439 3545/3011/3440
f 3519/3012/3441 3540/3013/3442 3541/3014/3443
f 3521/3015/3444 3540/3013/3442 3520/3016/3445
f 3522/3017/3446 3539/3018/3447 3521/3015/3444
f 3515/3009/3438 3546/3019/3448 3522/3017/3446
f 3532/3020/3449 3529/3021/3450 3528/3022/3451
f 3532/3020/3449 3527/3023/3452 3533/3024/3453
f 3532/3020/3449 3539/3018/3447 3531/3025/3454
f 3532/3020/3449 3541/3014/3443 3540/3013/3442
f 3546/3026/3448 3631/3027/3455 3632/3028/3456
f 3524/3029/3457 3555/3030/3458 3523/3031/3459
f 3526/3032/3460 3559/3033/3461 3558/3034/3462
f 3528/3022/3451 3559/3033/3461 3527/3023/3452
f 3528/3022/3451 3561/3035/3463 3560/3036/3464
f 3530/3037/3465 3561/3035/3463 3529/3021/3450
f 3622/3038/3466 3562/3039/3467 3530/3037/3465
f 3570/3040/3468 3551/3041/3469 3552/3042/3470
f 3554/3043/3471 3570/3040/3468 3552/3042/3470
f 3555/3030/3458 3584/3044/3472 3585/3045/3473
f 3557/3046/3474 3584/3044/3472 3556/3047/3475
f 3616/3048/3476 3583/3049/3477 3557/3046/3474
f 3559/3033/3461 3582/3050/3478 3558/3034/3462
f 3559/3033/3461 3580/3051/3479 3581/3052/3480
f 3561/3035/3463 3580/3051/3479 3560/3036/3464
f 3562/3039/3467 3587/3053/3481 3561/3035/3463
f 3623/3054/3482 3586/3055/3483 3562/3039/3467
f 3571/3056/3484 3572/3057/3485 3579/3058/3486
f 3572/3057/3485 3573/3059/3487 3579/3058/3486
f 3618/3060/3488 3579/3058/3486 3573/3059/3487
f 3574/3061/3489 3575/3062/3490 3579/3058/3486
f 3575/3062/3490 3576/3063/3491 3579/3058/3486
f 3576/3063/3491 3577/3064/3492 3579/3058/3486
f 3577/3064/3492 3578/3065/3493 3579/3058/3486
f 3625/3066/3494 3579/3058/3486 3578/3065/3493
f 3581/3052/3480 3576/3063/3491 3575/3062/3490
f 3582/3050/3478 3575/3062/3490 3574/3061/3489
f 3617/3067/3495 3573/3059/3487 3583/3049/3477
f 3584/3044/3472 3573/3059/3487 3572/3057/3485
f 3584/3044/3472 3571/3056/3484 3585/3045/3473
f 3624/3068/3496 3578/3065/3493 3586/3055/3483
f 3586/3055/3483 3577/3064/3492 3587/3053/3481
f 3587/3053/3481 3576/3063/3491 3580/3051/3479
f 3515/3009/3438 3589/3069/3497 3516/3070/3498
f 3517/3071/3499 3589/3072/3497 3590/3073/3500
f 3517/3071/3499 3591/3074/3501 3518/3075/3502
f 3519/3012/3441 3591/3074/3501 3592/3076/3503
f 3519/3012/3441 3593/3077/3504 3520/3016/3445
f 3521/3015/3444 3593/3077/3504 3594/3078/3505
f 3521/3015/3444 3595/3079/3506 3522/3017/3446
f 3515/3009/3438 3595/3079/3506 3588/3080/3507
f 3588/3080/3507 3597/3081/3508 3589/3069/3497
f 3590/3073/3500 3597/3082/3508 3598/3083/3509
f 3590/3073/3500 3599/3084/3510 3591/3074/3501
f 3591/3074/3501 3600/3085/3511 3592/3076/3503
f 3592/3076/3503 3601/3086/3512 3593/3077/3504
f 3594/3078/3505 3601/3086/3512 3602/3087/3513
f 3595/3079/3506 3602/3087/3513 3603/3088/3514
f 3588/3080/3507 3603/3088/3514 3596/3089/3515
f 3596/3089/3515 3605/3090/3516 3597/3081/3508
f 3598/3083/3509 3605/3091/3516 3606/3092/3517
f 3598/3083/3509 3607/3093/3518 3599/3084/3510
f 3600/3085/3511 3607/3093/3518 3608/3094/3519
f 3600/3085/3511 3609/3095/3449 3601/3086/3512
f 3602/3087/3513 3609/3095/3449 3610/3096/3520
f 3602/3087/3513 3611/3097/3521 3603/3088/3514
f 3603/3088/3514 3604/3098/3522 3596/3089/3515
f 3616/3048/3476 3582/3050/3478 3617/3067/3495
f 3617/3067/3495 3574/3061/3489 3618/3060/3488
f 3622/3038/3466 3555/3030/3458 3623/3054/3482
f 3623/3054/3482 3585/3045/3473 3624/3068/3496
f 3624/3068/3496 3571/3056/3484 3625/3066/3494
f 3544/3099/3439 3517/3071/3499 3543/3100/3523
f 3543/3100/3523 3518/3075/3502 3542/3101/3524
f 3518/3075/3502 3541/3014/3443 3542/3101/3524
f 3526/3102/3460 3533/3024/3453 3527/3023/3452
f 3525/3103/3525 3614/3104/3526 3615/3105/3527
f 3536/3106/3516 3525/3107/3525 3524/3108/3457
f 3541/3014/3443 3534/3109/3528 3542/3101/3524
f 3544/3099/3439 3535/3110/3529 3536/3106/3516
f 3626/3111/3530 3565/3112/3531 3627/3113/3532
f 3628/3114/3533 3564/3115/3534 3626/3111/3530
f 3613/3116/3535 3629/3117/3536 3566/3118/3537
f 3629/3117/3536 3565/3119/3531 3566/3118/3537
f 3524/3029/3457 3557/3046/3474 3556/3047/3475
f 3557/3046/3474 3615/3120/3527 3616/3048/3476
f 3564/3115/3534 3549/3121/3538 3547/3122/3539
f 3548/3123/3540 3564/3115/3534 3547/3122/3539
f 3565/3119/3531 3550/3124/3541 3566/3118/3537
f 3613/3116/3535 3550/3124/3541 3612/3125/3542
f 3563/3126/3543 3612/3125/3542 3549/3121/3538
f 3628/3114/3533 3613/3116/3535 3563/3126/3543
f 3526/3127/3460 3614/3104/3526 3534/3128/3528
f 3558/3034/3462 3615/3120/3527 3526/3032/3460
f 3629/3117/3536 3614/3104/3526 3535/3129/3529
f 3627/3130/3532 3535/3129/3529 3543/3131/3523
f 3627/3113/3532 3542/3132/3524 3626/3111/3530
f 3626/3111/3530 3534/3128/3528 3628/3114/3533
f 3614/3104/3526 3628/3114/3533 3534/3128/3528
f 3632/3028/3456 3569/3133/3544 3570/3040/3468
f 3523/3134/3459 3536/3135/3516 3524/3136/3457
f 3530/3137/3465 3621/3138/3545 3622/3139/3466
f 3531/3025/3454 3530/3140/3465 3529/3021/3450
f 3537/3141/3546 3544/3010/3439 3536/3135/3516
f 3538/3142/3547 3539/3018/3447 3546/3019/3448
f 3631/3143/3455 3537/3144/3546 3630/3145/3548
f 3633/3146/3549 3620/3147/3550 3621/3138/3545
f 3632/3028/3456 3538/3148/3547 3546/3026/3448
f 3619/3149/3551 3567/3150/3552 3554/3043/3471
f 3553/3151/3553 3569/3152/3544 3568/3153/3554
f 3553/3151/3553 3620/3147/3550 3619/3149/3551
f 3621/3138/3545 3630/3145/3548 3537/3144/3546
f 3523/3154/3459 3621/3138/3545 3537/3144/3546
f 3569/3152/3544 3630/3145/3548 3568/3153/3554
f 3570/3040/3468 3633/3146/3549 3632/3028/3456
f 3620/3147/3550 3630/3145/3548 3621/3138/3545
f 3633/3146/3549 3621/3138/3545 3538/3148/3547
f 3635/3155/3519 3650/3156/3555 3651/3157/3556
f 3636/3158/3557 3651/3157/3556 3652/3159/3558
f 3637/3160/3449 3652/3159/3558 3653/3161/3559
f 3637/3162/3449 3654/3163/3560 3638/3164/3561
f 3638/3164/3561 3655/3165/3562 3639/3166/3520
f 3639/3166/3520 3656/3167/3563 3640/3168/3564
f 3640/3168/3564 3657/3169/3565 3641/3170/3521
f 3642/3171/3566 3657/3169/3565 3658/3172/3567
f 3642/3171/3566 3659/3173/3568 3643/3174/3569
f 3643/3174/3569 3660/3175/3570 3644/3176/3571
f 3645/3177/3516 3660/3175/3570 3661/3178/3572
f 3646/3179/3573 3661/3178/3572 3662/3180/3574
f 3647/3181/3517 3662/3180/3574 3663/3182/3575
f 3648/3183/3576 3663/3182/3575 3664/3184/3577
f 3648/3183/3576 3665/3185/3578 3649/3186/3518
f 3649/3186/3518 3650/3156/3555 3634/3187/3579
f 3651/3157/3556 3666/3188/3580 3667/3189/3581
f 3651/3157/3556 3668/3190/3582 3652/3159/3558
f 3652/3159/3558 3669/3191/3583 3653/3161/3559
f 3653/3192/3559 3670/3193/3584 3654/3163/3560
f 3655/3165/3562 3670/3193/3584 3671/3194/3585
f 3656/3167/3563 3671/3194/3585 3672/3195/3586
f 3657/3169/3565 3672/3195/3586 3673/3196/3587
f 3658/3172/3567 3673/3196/3587 3674/3197/3588
f 3659/3173/3568 3674/3197/3588 3675/3198/3589
f 3660/3175/3570 3675/3198/3589 3676/3199/3590
f 3660/3175/3570 3677/3200/3591 3661/3178/3572
f 3661/3178/3572 3678/3201/3592 3662/3180/3574
f 3662/3180/3574 3679/3202/3593 3663/3182/3575
f 3663/3182/3575 3680/3203/3594 3664/3184/3577
f 3664/3184/3577 3681/3204/3595 3665/3185/3578
f 3650/3156/3555 3681/3204/3595 3666/3188/3580
f 3666/3188/3580 3683/3205/3596 3667/3189/3581
f 3667/3189/3581 3684/3206/3597 3668/3190/3582
f 3669/3191/3583 3684/3206/3597 3685/3207/3598
f 3670/3193/3584 3685/3208/3598 3686/3209/3599
f 3670/3193/3584 3687/3210/3600 3671/3194/3585
f 3672/3195/3586 3687/3210/3600 3688/3211/3601
f 3672/3195/3586 3689/3212/3602 3673/3196/3587
f 3674/3197/3588 3689/3212/3602 3690/3213/3603
f 3674/3197/3588 3691/3214/3604 3675/3198/3589
f 3675/3198/3589 3692/3215/3605 3676/3199/3590
f 3677/3200/3591 3692/3215/3605 3693/3216/3606
f 3678/3201/3592 3693/3216/3606 3694/3217/3607
f 3679/3202/3593 3694/3217/3607 3695/3218/3608
f 3680/3203/3594 3695/3218/3608 3696/3219/3609
f 3680/3203/3594 3697/3220/3610 3681/3204/3595
f 3681/3204/3595 3682/3221/3611 3666/3188/3580
f 3683/3205/3596 3698/3222/3566 3699/3223/3522
f 3684/3206/3597 3699/3223/3522 3700/3224/3612
f 3685/3207/3598 3700/3224/3612 3701/3225/3516
f 3686/3209/3599 3701/3226/3516 3702/3227/3573
f 3687/3210/3600 3702/3227/3573 3703/3228/3517
f 3688/3211/3601 3703/3228/3517 3704/3229/3576
f 3689/3212/3602 3704/3229/3576 3705/3230/3518
f 3690/3213/3603 3705/3230/3518 3706/3231/3579
f 3691/3214/3604 3706/3231/3579 3707/3232/3519
f 3691/3214/3604 3708/3233/3613 3692/3215/3605
f 3693/3216/3606 3708/3233/3613 3709/3234/3449
f 3693/3216/3606 3710/3235/3614 3694/3217/3607
f 3695/3218/3608 3710/3235/3614 3711/3236/3520
f 3695/3218/3608 3712/3237/3564 3696/3219/3609
f 3697/3220/3610 3712/3237/3564 3713/3238/3521
f 3682/3221/3611 3713/3238/3521 3698/3222/3566
f 3698/3222/3566 3715/3239/3615 3699/3223/3522
f 3699/3223/3522 3716/3240/3616 3700/3224/3612
f 3700/3224/3612 3717/3241/3617 3701/3225/3516
f 3701/3226/3516 3718/3242/3618 3702/3227/3573
f 3702/3227/3573 3719/3243/3619 3703/3228/3517
f 3703/3228/3517 3720/3244/3620 3704/3229/3576
f 3704/3229/3576 3721/3245/3621 3705/3230/3518
f 3706/3231/3579 3721/3245/3621 3722/3246/3622
f 3706/3231/3579 3723/3247/3623 3707/3232/3519
f 3707/3232/3519 3724/3248/3624 3708/3233/3613
f 3708/3233/3613 3725/3249/3625 3709/3234/3449
f 3710/3235/3614 3725/3249/3625 3726/3250/3626
f 3710/3235/3614 3727/3251/3627 3711/3236/3520
f 3711/3236/3520 3728/3252/3628 3712/3237/3564
f 3712/3237/3564 3729/3253/3629 3713/3238/3521
f 3713/3238/3521 3714/3254/3630 3698/3222/3566
f 3715/3239/3615 3730/3255/3631 3731/3256/3632
f 3716/3240/3616 3731/3256/3632 3732/3257/3633
f 3716/3240/3616 3733/3258/3634 3717/3241/3617
f 3717/3259/3617 3734/3260/3635 3718/3242/3618
f 3719/3243/3619 3734/3260/3635 3735/3261/3636
f 3720/3244/3620 3735/3261/3636 3736/3262/3637
f 3721/3245/3621 3736/3262/3637 3737/3263/3638
f 3721/3245/3621 3738/3264/3639 3722/3246/3622
f 3723/3247/3623 3738/3264/3639 3739/3265/3640
f 3724/3248/3624 3739/3265/3640 3740/3266/3641
f 3724/3248/3624 3741/3267/3642 3725/3249/3625
f 3725/3249/3625 3742/3268/3643 3726/3250/3626
f 3726/3250/3626 3743/3269/3644 3727/3251/3627
f 3727/3251/3627 3744/3270/3645 3728/3252/3628
f 3728/3252/3628 3745/3271/3646 3729/3253/3629
f 3729/3253/3629 3730/3255/3631 3714/3254/3630
f 3730/3255/3631 3747/3272/3647 3731/3256/3632
f 3731/3256/3632 3748/3273/3648 3732/3257/3633
f 3732/3257/3633 3749/3274/3649 3733/3258/3634
f 3733/3275/3634 3750/3276/3650 3734/3260/3635
f 3734/3260/3635 3751/3277/3651 3735/3261/3636
f 3736/3262/3637 3751/3277/3651 3752/3278/3652
f 3736/3262/3637 3753/3279/3653 3737/3263/3638
f 3738/3264/3639 3753/3279/3653 3754/3280/3654
f 3739/3265/3640 3754/3280/3654 3755/3281/3655
f 3739/3265/3640 3756/3282/3656 3740/3266/3641
f 3741/3267/3642 3756/3282/3656 3757/3283/3657
f 3742/3268/3643 3757/3283/3657 3758/3284/3658
f 3743/3269/3644 3758/3284/3658 3759/3285/3659
f 3744/3270/3645 3759/3285/3659 3760/3286/3660
f 3745/3271/3646 3760/3286/3660 3761/3287/3661
f 3730/3255/3631 3761/3287/3661 3746/3288/3662
f 3747/3289/3647 3634/3187/3579 3635/3155/3519
f 3748/3290/3648 3635/3155/3519 3636/3158/3557
f 3748/3290/3648 3637/3160/3449 3749/3291/3649
f 3749/3292/3649 3638/3164/3561 3750/3293/3650
f 3751/3294/3651 3638/3164/3561 3639/3166/3520
f 3752/3295/3652 3639/3166/3520 3640/3168/3564
f 3753/3296/3653 3640/3168/3564 3641/3170/3521
f 3753/3296/3653 3642/3171/3566 3754/3297/3654
f 3755/3298/3655 3642/3171/3566 3643/3174/3569
f 3756/3299/3656 3643/3174/3569 3644/3176/3571
f 3756/3299/3656 3645/3177/3516 3757/3300/3657
f 3758/3301/3658 3645/3177/3516 3646/3179/3573
f 3758/3301/3658 3647/3181/3517 3759/3302/3659
f 3760/3303/3660 3647/3181/3517 3648/3183/3576
f 3761/3304/3661 3648/3183/3576 3649/3186/3518
f 3746/3305/3662 3649/3186/3518 3634/3187/3579
f 3767/3306/3663 3762/3307/3664 3768/3308/3665
f 3768/3308/3665 3764/3309/3666 3767/3306/3663
f 3770/3310/3667 3765/3311/3668 3771/3312/3669
f 3768/3308/3665 3775/3313/3670 3769/3314/3671
f 3766/3315/3672 3768/3308/3665 3769/3314/3671
f 3774/3316/3673 3773/3317/3674 3769/3314/3671
f 3769/3314/3671 3775/3313/3670 3774/3316/3673
f 3766/3315/3672 3773/3317/3674 3777/3318/3675
f 3784/3319/3676 3778/3320/3677 3781/3321/3678
f 3792/3322/3679 3786/3323/3680 3789/3324/3681
f 3790/3325/3682 3782/3326/3683 3785/3327/3684
f 3780/3328/3685 3788/3329/3686 3787/3330/3687
f 3780/3328/3685 3778/3320/3677 3779/3331/3688
f 3784/3319/3676 3782/3326/3683 3783/3332/3689
f 3787/3330/3687 3789/3333/3681 3786/3334/3680
f 3792/3322/3679 3790/3325/3682 3791/3335/3690
f 3794/3320/3676 3800/3319/3677 3797/3321/3691
f 3802/3323/3692 3808/3322/3693 3805/3324/3694
f 3798/3326/3685 3806/3325/3695 3801/3327/3688
f 3804/3329/3696 3796/3328/3697 3803/3330/3698
f 3794/3320/3676 3796/3328/3697 3795/3331/3684
f 3798/3326/3685 3800/3319/3677 3799/3332/3678
f 3803/3330/3698 3805/3333/3694 3804/3329/3696
f 3806/3325/3695 3808/3322/3693 3807/3335/3699
f 3815/3336/1 3812/3337/1 3810/3338/1
f 3813/3339/1 3814/3340/1 3811/3341/1
f 3812/3337/1 3814/3340/1 3813/3339/1
f 3815/3336/1 3817/3342/1 3814/3340/1
f 3819/3343/3700 3820/3344/3701 3818/3345/3702
f 3821/3346/3703 3830/3347/3704 3820/3344/3701
f 3823/3348/3705 3824/3349/3706 3822/3350/3707
f 3819/3343/3700 3833/3351/3708 3821/3346/3703
f 3818/3345/3702 3830/3347/3704 3831/3352/3709
f 3827/3353/3710 3822/3350/3707 3824/3349/3706
f 3828/3354/3711 3823/3348/3705 3829/3355/3712
f 3829/3355/3712 3822/3350/3707 3826/3356/3713
f 3831/3352/3709 3826/3356/3713 3827/3353/3710
f 3832/3357/3714 3829/3355/3712 3833/3351/3708
f 3833/3351/3708 3826/3356/3713 3830/3347/3704
f 3835/3358/3715 3836/3359/3716 3834/3360/3717
f 3837/3361/3718 3846/3362/3719 3836/3359/3716
f 3839/3363/3720 3840/3364/3721 3838/3365/3722
f 3835/3358/3715 3849/3366/3723 3837/3361/3718
f 3834/3360/3717 3846/3362/3719 3847/3367/3724
f 3843/3368/3725 3838/3365/3722 3840/3364/3721
f 3844/3369/3726 3839/3363/3720 3845/3370/3727
f 3845/3370/3727 3838/3365/3722 3842/3371/3728
f 3847/3367/3724 3842/3371/3728 3843/3368/3725
f 3848/3372/3729 3845/3370/3727 3849/3366/3723
f 3849/3366/3723 3842/3371/3728 3846/3362/3719
f 3851/3373/3730 3852/3374/3731 3850/3375/3732
f 3853/3376/3733 3862/3377/3734 3852/3374/3731
f 3855/3378/3735 3856/3379/3736 3854/3380/3737
f 3851/3373/3730 3865/3381/3738 3853/3376/3733
f 3850/3375/3732 3862/3377/3734 3863/3382/3739
f 3859/3383/3740 3854/3380/3737 3856/3379/3736
f 3860/3384/3741 3855/3378/3735 3861/3385/3742
f 3858/3386/3743 3855/3378/3735 3854/3380/3737
f 3863/3382/3739 3858/3386/3743 3859/3383/3740
f 3864/3387/3744 3861/3385/3742 3865/3381/3738
f 3865/3381/3738 3858/3386/3743 3862/3377/3734
f 3876/3388/3745 3892/3389/3746 3891/3390/3747
f 3872/3391/3748 3893/3392/3749 3874/3393/3750
f 3892/3389/3746 3874/3393/3750 3893/3392/3749
f 3868/3394/3751 3891/3390/3747 3890/3395/3752
f 3885/3396/3518 3869/3397/3753 3877/3398/3754
f 3887/3399/3518 3877/3398/3754 3871/3400/3755
f 3887/3399/3518 3875/3401/3756 3889/3402/3757
f 3881/3403/3758 3875/3401/3756 3873/3404/3759
f 3880/3405/3760 3894/3406/3761 3872/3391/3748
f 3880/3407/3760 3874/3393/3750 3888/3408/3762
f 3886/3409/3521 3874/3393/3750 3870/3410/3763
f 3886/3409/3521 3876/3388/3745 3883/3411/3521
f 3883/3411/3521 3868/3394/3751 3882/3412/3521
f 3891/3390/3747 3869/3397/3753 3890/3395/3752
f 3892/3389/3746 3877/3398/3754 3891/3390/3747
f 3875/3401/3756 3892/3389/3746 3893/3392/3749
f 3873/3404/3759 3893/3392/3749 3894/3406/3761
f 3894/3406/3761 3881/3413/3758 3873/3404/3759
f 3884/3414/3518 3899/3415/3764 3869/3397/3753
f 3897/3416/3765 3878/3417/3766 3896/3418/3767
f 3897/3416/3765 3882/3412/3521 3868/3394/3751
f 3898/3419/3768 3866/3420/3769 3897/3416/3765
f 3899/3415/3764 3879/3421/3770 3867/3422/3771
f 3898/3419/3768 3867/3422/3771 3866/3420/3769
f 3890/3395/3752 3897/3416/3765 3868/3394/3751
f 3899/3415/3764 3890/3395/3752 3869/3397/3753
f 3867/3422/3771 3898/3419/3768 3899/3415/3764
f 3911/3423/3772 3904/3424/3773 3903/3425/3774
f 3903/3425/3774 3902/3426/3775 3901/3427/3776
f 3906/3428/3777 3901/3427/3776 3902/3426/3775
f 3903/3425/3774 3905/3429/3778 3907/3430/3779
f 3904/3424/3773 3906/3431/3777 3902/3426/3775
f 3911/3423/3772 3907/3430/3779 3912/3432/3780
f 3910/3433/3781 3908/3434/3782 3904/3424/3773
f 3909/3435/3783 3867/3422/3771 3879/3421/3770
f 3866/3420/3769 3910/3433/3781 3911/3423/3772
f 3912/3432/3780 3866/3420/3769 3911/3423/3772
f 3935/3436/3784 3976/3437/3785 3925/3438/3786
f 3925/3438/3786 3975/3439/3787 3924/3440/3788
f 3924/3440/3788 3974/3441/3789 3921/3442/3790
f 3921/3442/3790 3973/3443/3791 3920/3444/3792
f 3918/3445/3793 3973/3443/3791 3972/3446/3794
f 3933/3447/3795 3972/3446/3794 3971/3448/3796
f 3926/3449/3797 3924/3440/3788 3927/3450/3798
f 3927/3450/3798 3921/3442/3790 3922/3451/3799
f 3932/3452/3800 3971/3448/3796 3970/3453/3801
f 3934/3454/3802 3977/3455/3803 3935/3436/3784
f 3943/3456/3804 3932/3452/3800 3942/3457/3805
f 3934/3454/3802 3938/3458/3806 3939/3459/3807
f 3945/3460/3808 3955/3461/3809 3931/3462/3810
f 3925/3438/3786 3938/3458/3806 3935/3436/3784
f 3942/3457/3805 3952/3463/3811 3940/3464/3812
f 3953/3465/3813 3939/3459/3807 3937/3466/3814
f 3926/3449/3797 3936/3467/3815 3938/3458/3806
f 3936/3467/3815 3939/3459/3807 3938/3458/3806
f 3923/3468/3816 3921/3442/3790 3920/3444/3792
f 3943/3456/3804 3918/3445/3793 3933/3447/3795
f 3919/3469/3817 3920/3444/3792 3918/3445/3793
f 3914/3470/3818 3922/3451/3799 3923/3468/3816
f 3917/3471/3819 3927/3450/3798 3916/3472/3820
f 3916/3472/3820 3922/3451/3799 3915/3473/3821
f 3919/3469/3817 3941/3474/3822 3913/3475/3823
f 3913/3475/3823 3923/3468/3816 3919/3469/3817
f 3942/3457/3805 3941/3474/3822 3943/3456/3804
f 3955/3461/3809 3953/3465/3813 3954/3476/3824
f 3955/3461/3809 3952/3463/3811 3949/3477/3825
f 3941/3474/3822 3952/3463/3811 3954/3476/3824
f 3953/3465/3813 3936/3467/3815 3954/3476/3824
f 3954/3476/3824 3917/3471/3819 3916/3472/3820
f 3913/3475/3823 3954/3476/3824 3914/3470/3818
f 3915/3473/3821 3954/3476/3824 3916/3472/3820
f 3964/3478/3826 3956/3479/3827 3965/3480/3828
f 3964/3481/3826 3957/3482/3829 3959/3483/3830
f 3947/3484/3831 3970/3453/3801 3969/3485/3832
f 3932/3452/3800 3947/3486/3831 3942/3457/3805
f 3942/3457/3805 3947/3486/3831 3949/3477/3825
f 3948/3487/3833 3949/3477/3825 3947/3486/3831
f 3947/3484/3831 3950/3488/3834 3929/3489/3835
f 3930/3490/3836 3947/3486/3831 3929/3491/3835
f 3931/3462/3810 3955/3461/3809 3930/3490/3836
f 3955/3461/3809 3948/3487/3833 3930/3490/3836
f 3958/3492/3837 3961/3493/3838 3956/3479/3827
f 3962/3494/3839 3959/3483/3830 3957/3482/3829
f 3966/3495/3840 3958/3496/3837 3964/3497/3826
f 3966/3495/3840 3959/3498/3830 3963/3499/3841
f 3968/3500/3842 3960/3501/3843 3950/3488/3834
f 3969/3485/3832 3950/3488/3834 3947/3484/3831
f 3978/3502/3844 3946/3503/3845 3979/3504/3846
f 3934/3454/3802 3939/3459/3807 3946/3505/3845
f 3939/3459/3807 3944/3506/3847 3946/3505/3845
f 3945/3460/3808 3946/3505/3845 3944/3506/3847
f 3946/3505/3845 3931/3462/3810 3928/3507/3848
f 3979/3504/3846 3951/3508/3849 3967/3509/3850
f 3950/3510/3834 3928/3507/3848 3929/3491/3835
f 3930/3490/3836 3928/3507/3848 3931/3462/3810
f 3963/3511/3841 3967/3509/3850 3951/3508/3849
f 3963/3499/3841 3951/3512/3849 3966/3495/3840
f 3951/3512/3849 3950/3510/3834 3966/3495/3840
f 3950/3510/3834 3960/3513/3843 3966/3495/3840
f 3951/3508/3849 3946/3503/3845 3928/3514/3848
f 3999/3515/1 3984/3516/3851 3982/3517/1
f 3981/3518/1 4000/3519/3852 3999/3515/1
f 4004/3520/1 3985/3521/3853 3981/3518/1
f 4006/3522/3854 3989/3523/3855 3980/3524/3856
f 4011/3525/1 4003/3526/3857 4004/3520/1
f 3980/3524/3856 3991/3527/3858 3983/3528/3859
f 3983/3528/3859 4006/3522/3854 3980/3524/3856
f 4001/3529/3860 3985/3521/3853 3988/3530/3861
f 3988/3530/3861 4003/3526/3857 4002/3531/3862
f 4002/3531/3862 4010/3532/3863 4009/3533/3864
f 3991/3527/3858 3996/3534/1 3997/3535/3865
f 3982/3517/1 3994/3536/3866 3993/3537/1
f 3997/3535/3865 3993/3537/1 3994/3536/3866
f 3998/3538/3867 3994/3536/3866 3995/3539/3868
f 3983/3528/3859 3992/3540/3869 3986/3541/3870
f 4000/3519/3852 3987/3542/3871 3984/3516/3851
f 3992/3540/3869 3997/3535/3865 3998/3538/3867
f 3995/3539/3868 3984/3516/3851 3987/3542/3871
f 3986/3541/3870 4007/3543/3872 3983/3528/3859
f 4002/3531/3862 4008/3544/3873 3986/3541/3870
f 4012/3545/1 3986/3541/3870 3992/3540/3869
f 3998/3538/3867 4012/3545/1 3992/3540/3869
f 4002/3531/3862 4012/3545/1 3988/3530/3861
f 4012/3545/1 4001/3529/3860 3988/3530/3861
f 3987/3542/3871 4012/3545/1 3995/3539/3868
f 4005/3546/3874 4013/3547/3875 3989/3523/3855
f 4019/3548/3876 4034/3549/1 4017/3550/1
f 4035/3551/3877 4016/3552/1 4034/3549/1
f 4020/3553/3878 4039/3554/1 4016/3552/1
f 4024/3555/3855 4006/3522/3854 4015/3556/3879
f 4038/3557/3880 4011/3525/1 4039/3554/1
f 4026/3558/3881 4015/3556/3879 4018/3559/3882
f 4018/3559/3882 4006/3522/3854 4007/3543/3872
f 4020/3553/3878 4036/3560/3883 4023/3561/3884
f 4023/3561/3884 4038/3557/3880 4020/3553/3878
f 4037/3562/3885 4010/3532/3863 4038/3557/3880
f 4026/3558/3881 4031/3563/1 4025/3564/1
f 4029/3565/3886 4017/3550/1 4028/3566/1
f 4032/3567/3887 4028/3566/1 4031/3563/1
f 4033/3568/3888 4029/3565/3886 4032/3567/3887
f 4027/3569/3889 4018/3559/3882 4021/3570/3890
f 4022/3571/3891 4035/3551/3877 4019/3548/3876
f 4027/3569/3889 4032/3567/3887 4026/3558/3881
f 4019/3548/3876 4030/3572/3892 4022/3571/3891
f 4021/3570/3890 4007/3543/3872 4008/3544/3873
f 4008/3544/3873 4037/3562/3885 4021/3570/3890
f 4040/3573/1 4027/3569/3889 4021/3570/3890
f 4033/3568/3888 4040/3573/1 4030/3572/3892
f 4040/3573/1 4037/3562/3885 4023/3561/3884
f 4036/3560/3883 4040/3573/1 4023/3561/3884
f 4022/3571/3891 4030/3572/3892 4040/3573/1
f 4041/3574/3875 4005/3546/3874 4024/3555/3855
f 4043/3575/3893 4099/3576/3894 4098/3577/3895
f 4047/3578/3896 4057/3579/3897 4049/3580/3898
f 4098/3577/3895 4059/3581/3899 4043/3575/3893
f 4049/3580/3898 4060/3582/3900 4047/3578/3896
f 4060/3582/3900 4091/3583/3901 4090/3584/3902
f 4078/3585/3903 4084/3586/3904 4083/3587/3905
f 4077/3588/3906 4085/3589/3907 4084/3586/3904
f 4059/3581/3899 4096/3590/3908 4089/3591/3909
f 4089/3591/3909 4095/3592/3910 4066/3593/3911
f 4094/3594/3912 4066/3593/3911 4095/3592/3910
f 4093/3595/3913 4042/3596/3914 4094/3594/3912
f 4085/3589/3907 4064/3597/3915 4072/3598/3916
f 4080/3599/3917 4077/3600/3906 4078/3601/3903
f 4052/3602/3918 4053/3603/3919 4043/3575/3893
f 4079/3604/3920 4081/3605/3921 4077/3600/3906
f 4071/3606/3922 4043/3575/3893 4059/3581/3899
f 4079/3604/3920 4070/3607/3923 4052/3602/3918
f 4082/3608/3924 4064/3597/3915 4081/3605/3921
f 4052/3602/3918 4071/3606/3922 4082/3608/3924
f 4082/3608/3924 4079/3604/3920 4052/3602/3918
f 4056/3609/3925 4090/3584/3902 4091/3583/3901
f 4073/3610/3926 4050/3611/3927 4062/3612/3928
f 4065/3613/3929 4073/3610/3926 4086/3614/3930
f 4048/3615/3931 4055/3616/3932 4056/3609/3925
f 4048/3615/3931 4045/3617/3933 4046/3618/3934
f 4045/3617/3933 4094/3594/3912 4046/3618/3934
f 4046/3618/3934 4095/3592/3910 4055/3616/3932
f 4055/3616/3932 4096/3590/3908 4090/3584/3902
f 4097/3619/3935 4090/3584/3902 4096/3590/3908
f 4060/3582/3900 4098/3577/3895 4047/3578/3896
f 4058/3620/3936 4098/3577/3895 4099/3576/3894
f 4088/3621/3937 4066/3593/3911 4075/3622/3938
f 4071/3606/3922 4089/3591/3909 4088/3621/3937
f 4072/3598/3916 4087/3623/3939 4086/3614/3930
f 4076/3624/3940 4086/3614/3930 4087/3623/3939
f 4087/3623/3939 4075/3622/3938 4076/3624/3940
f 4088/3621/3937 4064/3597/3915 4071/3606/3922
f 4148/3625/3941 4101/3626/3942 4147/3627/3943
f 4115/3628/3944 4105/3629/3945 4107/3630/3946
f 4147/3627/3943 4117/3631/3947 4146/3632/3948
f 4107/3630/3946 4118/3633/3949 4119/3634/3950
f 4140/3635/3951 4118/3633/3949 4139/3636/3952
f 4131/3637/3953 4084/3586/3904 4130/3638/3954
f 4085/3589/3907 4130/3638/3954 4084/3586/3904
f 4145/3639/3955 4117/3631/3947 4138/3640/3956
f 4144/3641/3957 4138/3640/3956 4122/3642/3958
f 4085/3589/3907 4120/3643/3959 4134/3644/3960
f 4133/3645/3961 4130/3646/3954 4132/3647/3962
f 4110/3648/3963 4111/3649/3964 4126/3650/3965
f 4132/3647/3962 4134/3644/3960 4135/3651/3966
f 4127/3652/3967 4101/3626/3942 4110/3648/3963
f 4132/3647/3962 4126/3650/3965 4133/3645/3961
f 4120/3643/3959 4135/3651/3966 4134/3644/3960
f 4110/3648/3963 4135/3651/3966 4127/3652/3967
f 4135/3651/3966 4110/3648/3963 4132/3647/3962
f 4114/3653/3968 4139/3636/3952 4113/3654/3969
f 4121/3655/3970 4086/3614/3930 4073/3610/3926
f 4106/3656/3971 4113/3654/3969 4104/3657/3972
f 4103/3658/3973 4106/3656/3971 4104/3657/3972
f 4103/3658/3973 4143/3659/3974 4142/3660/3975
f 4144/3641/3957 4104/3657/3972 4113/3654/3969
f 4145/3639/3955 4113/3654/3969 4139/3636/3952
f 4139/3636/3952 4146/3632/3948 4145/3639/3955
f 4147/3627/3943 4118/3633/3949 4105/3629/3945
f 4116/3661/3976 4147/3627/3943 4105/3629/3945
f 4137/3662/3977 4122/3642/3958 4138/3640/3956
f 4138/3640/3956 4127/3652/3967 4137/3662/3977
f 4072/3598/3916 4136/3663/3978 4120/3643/3959
f 4129/3664/3979 4086/3614/3930 4121/3655/3970
f 4136/3663/3978 4128/3665/3980 4137/3662/3977
f 4137/3662/3977 4120/3643/3959 4136/3663/3978
f 4143/3659/3974 4122/3642/3958 4100/3666/3981
f 4142/3660/3975 4100/3666/3981 4102/3667/3982
f 4102/3667/3982 4125/3668/3983 4112/3669/3984
f 4109/3670/3985 4141/3671/3986 4123/3672/3987
f 4074/3673/3988 4109/3670/3985 4123/3672/3987
f 4073/3610/3926 4108/3674/3989 4121/3655/3970
f 4108/3674/3989 4141/3671/3986 4124/3675/3990
f 4062/3612/3928 4123/3672/3987 4108/3674/3989
f 4128/3665/3980 4100/3666/3981 4122/3642/3958
f 4121/3655/3970 4124/3675/3990 4129/3664/3979
f 4125/3668/3983 4129/3664/3979 4124/3675/3990
f 4112/3669/3984 4124/3675/3990 4141/3671/3986
f 4044/3676/3991 4069/3677/3992 4042/3596/3914
f 4074/3673/3988 4051/3678/3993 4063/3679/1
f 4051/3678/3993 4092/3680/3994 4054/3681/3995
f 4050/3611/3927 4092/3680/3994 4067/3682/3996
f 4062/3612/3928 4067/3682/3996 4074/3673/3988
f 4068/3683/3997 4054/3681/3995 4092/3680/3994
f 4075/3622/3938 4042/3596/3914 4069/3677/3992
f 4065/3613/3929 4068/3683/3997 4050/3611/3927
f 4069/3677/3992 4076/3624/3940 4075/3622/3938
f 4155/3684/3998 4163/3685/3999 4162/3686/4000
f 4160/3687/4001 4149/3688/4002 4154/3689/4003
f 4161/3690/4004 4162/3686/4000 4163/3685/3999
f 4153/3691/4005 4154/3689/4003 4149/3688/4002
f 4164/3692/4006 4157/3693/4007 4156/3694/4008
f 4153/3691/4005 4164/3692/4006 4156/3694/4008
f 4158/3695/4009 4164/3692/4006 4165/3696/4010
f 4152/3697/4011 4165/3696/4010 4164/3692/4006
f 4171/3698/4012 4152/3697/4011 4153/3691/4005
f 4170/3699/4013 4159/3700/4014 4152/3697/4011
f 4173/3701/4015 4153/3691/4005 4149/3688/4002
f 4174/3702/2746 4163/3685/3999 4150/3703/4016
f 4176/3704/4017 4149/3688/4002 4161/3690/4004
f 4175/3705/4018 4161/3690/4004 4163/3685/3999
f 3762/3706/4019 3763/3707/4020 4158/3695/4009
f 4168/3708/4021 3775/3709/4022 3762/3706/4019
f 4178/3710/4023 3775/3709/4024 4168/3708/4021
f 4167/3711/4025 4178/3710/4023 4151/3712/4026
f 4165/3696/4010 4169/3713/4027 4168/3708/4021
f 3762/3706/4019 4165/3696/4010 4168/3708/4021
f 4172/3714/4028 4169/3713/4027 4159/3700/4014
f 4177/3715/4029 4151/3712/4026 4169/3713/4027
f 4168/3708/4021 4151/3712/4026 4178/3710/4023
f 4155/3684/3998 4192/3716/4030 4150/3703/4016
f 4189/3717/4031 4179/3718/4032 4190/3719/4033
f 4190/3719/4033 4191/3720/4034 4189/3717/4031
f 4182/3721/4035 4183/3722/4036 4185/3723/4037
f 4194/3724/4038 4185/3723/4037 4186/3725/4039
f 4194/3724/4038 4182/3721/4035 4185/3723/4037
f 4187/3726/4040 4194/3724/4038 4186/3725/4039
f 4181/3727/4041 4195/3728/4042 4188/3729/4043
f 4181/3727/4041 4202/3730/4044 4182/3721/4035
f 4188/3729/4043 4201/3731/4045 4181/3727/4041
f 4182/3721/4035 4204/3732/4046 4179/3718/4032
f 4192/3716/4030 4174/3702/2746 4150/3703/4016
f 4179/3718/4032 4206/3733/4047 4190/3719/4033
f 4190/3719/4033 4205/3734/4048 4192/3716/4030
f 4193/3735/4049 4187/3726/4040 4184/3736/4050
f 4199/3737/4051 4193/3735/4049 4196/3738/4052
f 4208/3739/4053 4199/3737/4051 4196/3738/4052
f 4208/3739/4053 4198/3740/4054 4180/3741/4055
f 4200/3742/4056 4195/3728/4042 4199/3737/4051
f 4193/3735/4049 4195/3728/4042 4187/3726/4040
f 4203/3743/4057 4200/3742/4056 4207/3744/4058
f 4207/3744/4058 4180/3741/4055 4198/3740/4054
f 4180/3741/4055 4199/3737/4051 4208/3739/4053
f 4219/3388/4059 4235/3389/4060 4213/3410/4061
f 4236/3392/4062 4215/3391/4063 4217/3393/4064
f 4217/3393/4064 4235/3389/4060 4236/3392/4062
f 4211/3394/4065 4234/3390/4066 4219/3388/4059
f 4228/3396/3521 4212/3397/4067 4227/3414/3521
f 4230/3399/3521 4220/3398/4068 4228/3396/3521
f 4218/3401/4069 4230/3399/3521 4232/3402/4070
f 4224/3403/4071 4218/3401/4069 4232/3402/4070
f 4237/3406/4072 4223/3405/4073 4215/3391/4063
f 4217/3393/4064 4223/3407/4073 4231/3408/4074
f 4229/3409/3518 4217/3393/4064 4231/3408/4074
f 4219/3388/4059 4229/3409/3518 4226/3411/3518
f 4211/3394/4065 4226/3411/3518 4225/3412/3518
f 4234/3390/4066 4212/3397/4067 4220/3398/4068
f 4235/3389/4060 4220/3398/4068 4214/3400/4075
f 4218/3401/4069 4235/3389/4060 4214/3400/4075
f 4236/3392/4062 4216/3404/4076 4237/3406/4072
f 4237/3406/4072 4224/3413/4071 4238/3745/4077
f 4242/3415/4078 4227/3414/3521 4212/3397/4067
f 4240/3416/4079 4221/3417/4080 4209/3420/4081
f 4225/3412/3518 4240/3416/4079 4211/3394/4065
f 4241/3419/4082 4240/3416/4079 4209/3420/4081
f 4242/3415/4078 4222/3421/4083 4243/3746/4084
f 4241/3419/4082 4209/3420/4081 4210/3422/4085
f 4240/3416/4079 4233/3395/4086 4211/3394/4065
f 4233/3395/4086 4242/3415/4078 4212/3397/4067
f 4210/3422/4085 4242/3415/4078 4241/3419/4082
f 4247/3424/4087 4254/3423/4088 4246/3425/4089
f 4245/3426/4090 4246/3425/4089 4244/3427/4091
f 4244/3427/4091 4249/3428/4092 4245/3426/4090
f 4248/3429/4093 4246/3425/4089 4250/3430/4094
f 4249/3431/4092 4247/3424/4087 4245/3426/4090
f 4250/3430/4094 4254/3423/4088 4255/3432/4095
f 4251/3434/4096 4253/3433/4097 4247/3424/4087
f 4210/3422/4085 4252/3435/4098 4222/3421/4083
f 4253/3433/4097 4209/3420/4081 4254/3423/4088
f 4209/3420/4081 4255/3432/4095 4254/3423/4088
f 4256/3747/4099 4345/3748/4100 4344/3749/4101
f 4257/3750/4102 4346/3751/4103 4283/3752/4104
f 4316/3753/4105 4257/3750/4102 4283/3752/4104
f 4316/3753/4105 4305/3754/4106 4281/3755/4107
f 4336/3756/4108 4267/3757/4109 4264/3758/4110
f 4284/3759/4111 4268/3760/4112 4265/3761/4113
f 4307/3762/4114 4286/3763/4115 4284/3759/4111
f 4283/3752/4104 4286/3763/4115 4316/3753/4105
f 4316/3753/4105 4306/3764/4116 4324/3765/4117
f 4271/3766/4118 4264/3758/4110 4267/3757/4109
f 4304/3767/4119 4317/3768/4120 4288/3769/4121
f 4317/3768/4120 4256/3747/4099 4288/3769/4121
f 4278/3770/4122 4284/3759/4111 4265/3761/4113
f 4307/3762/4114 4317/3768/4120 4325/3771/4123
f 4256/3747/4099 4343/3772/4124 4288/3769/4121
f 4342/3773/4125 4288/3769/4121 4343/3772/4124
f 4339/3774/4126 4260/3775/4127 4340/3776/4128
f 4319/3777/4129 4308/3778/4130 4294/3779/4131
f 4291/3780/4132 4333/3781/4133 4319/3777/4129
f 4292/3782/4134 4315/3783/4135 4291/3780/4132
f 4313/3784/4136 4292/3782/4134 4285/3785/4137
f 4338/3786/4138 4258/3787/4139 4339/3788/4126
f 4262/3789/4140 4338/3786/4138 4337/3790/4141
f 4264/3758/4110 4337/3790/4141 4336/3756/4108
f 4272/3791/4142 4262/3789/4140 4264/3758/4110
f 4257/3750/4102 4348/3792/4143 4347/3793/4144
f 4281/3755/4107 4349/3794/4145 4348/3792/4143
f 4259/3795/4146 4353/3796/4147 4352/3797/4148
f 4263/3798/4149 4353/3796/4147 4287/3799/4150
f 4267/3757/4109 4334/3800/4151 4263/3798/4149
f 4274/3801/4152 4340/3776/4128 4260/3775/4127
f 4304/3767/4119 4341/3802/4153 4274/3801/4152
f 4276/3803/4154 4324/3765/4117 4306/3764/4116
f 4276/3803/4154 4307/3762/4114 4277/3804/4155
f 4279/3805/4156 4318/3806/4157 4327/3807/4158
f 4280/3808/4159 4320/3809/4160 4329/3810/4161
f 4312/3811/4162 4335/3812/4163 4313/3784/4136
f 4314/3813/4164 4335/3812/4163 4336/3756/4108
f 4315/3783/4135 4336/3756/4108 4337/3790/4141
f 4315/3783/4135 4338/3786/4138 4333/3781/4133
f 4333/3781/4133 4339/3788/4126 4308/3778/4130
f 4308/3814/4130 4340/3776/4128 4309/3815/4165
f 4309/3815/4165 4341/3802/4153 4310/3816/4166
f 4310/3816/4166 4342/3773/4125 4326/3817/4167
f 4326/3817/4167 4343/3772/4124 4327/3807/4158
f 4279/3805/4156 4343/3772/4124 4344/3749/4101
f 4328/3818/4168 4344/3749/4101 4345/3748/4100
f 4347/3793/4144 4329/3810/4161 4346/3751/4103
f 4280/3808/4159 4348/3792/4143 4330/3819/4169
f 4331/3820/4170 4348/3792/4143 4349/3794/4145
f 4301/3821/4171 4349/3794/4145 4350/3822/4172
f 4295/3823/4173 4350/3822/4172 4351/3824/4174
f 4311/3825/4175 4351/3824/4174 4352/3826/4148
f 4332/3827/4176 4352/3797/4148 4353/3796/4147
f 4312/3811/4162 4353/3796/4147 4334/3800/4151
f 4258/3787/4139 4289/3828/4177 4260/3775/4127
f 4293/3829/4178 4273/3830/4179 4258/3787/4139
f 4277/3804/4155 4289/3828/4177 4266/3831/4180
f 4303/3832/4181 4260/3775/4127 4289/3828/4177
f 4325/3771/4123 4277/3804/4155 4307/3762/4114
f 4325/3771/4123 4274/3801/4152 4303/3832/4181
f 4273/3830/4179 4266/3831/4180 4289/3828/4177
f 4272/3791/4142 4269/3833/4182 4266/3831/4180
f 4270/3834/4183 4269/3833/4182 4271/3766/4118
f 4263/3798/4149 4271/3766/4118 4267/3757/4109
f 4287/3799/4150 4270/3834/4183 4263/3798/4149
f 4259/3795/4146 4282/3835/4184 4270/3834/4183
f 4352/3826/4148 4261/3836/4185 4259/3795/4146
f 4351/3824/4174 4275/3837/4186 4261/3836/4185
f 4276/3803/4154 4282/3835/4184 4302/3838/4187
f 4302/3838/4187 4261/3836/4185 4275/3837/4186
f 4277/3804/4155 4269/3833/4182 4276/3803/4154
f 4350/3822/4172 4305/3754/4106 4275/3837/4186
f 4324/3765/4117 4275/3837/4186 4305/3754/4106
f 4294/3839/4131 4309/3815/4165 4290/3840/4188
f 4356/3841/4189 4294/3842/4131 4355/3843/4190
f 4357/3844/4191 4319/3777/4129 4356/3841/4189
f 4311/3845/4175 4321/3846/4192 4298/3847/4193
f 4332/3827/4176 4296/3848/4194 4321/3846/4192
f 4285/3785/4137 4312/3811/4162 4313/3784/4136
f 4357/3844/4191 4292/3782/4134 4291/3780/4132
f 4358/3849/4195 4285/3785/4137 4292/3782/4134
f 4285/3785/4137 4361/3850/4196 4296/3848/4194
f 4364/3851/4197 4298/3852/4193 4321/3846/4192
f 4361/3850/4196 4321/3846/4192 4296/3848/4194
f 4295/3823/4173 4298/3853/4193 4297/3854/4198
f 4322/3855/4199 4327/3807/4158 4318/3806/4157
f 4290/3840/4188 4310/3816/4166 4299/3856/4200
f 4299/3856/4200 4326/3817/4167 4322/3855/4199
f 4323/3857/4201 4330/3819/4169 4331/3820/4170
f 4300/3858/4202 4331/3820/4170 4301/3821/4171
f 4301/3821/4171 4297/3854/4198 4300/3858/4202
f 4320/3859/4160 4360/3860/4203 4329/3861/4161
f 4360/3860/4203 4371/3862/4204 4329/3861/4161
f 4355/3843/4190 4290/3863/4188 4354/3864/4205
f 4376/3865/4206 4355/3843/4190 4354/3864/4205
f 4361/3850/4196 4376/3865/4206 4364/3851/4197
f 4376/3865/4206 4359/3866/4207 4358/3849/4195
f 4376/3865/4206 4357/3844/4191 4356/3841/4189
f 4363/3867/4208 4297/3868/4198 4298/3852/4193
f 4363/3867/4208 4376/3865/4206 4362/3869/4209
f 4354/3864/4205 4299/3870/4200 4365/3871/4210
f 4362/3869/4209 4300/3872/4202 4297/3868/4198
f 4354/3864/4205 4378/3873/4211 4376/3865/4206
f 4369/3874/4212 4320/3859/4160 4323/3875/4201
f 4366/3876/4213 4323/3875/4201 4300/3872/4202
f 4328/3877/4168 4368/3878/4214 4318/3879/4157
f 4372/3880/4215 4368/3878/4214 4328/3877/4168
f 4370/3881/4216 4375/3882/4217 4371/3862/4204
f 4375/3882/4217 4373/3883/4218 4372/3880/4215
f 4318/3879/4157 4367/3884/4219 4322/3885/4199
f 4322/3885/4199 4365/3871/4210 4299/3870/4200
f 4365/3871/4210 4377/3886/4220 4378/3873/4211
f 4360/3860/4203 4369/3874/4212 4377/3886/4220
f 4377/3886/4220 4367/3884/4219 4368/3878/4214
f 4377/3886/4220 4373/3883/4218 4374/3887/4221
f 4370/3881/4216 4377/3886/4220 4374/3887/4221
f 4366/3876/4213 4376/3865/4206 4378/3873/4211
f 4369/3874/4212 4378/3873/4211 4377/3886/4220
f 4423/3888/4222 4379/3889/4223 4424/3890/4224
f 4437/3891/4225 4452/3892/4226 4438/3893/4227
f 4381/3894/4228 4452/3892/4226 4426/3895/4229
f 4453/3896/4230 4382/3897/4231 4401/3898/4232
f 4428/3899/4233 4401/3898/4232 4382/3897/4231
f 4428/3899/4233 4455/3900/4234 4454/3901/4235
f 4435/3902/4236 4429/3903/4237 4430/3904/4238
f 4461/3905/4239 4430/3904/4238 4456/3906/4240
f 4430/3904/4238 4462/3907/4241 4456/3906/4240
f 4399/3908/4242 4431/3909/4243 4379/3889/4223
f 4429/3903/4237 4433/3910/4244 4432/3911/4245
f 4433/3910/4244 4380/3912/4246 4384/3913/4247
f 4435/3902/4236 4380/3912/4246 4434/3914/4248
f 4461/3905/4239 4383/3915/4249 4435/3902/4236
f 4429/3903/4237 4436/3916/4250 4437/3891/4225
f 4429/3903/4237 4438/3893/4227 4430/3904/4238
f 4411/3917/4251 4394/3918/4252 4386/3919/4253
f 4388/3920/4254 4439/3921/4255 4387/3922/4256
f 4450/3923/4257 4387/3922/4256 4439/3921/4255
f 4391/3924/4258 4440/3925/4259 4385/3926/4260
f 4415/3927/4261 4397/3928/4262 4416/3929/4263
f 4416/3929/4263 4397/3928/4262 4440/3930/4259
f 4440/3925/4259 4397/3931/4262 4385/3926/4260
f 4451/3932/4264 4397/3931/4262 4441/3933/4265
f 4442/3934/4266 4451/3932/4264 4441/3933/4265
f 4449/3935/4267 4396/3936/4268 4386/3919/4253
f 4448/3937/4269 4389/3938/4270 4443/3939/4271
f 4432/3911/4245 4448/3937/4269 4443/3940/4271
f 4379/3889/4223 4425/3941/4272 4424/3890/4224
f 4381/3894/4228 4444/3942/4273 4390/3943/4274
f 4439/3944/4255 4390/3943/4274 4444/3942/4273
f 4436/3916/4250 4439/3944/4255 4444/3942/4273
f 4437/3891/4225 4444/3942/4273 4426/3895/4229
f 4382/3897/4231 4445/3945/4275 4391/3924/4258
f 4428/3899/4233 4391/3924/4258 4446/3946/4276
f 4447/3947/4277 4428/3899/4233 4446/3946/4276
f 4431/3909/4243 4394/3918/4252 4379/3889/4223
f 4447/3947/4277 4386/3919/4253 4394/3918/4252
f 4392/3948/4278 4448/3937/4269 4393/3949/4279
f 4384/3913/4247 4448/3937/4269 4433/3910/4244
f 4443/3939/4271 4395/3950/4280 4450/3923/4257
f 4432/3911/4245 4450/3951/4257 4436/3916/4250
f 4449/3935/4267 4446/3946/4276 4451/3932/4264
f 4446/3946/4276 4385/3926/4260 4451/3932/4264
f 4396/3936/4268 4411/3917/4251 4386/3919/4253
f 4396/3936/4268 4413/3952/4281 4412/3953/4282
f 4441/3954/4265 4413/3952/4281 4442/3934/4266
f 4397/3928/4262 4414/3955/4283 4441/3954/4265
f 4418/3956/4284 4417/3957/4285 4410/3958/4286
f 4417/3957/4285 4458/3959/4287 4410/3958/4286
f 4410/3960/4286 4458/3961/4287 4405/3962/4288
f 4410/3958/4286 4419/3963/4289 4418/3956/4284
f 4422/3964/4290 4399/3908/4242 4423/3888/4222
f 4458/3961/4287 4401/3898/4232 4405/3962/4288
f 4454/3901/4235 4405/3962/4288 4401/3898/4232
f 4454/3901/4235 4460/3965/4291 4459/3966/4292
f 4420/3967/4293 4409/3968/4294 4421/3969/4295
f 4422/3964/4290 4409/3968/4294 4407/3970/4296
f 4402/3971/4297 4461/3905/4239 4456/3972/4240
f 4456/3972/4240 4408/3973/4298 4402/3971/4297
f 4398/3974/4299 4457/3975/4300 4404/3976/4301
f 4400/3977/4302 4457/3978/4300 4452/3892/4226
f 4457/3978/4300 4438/3893/4227 4452/3892/4226
f 4398/3974/4299 4462/3979/4241 4457/3975/4300
f 4459/3966/4292 4410/3960/4286 4405/3962/4288
f 4459/3966/4292 4463/3980/4303 4464/3981/4304
f 4409/3968/4294 4460/3965/4291 4407/3970/4296
f 4455/3900/4234 4407/3970/4296 4460/3965/4291
f 4403/3982/4305 4461/3905/4239 4406/3983/4306
f 4420/3967/4293 4464/3984/4304 4463/3980/4303
f 4413/3952/4281 4392/3948/4278 4412/3953/4282
f 4414/3955/4283 4389/3938/4270 4413/3952/4281
f 4415/3927/4261 4395/3950/4280 4414/3955/4283
f 4418/3956/4284 4408/3973/4298 4398/3974/4299
f 4419/3963/4289 4402/3971/4297 4408/3973/4298
f 4420/3967/4293 4406/3983/4306 4402/3971/4297
f 4424/3890/4224 4384/3913/4247 4380/3912/4246
f 4425/3941/4272 4393/3949/4279 4384/3913/4247
f 4411/3917/4251 4392/3948/4278 4393/3949/4279
f 4387/3922/4256 4416/3929/4263 4388/3920/4254
f 4417/3957/4285 4398/3974/4299 4404/3976/4301
f 4406/3983/4306 4422/3964/4290 4403/3982/4305
f 4403/3982/4305 4423/3888/4222 4383/3915/4249
f 4383/3915/4249 4424/3890/4224 4380/3912/4246
f 4465/3747/4307 4554/3748/4308 4487/3770/4309
f 4466/3750/4310 4555/3751/4311 4556/3793/4312
f 4466/3750/4310 4525/3753/4313 4492/3752/4314
f 4525/3753/4313 4514/3754/4315 4533/3765/4316
f 4476/3757/4317 4545/3756/4318 4473/3758/4319
f 4477/3760/4320 4493/3759/4321 4474/3761/4322
f 4495/3763/4323 4516/3762/4324 4493/3759/4321
f 4495/3763/4323 4492/3752/4314 4525/3753/4313
f 4515/3764/4325 4525/3753/4313 4533/3765/4316
f 4473/3758/4319 4480/3766/4326 4476/3757/4317
f 4513/3767/4327 4526/3768/4328 4534/3771/4329
f 4465/3747/4307 4526/3768/4328 4497/3769/4330
f 4493/3759/4321 4487/3770/4309 4474/3761/4322
f 4526/3768/4328 4516/3762/4324 4534/3771/4329
f 4465/3747/4307 4552/3772/4331 4553/3749/4332
f 4497/3769/4330 4551/3773/4333 4552/3772/4331
f 4548/3774/4334 4469/3775/4335 4467/3787/4336
f 4528/3777/4337 4517/3778/4338 4542/3781/4339
f 4500/3780/4340 4542/3781/4339 4524/3783/4341
f 4501/3782/4342 4524/3783/4341 4523/3813/4343
f 4501/3782/4342 4522/3784/4344 4494/3785/4345
f 4467/3787/4336 4547/3786/4346 4548/3788/4334
f 4547/3786/4346 4471/3789/4347 4546/3790/4348
f 4473/3758/4319 4546/3790/4348 4471/3789/4347
f 4481/3791/4349 4471/3789/4347 4482/3830/4350
f 4466/3750/4310 4557/3792/4351 4490/3755/4352
f 4490/3755/4352 4558/3794/4353 4514/3754/4315
f 4468/3795/4354 4562/3796/4355 4496/3799/4356
f 4472/3798/4357 4562/3796/4355 4543/3800/4358
f 4543/3800/4358 4476/3757/4317 4472/3798/4357
f 4483/3801/4359 4549/3776/4360 4550/3802/4361
f 4550/3802/4361 4513/3767/4327 4483/3801/4359
f 4485/3803/4362 4533/3765/4316 4511/3838/4363
f 4485/3803/4362 4516/3762/4324 4515/3764/4325
f 4488/3805/4364 4527/3806/4365 4537/3818/4366
f 4489/3808/4367 4529/3809/4368 4539/3819/4369
f 4544/3812/4370 4521/3811/4371 4522/3784/4344
f 4523/3813/4343 4544/3812/4370 4522/3784/4344
f 4524/3783/4341 4545/3756/4318 4523/3813/4343
f 4547/3786/4346 4524/3783/4341 4542/3781/4339
f 4548/3788/4334 4542/3781/4339 4517/3778/4338
f 4549/3776/4360 4517/3814/4338 4518/3815/4372
f 4550/3802/4361 4518/3815/4372 4519/3816/4373
f 4551/3773/4333 4519/3816/4373 4535/3817/4374
f 4552/3772/4331 4535/3817/4374 4536/3807/4375
f 4552/3772/4331 4488/3805/4364 4553/3749/4332
f 4537/3818/4366 4553/3749/4332 4488/3805/4364
f 4556/3793/4312 4538/3810/4376 4489/3808/4367
f 4557/3792/4351 4489/3808/4367 4539/3819/4369
f 4540/3820/4377 4557/3792/4351 4539/3819/4369
f 4558/3794/4353 4510/3821/4378 4559/3822/4379
f 4559/3822/4379 4504/3823/4380 4560/3824/4381
f 4520/3825/4382 4560/3824/4381 4504/3823/4380
f 4541/3827/4383 4561/3797/4384 4520/3845/4382
f 4521/3811/4371 4562/3796/4355 4541/3827/4383
f 4467/3787/4336 4498/3828/4385 4482/3830/4350
f 4502/3829/4386 4482/3830/4350 4471/3789/4347
f 4486/3804/4387 4498/3828/4385 4512/3832/4388
f 4469/3775/4335 4512/3832/4388 4498/3828/4385
f 4534/3771/4329 4486/3804/4387 4512/3832/4388
f 4483/3801/4359 4534/3771/4329 4512/3832/4388
f 4482/3830/4350 4475/3831/4389 4481/3791/4349
f 4481/3791/4349 4478/3833/4390 4480/3766/4326
f 4479/3834/4391 4478/3833/4390 4491/3835/4392
f 4472/3798/4357 4480/3766/4326 4479/3834/4391
f 4479/3834/4391 4496/3799/4356 4472/3798/4357
f 4491/3835/4392 4468/3795/4354 4479/3834/4391
f 4470/3836/4393 4561/3826/4384 4468/3795/4354
f 4484/3837/4394 4560/3824/4381 4470/3836/4393
f 4485/3803/4362 4491/3835/4392 4478/3833/4390
f 4470/3836/4393 4511/3838/4363 4484/3837/4394
f 4478/3833/4390 4486/3804/4387 4485/3803/4362
f 4559/3822/4379 4514/3754/4315 4558/3794/4353
f 4484/3837/4394 4533/3765/4316 4514/3754/4315
f 4503/3839/4395 4518/3815/4372 4517/3814/4338
f 4503/3842/4395 4565/3841/4396 4564/3843/4397
f 4528/3777/4337 4566/3844/4398 4565/3841/4396
f 4530/3846/4399 4520/3845/4382 4507/3847/4400
f 4505/3848/4401 4541/3827/4383 4530/3846/4399
f 4494/3785/4345 4521/3811/4371 4505/3848/4401
f 4566/3844/4398 4501/3782/4342 4567/3849/4402
f 4494/3785/4345 4567/3849/4402 4501/3782/4342
f 4494/3785/4345 4570/3850/4403 4568/3866/4404
f 4507/3852/4400 4573/3851/4405 4530/3846/4399
f 4530/3846/4399 4570/3850/4403 4505/3848/4401
f 4504/3823/4380 4507/3853/4400 4520/3825/4382
f 4531/3855/4406 4536/3807/4375 4535/3817/4374
f 4519/3816/4373 4499/3840/4407 4508/3856/4408
f 4508/3856/4408 4535/3817/4374 4519/3816/4373
f 4532/3857/4409 4539/3819/4369 4529/3809/4368
f 4509/3858/4410 4540/3820/4377 4532/3857/4409
f 4506/3854/4411 4510/3821/4378 4509/3858/4410
f 4529/3859/4368 4538/3861/4376 4569/3860/4412
f 4569/3860/4412 4580/3862/4413 4579/3881/4414
f 4499/3863/4407 4564/3843/4397 4563/3864/4415
f 4585/3865/4416 4564/3843/4397 4565/3841/4396
f 4570/3850/4403 4585/3865/4416 4568/3866/4404
f 4585/3865/4416 4567/3849/4402 4568/3866/4404
f 4585/3865/4416 4566/3844/4398 4567/3849/4402
f 4506/3868/4411 4572/3867/4417 4507/3852/4400
f 4572/3867/4417 4585/3865/4416 4573/3851/4405
f 4508/3870/4408 4563/3864/4415 4574/3871/4418
f 4509/3872/4410 4571/3869/4419 4506/3868/4411
f 4587/3873/4420 4563/3864/4415 4585/3865/4416
f 4578/3874/4421 4529/3859/4368 4569/3860/4412
f 4575/3876/4422 4532/3875/4409 4578/3874/4421
f 4537/3877/4366 4527/3879/4365 4577/3878/4423
f 4581/3880/4424 4577/3878/4423 4582/3883/4425
f 4579/3881/4414 4584/3882/4217 4583/3887/4426
f 4584/3882/4217 4582/3883/4425 4583/3887/4426
f 4527/3879/4365 4576/3884/4427 4577/3878/4423
f 4531/3885/4406 4574/3871/4418 4576/3884/4427
f 4586/3886/4428 4574/3871/4418 4587/3873/4420
f 4569/3860/4412 4586/3886/4428 4578/3874/4421
f 4586/3886/4428 4577/3878/4423 4576/3884/4427
f 4582/3883/4425 4586/3886/4428 4583/3887/4426
f 4586/3886/4428 4579/3881/4414 4583/3887/4426
f 4585/3865/4416 4575/3876/4422 4587/3873/4420
f 4587/3873/4420 4578/3874/4421 4586/3886/4428
f 4588/3889/4429 4632/3888/4430 4633/3890/4431
f 4661/3892/4432 4646/3891/4433 4647/3893/4434
f 4590/3894/4435 4661/3892/4432 4609/3977/4436
f 4591/3897/4437 4662/3896/4438 4610/3898/4439
f 4637/3899/4440 4610/3898/4439 4663/3901/4441
f 4637/3899/4440 4664/3900/4442 4640/3909/4443
f 4638/3903/4444 4644/3902/4445 4639/3904/4446
f 4639/3904/4446 4670/3905/4447 4665/3906/4448
f 4639/3904/4446 4671/3907/4449 4647/3893/4434
f 4640/3909/4443 4608/3908/4450 4588/3889/4429
f 4638/3903/4444 4642/3910/4451 4643/3914/4452
f 4642/3910/4451 4589/3912/4453 4643/3914/4452
f 4589/3912/4453 4644/3902/4445 4643/3914/4452
f 4592/3915/4454 4670/3905/4447 4644/3902/4445
f 4638/3903/4444 4645/3916/4455 4641/3911/4456
f 4647/3893/4434 4638/3903/4444 4639/3904/4446
f 4603/3918/4457 4620/3917/4458 4595/3919/4459
f 4597/3920/4460 4596/3922/4461 4648/3921/4462
f 4596/3922/4461 4659/3923/4463 4648/3921/4462
f 4600/3924/4464 4649/3925/4465 4654/3945/4466
f 4624/3927/4467 4625/3929/4468 4606/3928/4469
f 4625/3929/4468 4649/3930/4465 4606/3928/4469
f 4649/3925/4465 4594/3926/4470 4606/3931/4469
f 4606/3931/4469 4660/3932/4471 4650/3933/4472
f 4660/3932/4471 4651/3934/4473 4650/3933/4472
f 4605/3936/4474 4658/3935/4475 4595/3919/4459
f 4598/3938/4476 4657/3937/4477 4652/3939/4478
f 4641/3911/4456 4657/3937/4477 4642/3910/4451
f 4634/3941/4479 4588/3889/4429 4633/3890/4431
f 4590/3894/4435 4653/3942/4480 4635/3895/4481
f 4648/3944/4462 4599/3943/4482 4597/3985/4460
f 4645/3916/4455 4648/3944/4462 4659/3951/4463
f 4653/3942/4480 4646/3891/4433 4635/3895/4481
f 4591/3897/4437 4654/3945/4466 4636/3986/4483
f 4637/3899/4440 4600/3924/4464 4591/3897/4437
f 4637/3899/4440 4656/3947/4484 4655/3946/4485
f 4603/3918/4457 4640/3909/4443 4588/3889/4429
f 4656/3947/4484 4595/3919/4459 4658/3935/4475
f 4601/3948/4486 4602/3949/4487 4657/3937/4477
f 4657/3937/4477 4593/3913/4488 4642/3910/4451
f 4652/3939/4478 4604/3950/4489 4598/3938/4476
f 4641/3911/4456 4659/3951/4463 4652/3940/4478
f 4658/3935/4475 4655/3946/4485 4656/3947/4484
f 4655/3946/4485 4594/3926/4470 4600/3924/4464
f 4620/3917/4458 4605/3936/4474 4595/3919/4459
f 4605/3936/4474 4622/3952/4490 4651/3934/4473
f 4622/3952/4490 4650/3954/4472 4651/3934/4473
f 4623/3955/4491 4606/3928/4469 4650/3954/4472
f 4627/3956/4492 4619/3958/4493 4626/3957/4494
f 4626/3957/4494 4619/3958/4493 4667/3959/4495
f 4619/3960/4493 4614/3962/4496 4667/3961/4495
f 4619/3958/4493 4628/3963/4497 4673/3984/4498
f 4608/3908/4450 4631/3964/4499 4632/3888/4430
f 4610/3898/4439 4667/3961/4495 4614/3962/4496
f 4663/3901/4441 4614/3962/4496 4668/3966/4500
f 4663/3901/4441 4669/3965/4501 4664/3900/4442
f 4629/3967/4502 4618/3968/4503 4672/3980/4504
f 4631/3964/4499 4618/3968/4503 4630/3969/4505
f 4611/3971/4506 4670/3905/4447 4615/3983/4507
f 4665/3972/4448 4617/3973/4508 4671/3979/4449
f 4607/3974/4509 4613/3976/4510 4666/3975/4511
f 4666/3978/4511 4609/3977/4436 4661/3892/4432
f 4666/3978/4511 4647/3893/4434 4671/3907/4449
f 4607/3974/4509 4671/3979/4449 4617/3973/4508
f 4668/3966/4500 4619/3960/4493 4673/3981/4498
f 4668/3966/4500 4672/3980/4504 4669/3965/4501
f 4669/3965/4501 4618/3968/4503 4616/3970/4512
f 4664/3900/4442 4616/3970/4512 4608/3908/4450
f 4612/3982/4513 4615/3983/4507 4670/3905/4447
f 4629/3967/4502 4673/3984/4498 4628/3963/4497
f 4601/3948/4486 4622/3952/4490 4621/3953/4514
f 4598/3938/4476 4623/3955/4491 4622/3952/4490
f 4604/3950/4489 4624/3927/4467 4623/3955/4491
f 4627/3956/4492 4617/3973/4508 4628/3963/4497
f 4628/3963/4497 4611/3971/4506 4629/3967/4502
f 4629/3967/4502 4615/3983/4507 4630/3969/4505
f 4593/3913/4488 4633/3890/4431 4589/3912/4453
f 4602/3949/4487 4634/3941/4479 4593/3913/4488
f 4601/3948/4486 4620/3917/4458 4602/3949/4487
f 4596/3922/4461 4625/3929/4468 4624/3927/4467
f 4607/3974/4509 4626/3957/4494 4613/3976/4510
f 4615/3983/4507 4631/3964/4499 4630/3969/4505
f 4612/3982/4513 4632/3888/4430 4631/3964/4499
f 4592/3915/4454 4633/3890/4431 4632/3888/4430
f 4685/3987/4515 4675/3988/4516 4690/3989/4517
f 4686/3990/4518 4690/3989/4517 4691/3991/4519
f 4687/3992/4520 4691/3991/4519 4692/3993/4521
f 4687/3992/4520 4693/3994/4522 4688/3995/4523
f 4688/3995/4523 4693/3994/4522 4694/3996/4524
f 4694/3996/4524 4709/3997/4525 4688/3995/4523
f 4706/3998/4526 4695/3999/4527 4705/4000/4528
f 4695/3999/4527 4709/3997/4525 4710/4001/4529
f 4685/3987/4515 4676/4002/4530 4674/4003/4531
f 4686/3990/4518 4696/4004/4532 4685/3987/4515
f 4687/3992/4520 4697/4005/4533 4686/3990/4518
f 4677/4006/4534 4696/4004/4532 4711/4007/4535
f 4711/4007/4535 4697/4005/4533 4712/4008/4536
f 4712/4008/4536 4698/4009/4537 4713/4010/4538
f 4698/4009/4537 4688/3995/4523 4699/4011/4539
f 4699/4011/4539 4709/3997/4525 4708/4012/4540
f 4698/4009/4537 4714/4013/4541 4713/4010/4538
f 4699/4011/4539 4715/4014/4542 4714/4013/4541
f 4708/4012/4540 4717/4015/4543 4715/4014/4542
f 4708/4012/4540 4689/4016/4544 4700/4017/4545
f 4740/4018/4546 4729/4019/4547 4722/4020/4548
f 4724/4021/4549 4739/4022/4550 4738/4023/4551
f 4725/4024/4552 4729/4019/4547 4724/4021/4549
f 4722/4020/4548 4741/4025/4553 4740/4018/4546
f 4722/4020/4548 4732/4026/4554 4719/4027/4555
f 4745/4028/4556 4733/4029/4557 4744/4030/4558
f 4727/4031/4559 4733/4029/4557 4726/4032/4560
f 4733/4029/4557 4743/4033/4561 4744/4030/4558
f 4742/4034/4562 4678/4035/4563 4680/4036/4564
f 4742/4034/4562 4731/4037/4565 4723/4038/4566
f 4727/4031/4559 4732/4026/4554 4725/4024/4552
f 4735/4039/4567 4719/4027/4555 4732/4026/4554
f 4723/4038/4566 4730/4040/4568 4720/4041/4569
f 4719/4027/4555 4731/4037/4565 4722/4020/4548
f 4735/4039/4567 4726/4032/4560 4736/4042/4570
f 4736/4042/4570 4734/4043/4571 4720/4041/4569
f 4720/4041/4569 4735/4039/4567 4736/4042/4570
f 4746/4044/4572 4726/4032/4560 4745/4028/4556
f 4734/4043/4571 4746/4044/4572 4747/4045/4573
f 4679/4046/4574 4747/4045/4573 4681/4047/4575
f 4734/4043/4571 4682/4048/4576 4720/4041/4569
f 4682/4048/4576 4723/4038/4566 4720/4041/4569
f 4702/4049/4577 4705/4050/4528 4703/4051/4578
f 3771/3312/4579 4703/4051/4578 3770/3310/4580
f 4728/4052/4581 4725/4024/4552 4718/4053/4582
f 4721/4054/4583 4738/4023/4551 4737/4055/4584
f 4718/4053/4582 4724/4021/4549 4721/4054/4583
f 4743/4033/4561 4718/4053/4582 3775/3313/4585
f 4737/4055/4584 3774/3316/3673 4721/4054/4583
f 4718/4053/4582 3774/3316/3673 3775/3313/4585
f 4684/4056/4586 3773/3317/3674 3774/3316/3673
f 4675/3988/4516 4751/3987/4587 4756/3989/4588
f 4756/3989/4588 4752/3990/4589 4757/3991/4590
f 4757/3991/4590 4753/3992/4591 4758/3993/4592
f 4753/3992/4591 4759/3994/4593 4758/3993/4592
f 4754/3995/4594 4760/3996/4595 4759/3994/4593
f 4760/3996/4595 4775/3997/4596 4776/4001/4597
f 4761/3999/4598 4772/3998/4599 4771/4000/4600
f 4775/3997/4596 4761/3999/4598 4776/4001/4597
f 4751/3987/4587 4676/4002/4530 4762/4004/4601
f 4752/3990/4589 4762/4004/4601 4763/4005/4602
f 4753/3992/4591 4763/4005/4602 4764/4009/4603
f 4677/4006/4534 4762/4004/4601 4676/4002/4530
f 4777/4007/4604 4763/4005/4602 4762/4004/4601
f 4778/4008/4605 4764/4009/4603 4763/4005/4602
f 4764/4009/4603 4754/3995/4594 4753/3992/4591
f 4765/4011/4606 4775/3997/4596 4754/3995/4594
f 4780/4013/4607 4764/4009/4603 4779/4010/4608
f 4781/4014/4609 4765/4011/4606 4780/4013/4607
f 4772/3998/4599 4766/4017/4610 4773/4057/4611
f 4783/4015/4612 4773/4057/4611 4766/4017/4610
f 4783/4015/4612 4774/4012/4613 4781/4014/4609
f 4774/4012/4613 4755/4016/4614 4775/3997/4596
f 4795/4058/4615 4806/4059/4616 4788/4060/4617
f 4790/4061/4618 4805/4062/4619 4795/4058/4615
f 4791/4063/4620 4795/4058/4615 4798/4064/4621
f 4788/4060/4617 4807/4065/4622 4797/4066/4623
f 4788/4060/4617 4798/4064/4621 4795/4058/4615
f 4811/4067/4624 4799/4068/4625 4792/4069/4626
f 4793/4070/4627 4799/4068/4625 4794/4071/4628
f 4799/4068/4625 4809/4072/4629 4794/4071/4628
f 4808/4073/4630 4678/4074/4563 4789/4075/4631
f 4808/4073/4630 4797/4066/4623 4807/4065/4622
f 4793/4070/4627 4798/4064/4621 4801/4076/4632
f 4801/4076/4632 4785/4077/4633 4796/4078/4634
f 4789/4075/4631 4796/4078/4634 4797/4066/4623
f 4785/4077/4633 4797/4066/4623 4796/4078/4634
f 4801/4076/4632 4792/4069/4626 4793/4070/4627
f 4802/4079/4635 4786/4080/4636 4800/4081/4637
f 4786/4080/4636 4801/4076/4632 4796/4078/4634
f 4812/4082/4638 4792/4069/4626 4802/4079/4635
f 4800/4081/4637 4812/4082/4638 4802/4079/4635
f 4679/4083/4574 4813/4084/4639 4800/4081/4637
f 4682/4085/4576 4800/4081/4637 4786/4080/4636
f 4682/4085/4576 4789/4075/4631 4678/4074/4563
f 4768/4086/4640 4771/4087/4600 4772/4088/4599
f 4816/4089/4641 4769/4090/4642 4768/4086/4640
f 4794/4071/4628 4791/4063/4620 4793/4070/4627
f 4787/4091/4643 4804/4092/4644 4790/4061/4618
f 4784/4093/4645 4790/4061/4618 4791/4063/4620
f 4809/4072/4629 4784/4093/4645 4794/4071/4628
f 4818/4094/4646 4803/4095/4647 4787/4091/4643
f 4818/4094/4646 4784/4093/4645 4196/4096/4648
f 4750/4097/4649 4819/4098/4650 4814/4099/4651
f 4825/4100/4652 4193/4101/4653 4184/4102/4654
f 4826/4103/4655 4822/4104/4656 4823/4105/4657
f 4823/4105/4657 4815/4106/4658 4816/4089/4659
f 4826/4103/4655 4196/4096/4660 4193/4101/4653
f 4818/4094/4646 4827/4107/4661 4819/4098/4650
f 4827/4107/4661 4818/4094/4646 4196/4096/4660
f 3766/3315/3672 3771/3312/3669 3765/3311/3668
f 3777/3318/3675 3776/4108/4662 3766/3315/3672
f 3776/4108/4662 3772/4109/4663 3766/3315/3672
f 4706/3998/4526 4700/4017/4545 4689/4016/4544
f 4717/4015/4543 4707/4057/4664 4716/4110/4665
f 4702/4049/4577 4707/4111/4664 4706/4112/4526
f 4716/4113/4665 4701/4114/4666 4704/4115/4667
f 3772/4109/4668 4702/4049/4577 3771/3312/4579
f 3777/3318/3675 4683/4116/4669 3776/4108/4662
f 4704/4115/4667 3776/4108/4662 4683/4116/4669
f 3777/3318/3675 4748/4117/4670 4683/4116/4669
f 3772/4109/4668 4704/4115/4667 4701/4114/4666
f 4768/4086/4640 4773/4118/4611 4767/4119/4671
f 4782/4120/4672 4767/4119/4671 4773/4118/4611
f 4817/4121/4673 4768/4086/4640 4767/4119/4671
f 4821/4122/4674 4820/4123/4675 4749/4124/4676
f 4820/4123/4675 4770/4125/4677 4749/4124/4676
f 4814/4099/4651 4821/4122/4674 4749/4124/4676
f 4824/4126/4678 4816/4089/4659 4817/4121/4679
f 4824/4126/4678 4826/4103/4655 4823/4105/4657
f 4821/4122/4674 4824/4126/4678 4820/4123/4675
f 4820/4123/4675 4824/4126/4678 4817/4121/4679
f 4819/4098/4650 4824/4126/4678 4821/4122/4674
f 4770/4125/4677 4817/4121/4673 4767/4119/4671
f 3515/3009/3438 3516/3070/3498 3544/3010/3439
f 3519/3012/3441 3520/3016/3445 3540/3013/3442
f 3521/3015/3444 3539/3018/3447 3540/3013/3442
f 3522/3017/3446 3546/3019/3448 3539/3018/3447
f 3515/3009/3438 3545/3011/3440 3546/3019/3448
f 3532/3020/3449 3531/3025/3454 3529/3021/3450
f 3532/3020/3449 3528/3022/3451 3527/3023/3452
f 3532/3020/3449 3540/3013/3442 3539/3018/3447
f 3532/3020/3449 3533/3024/3453 3541/3014/3443
f 3546/3026/3448 3545/4206/3440 3631/3027/3455
f 3524/3029/3457 3556/3047/3475 3555/3030/3458
f 3526/3032/3460 3527/3023/3452 3559/3033/3461
f 3528/3022/3451 3560/3036/3464 3559/3033/3461
f 3528/3022/3451 3529/3021/3450 3561/3035/3463
f 3530/3037/3465 3562/3039/3467 3561/3035/3463
f 3622/3038/3466 3623/3054/3482 3562/3039/3467
f 3570/3040/3468 3569/3133/3544 3551/3041/3469
f 3554/3043/3471 3567/3150/3552 3570/3040/3468
f 3555/3030/3458 3556/3047/3475 3584/3044/3472
f 3557/3046/3474 3583/3049/3477 3584/3044/3472
f 3616/3048/3476 3617/3067/3495 3583/3049/3477
f 3559/3033/3461 3581/3052/3480 3582/3050/3478
f 3559/3033/3461 3560/3036/3464 3580/3051/3479
f 3561/3035/3463 3587/3053/3481 3580/3051/3479
f 3562/3039/3467 3586/3055/3483 3587/3053/3481
f 3623/3054/3482 3624/3068/3496 3586/3055/3483
f 3618/3060/3488 3574/3061/3489 3579/3058/3486
f 3625/3066/3494 3571/3056/3484 3579/3058/3486
f 3581/3052/3480 3580/3051/3479 3576/3063/3491
f 3582/3050/3478 3581/3052/3480 3575/3062/3490
f 3617/3067/3495 3618/3060/3488 3573/3059/3487
f 3584/3044/3472 3583/3049/3477 3573/3059/3487
f 3584/3044/3472 3572/3057/3485 3571/3056/3484
f 3624/3068/3496 3625/3066/3494 3578/3065/3493
f 3586/3055/3483 3578/3065/3493 3577/3064/3492
f 3587/3053/3481 3577/3064/3492 3576/3063/3491
f 3515/3009/3438 3588/3080/3507 3589/3069/3497
f 3517/3071/3499 3516/4207/3498 3589/3072/3497
f 3517/3071/3499 3590/3073/3500 3591/3074/3501
f 3519/3012/3441 3518/3075/3502 3591/3074/3501
f 3519/3012/3441 3592/3076/3503 3593/3077/3504
f 3521/3015/3444 3520/3016/3445 3593/3077/3504
f 3521/3015/3444 3594/3078/3505 3595/3079/3506
f 3515/3009/3438 3522/3017/3446 3595/3079/3506
f 3588/3080/3507 3596/3089/3515 3597/3081/3508
f 3590/3073/3500 3589/3072/3497 3597/3082/3508
f 3590/3073/3500 3598/3083/3509 3599/3084/3510
f 3591/3074/3501 3599/3084/3510 3600/3085/3511
f 3592/3076/3503 3600/3085/3511 3601/3086/3512
f 3594/3078/3505 3593/3077/3504 3601/3086/3512
f 3595/3079/3506 3594/3078/3505 3602/3087/3513
f 3588/3080/3507 3595/3079/3506 3603/3088/3514
f 3596/3089/3515 3604/3098/3522 3605/3090/3516
f 3598/3083/3509 3597/3082/3508 3605/3091/3516
f 3598/3083/3509 3606/3092/3517 3607/3093/3518
f 3600/3085/3511 3599/3084/3510 3607/3093/3518
f 3600/3085/3511 3608/3094/3519 3609/3095/3449
f 3602/3087/3513 3601/3086/3512 3609/3095/3449
f 3602/3087/3513 3610/3096/3520 3611/3097/3521
f 3603/3088/3514 3611/3097/3521 3604/3098/3522
f 3616/3048/3476 3558/3034/3462 3582/3050/3478
f 3617/3067/3495 3582/3050/3478 3574/3061/3489
f 3622/3038/3466 3523/3031/3459 3555/3030/3458
f 3623/3054/3482 3555/3030/3458 3585/3045/3473
f 3624/3068/3496 3585/3045/3473 3571/3056/3484
f 3544/3099/3439 3516/4207/3498 3517/3071/3499
f 3543/3100/3523 3517/3071/3499 3518/3075/3502
f 3518/3075/3502 3519/3012/3441 3541/3014/3443
f 3526/3102/3460 3534/3109/3528 3533/3024/3453
f 3525/3103/3525 3535/3129/3529 3614/3104/3526
f 3536/3106/3516 3535/3110/3529 3525/3107/3525
f 3541/3014/3443 3533/3024/3453 3534/3109/3528
f 3544/3099/3439 3543/3100/3523 3535/3110/3529
f 3626/3111/3530 3564/3115/3534 3565/3112/3531
f 3628/3114/3533 3563/3126/3543 3564/3115/3534
f 3613/3116/3535 3614/3104/3526 3629/3117/3536
f 3629/3117/3536 3627/3130/3532 3565/3119/3531
f 3524/3029/3457 3525/4208/3525 3557/3046/3474
f 3557/3046/3474 3525/4208/3525 3615/3120/3527
f 3564/3115/3534 3563/3126/3543 3549/3121/3538
f 3548/3123/3540 3565/3112/3531 3564/3115/3534
f 3565/3119/3531 3548/4209/3540 3550/3124/3541
f 3613/3116/3535 3566/3118/3537 3550/3124/3541
f 3563/3126/3543 3613/3116/3535 3612/3125/3542
f 3628/3114/3533 3614/3104/3526 3613/3116/3535
f 3526/3127/3460 3615/3105/3527 3614/3104/3526
f 3558/3034/3462 3616/3048/3476 3615/3120/3527
f 3627/3130/3532 3629/3117/3536 3535/3129/3529
f 3627/3113/3532 3543/4210/3523 3542/3132/3524
f 3626/3111/3530 3542/3132/3524 3534/3128/3528
f 3632/3028/3456 3631/3027/3455 3569/3133/3544
f 3523/3134/3459 3537/3141/3546 3536/3135/3516
f 3530/3137/3465 3538/3148/3547 3621/3138/3545
f 3531/3025/3454 3538/3142/3547 3530/3140/3465
f 3537/3141/3546 3545/3011/3440 3544/3010/3439
f 3538/3142/3547 3531/3025/3454 3539/3018/3447
f 3631/3143/3455 3545/4211/3440 3537/3144/3546
f 3633/3146/3549 3567/3150/3552 3620/3147/3550
f 3632/3028/3456 3633/3146/3549 3538/3148/3547
f 3619/3149/3551 3620/3147/3550 3567/3150/3552
f 3553/3151/3553 3551/4212/3469 3569/3152/3544
f 3553/3151/3553 3568/3153/3554 3620/3147/3550
f 3523/3154/3459 3622/3139/3466 3621/3138/3545
f 3569/3152/3544 3631/3143/3455 3630/3145/3548
f 3570/3040/3468 3567/3150/3552 3633/3146/3549
f 3620/3147/3550 3568/3153/3554 3630/3145/3548
f 3635/3155/3519 3634/3187/3579 3650/3156/3555
f 3636/3158/3557 3635/3155/3519 3651/3157/3556
f 3637/3160/3449 3636/3158/3557 3652/3159/3558
f 3637/3162/3449 3653/3192/3559 3654/3163/3560
f 3638/3164/3561 3654/3163/3560 3655/3165/3562
f 3639/3166/3520 3655/3165/3562 3656/3167/3563
f 3640/3168/3564 3656/3167/3563 3657/3169/3565
f 3642/3171/3566 3641/3170/3521 3657/3169/3565
f 3642/3171/3566 3658/3172/3567 3659/3173/3568
f 3643/3174/3569 3659/3173/3568 3660/3175/3570
f 3645/3177/3516 3644/3176/3571 3660/3175/3570
f 3646/3179/3573 3645/3177/3516 3661/3178/3572
f 3647/3181/3517 3646/3179/3573 3662/3180/3574
f 3648/3183/3576 3647/3181/3517 3663/3182/3575
f 3648/3183/3576 3664/3184/3577 3665/3185/3578
f 3649/3186/3518 3665/3185/3578 3650/3156/3555
f 3651/3157/3556 3650/3156/3555 3666/3188/3580
f 3651/3157/3556 3667/3189/3581 3668/3190/3582
f 3652/3159/3558 3668/3190/3582 3669/3191/3583
f 3653/3192/3559 3669/4213/3583 3670/3193/3584
f 3655/3165/3562 3654/3163/3560 3670/3193/3584
f 3656/3167/3563 3655/3165/3562 3671/3194/3585
f 3657/3169/3565 3656/3167/3563 3672/3195/3586
f 3658/3172/3567 3657/3169/3565 3673/3196/3587
f 3659/3173/3568 3658/3172/3567 3674/3197/3588
f 3660/3175/3570 3659/3173/3568 3675/3198/3589
f 3660/3175/3570 3676/3199/3590 3677/3200/3591
f 3661/3178/3572 3677/3200/3591 3678/3201/3592
f 3662/3180/3574 3678/3201/3592 3679/3202/3593
f 3663/3182/3575 3679/3202/3593 3680/3203/3594
f 3664/3184/3577 3680/3203/3594 3681/3204/3595
f 3650/3156/3555 3665/3185/3578 3681/3204/3595
f 3666/3188/3580 3682/3221/3611 3683/3205/3596
f 3667/3189/3581 3683/3205/3596 3684/3206/3597
f 3669/3191/3583 3668/3190/3582 3684/3206/3597
f 3670/3193/3584 3669/4213/3583 3685/3208/3598
f 3670/3193/3584 3686/3209/3599 3687/3210/3600
f 3672/3195/3586 3671/3194/3585 3687/3210/3600
f 3672/3195/3586 3688/3211/3601 3689/3212/3602
f 3674/3197/3588 3673/3196/3587 3689/3212/3602
f 3674/3197/3588 3690/3213/3603 3691/3214/3604
f 3675/3198/3589 3691/3214/3604 3692/3215/3605
f 3677/3200/3591 3676/3199/3590 3692/3215/3605
f 3678/3201/3592 3677/3200/3591 3693/3216/3606
f 3679/3202/3593 3678/3201/3592 3694/3217/3607
f 3680/3203/3594 3679/3202/3593 3695/3218/3608
f 3680/3203/3594 3696/3219/3609 3697/3220/3610
f 3681/3204/3595 3697/3220/3610 3682/3221/3611
f 3683/3205/3596 3682/3221/3611 3698/3222/3566
f 3684/3206/3597 3683/3205/3596 3699/3223/3522
f 3685/3207/3598 3684/3206/3597 3700/3224/3612
f 3686/3209/3599 3685/3208/3598 3701/3226/3516
f 3687/3210/3600 3686/3209/3599 3702/3227/3573
f 3688/3211/3601 3687/3210/3600 3703/3228/3517
f 3689/3212/3602 3688/3211/3601 3704/3229/3576
f 3690/3213/3603 3689/3212/3602 3705/3230/3518
f 3691/3214/3604 3690/3213/3603 3706/3231/3579
f 3691/3214/3604 3707/3232/3519 3708/3233/3613
f 3693/3216/3606 3692/3215/3605 3708/3233/3613
f 3693/3216/3606 3709/3234/3449 3710/3235/3614
f 3695/3218/3608 3694/3217/3607 3710/3235/3614
f 3695/3218/3608 3711/3236/3520 3712/3237/3564
f 3697/3220/3610 3696/3219/3609 3712/3237/3564
f 3682/3221/3611 3697/3220/3610 3713/3238/3521
f 3698/3222/3566 3714/3254/3630 3715/3239/3615
f 3699/3223/3522 3715/3239/3615 3716/3240/3616
f 3700/3224/3612 3716/3240/3616 3717/3241/3617
f 3701/3226/3516 3717/3259/3617 3718/3242/3618
f 3702/3227/3573 3718/3242/3618 3719/3243/3619
f 3703/3228/3517 3719/3243/3619 3720/3244/3620
f 3704/3229/3576 3720/3244/3620 3721/3245/3621
f 3706/3231/3579 3705/3230/3518 3721/3245/3621
f 3706/3231/3579 3722/3246/3622 3723/3247/3623
f 3707/3232/3519 3723/3247/3623 3724/3248/3624
f 3708/3233/3613 3724/3248/3624 3725/3249/3625
f 3710/3235/3614 3709/3234/3449 3725/3249/3625
f 3710/3235/3614 3726/3250/3626 3727/3251/3627
f 3711/3236/3520 3727/3251/3627 3728/3252/3628
f 3712/3237/3564 3728/3252/3628 3729/3253/3629
f 3713/3238/3521 3729/3253/3629 3714/3254/3630
f 3715/3239/3615 3714/3254/3630 3730/3255/3631
f 3716/3240/3616 3715/3239/3615 3731/3256/3632
f 3716/3240/3616 3732/3257/3633 3733/3258/3634
f 3717/3259/3617 3733/3275/3634 3734/3260/3635
f 3719/3243/3619 3718/3242/3618 3734/3260/3635
f 3720/3244/3620 3719/3243/3619 3735/3261/3636
f 3721/3245/3621 3720/3244/3620 3736/3262/3637
f 3721/3245/3621 3737/3263/3638 3738/3264/3639
f 3723/3247/3623 3722/3246/3622 3738/3264/3639
f 3724/3248/3624 3723/3247/3623 3739/3265/3640
f 3724/3248/3624 3740/3266/3641 3741/3267/3642
f 3725/3249/3625 3741/3267/3642 3742/3268/3643
f 3726/3250/3626 3742/3268/3643 3743/3269/3644
f 3727/3251/3627 3743/3269/3644 3744/3270/3645
f 3728/3252/3628 3744/3270/3645 3745/3271/3646
f 3729/3253/3629 3745/3271/3646 3730/3255/3631
f 3730/3255/3631 3746/3288/3662 3747/3272/3647
f 3731/3256/3632 3747/3272/3647 3748/3273/3648
f 3732/3257/3633 3748/3273/3648 3749/3274/3649
f 3733/3275/3634 3749/4214/3649 3750/3276/3650
f 3734/3260/3635 3750/3276/3650 3751/3277/3651
f 3736/3262/3637 3735/3261/3636 3751/3277/3651
f 3736/3262/3637 3752/3278/3652 3753/3279/3653
f 3738/3264/3639 3737/3263/3638 3753/3279/3653
f 3739/3265/3640 3738/3264/3639 3754/3280/3654
f 3739/3265/3640 3755/3281/3655 3756/3282/3656
f 3741/3267/3642 3740/3266/3641 3756/3282/3656
f 3742/3268/3643 3741/3267/3642 3757/3283/3657
f 3743/3269/3644 3742/3268/3643 3758/3284/3658
f 3744/3270/3645 3743/3269/3644 3759/3285/3659
f 3745/3271/3646 3744/3270/3645 3760/3286/3660
f 3730/3255/3631 3745/3271/3646 3761/3287/3661
f 3747/3289/3647 3746/3305/3662 3634/3187/3579
f 3748/3290/3648 3747/3289/3647 3635/3155/3519
f 3748/3290/3648 3636/3158/3557 3637/3160/3449
f 3749/3292/3649 3637/3162/3449 3638/3164/3561
f 3751/3294/3651 3750/3293/3650 3638/3164/3561
f 3752/3295/3652 3751/3294/3651 3639/3166/3520
f 3753/3296/3653 3752/3295/3652 3640/3168/3564
f 3753/3296/3653 3641/3170/3521 3642/3171/3566
f 3755/3298/3655 3754/3297/3654 3642/3171/3566
f 3756/3299/3656 3755/3298/3655 3643/3174/3569
f 3756/3299/3656 3644/3176/3571 3645/3177/3516
f 3758/3301/3658 3757/3300/3657 3645/3177/3516
f 3758/3301/3658 3646/3179/3573 3647/3181/3517
f 3760/3303/3660 3759/3302/3659 3647/3181/3517
f 3761/3304/3661 3760/3303/3660 3648/3183/3576
f 3746/3305/3662 3761/3304/3661 3649/3186/3518
f 3767/3306/3663 3763/4215/4723 3762/3307/3664
f 3768/3308/3665 3765/3311/3668 3764/3309/3666
f 3770/3310/3667 3764/3309/3666 3765/3311/3668
f 3768/3308/3665 3762/3307/3664 3775/3313/3670
f 3766/3315/3672 3765/3311/3668 3768/3308/3665
f 3766/3315/3672 3769/3314/3671 3773/3317/3674
f 3784/3319/3676 3783/3332/3689 3778/3320/3677
f 3792/3322/3679 3791/3335/3690 3786/3323/3680
f 3790/3325/3682 3793/4216/4724 3782/3326/3683
f 3780/3328/3685 3779/3331/3688 3788/3329/3686
f 3780/3328/3685 3781/3321/3678 3778/3320/3677
f 3784/3319/3676 3785/3327/3684 3782/3326/3683
f 3787/3330/3687 3788/3329/3686 3789/3333/3681
f 3792/3322/3679 3793/4216/4724 3790/3325/3682
f 3794/3320/3676 3799/3332/3678 3800/3319/3677
f 3802/3323/3692 3807/3335/3699 3808/3322/3693
f 3798/3326/3685 3809/4216/4725 3806/3325/3695
f 3804/3329/3696 3795/3331/3684 3796/3328/3697
f 3794/3320/3676 3797/3321/3691 3796/3328/3697
f 3798/3326/3685 3801/3327/3688 3800/3319/3677
f 3803/3330/3698 3802/3334/3692 3805/3333/3694
f 3806/3325/3695 3809/4216/4725 3808/3322/3693
f 3812/3337/1 3815/3336/1 3814/3340/1
f 3815/3336/1 3816/4217/1 3817/3342/1
f 3819/3343/3700 3821/3346/3703 3820/3344/3701
f 3821/3346/3703 3833/3351/3708 3830/3347/3704
f 3823/3348/3705 3825/4218/4726 3824/3349/3706
f 3819/3343/3700 3832/3357/3714 3833/3351/3708
f 3818/3345/3702 3820/3344/3701 3830/3347/3704
f 3827/3353/3710 3826/3356/3713 3822/3350/3707
f 3828/3354/3711 3825/4218/4726 3823/3348/3705
f 3829/3355/3712 3823/3348/3705 3822/3350/3707
f 3831/3352/3709 3830/3347/3704 3826/3356/3713
f 3832/3357/3714 3828/3354/3711 3829/3355/3712
f 3833/3351/3708 3829/3355/3712 3826/3356/3713
f 3835/3358/3715 3837/3361/3718 3836/3359/3716
f 3837/3361/3718 3849/3366/3723 3846/3362/3719
f 3839/3363/3720 3841/4219/4727 3840/3364/3721
f 3835/3358/3715 3848/3372/3729 3849/3366/3723
f 3834/3360/3717 3836/3359/3716 3846/3362/3719
f 3843/3368/3725 3842/3371/3728 3838/3365/3722
f 3844/3369/3726 3841/4219/4727 3839/3363/3720
f 3845/3370/3727 3839/3363/3720 3838/3365/3722
f 3847/3367/3724 3846/3362/3719 3842/3371/3728
f 3848/3372/3729 3844/3369/3726 3845/3370/3727
f 3849/3366/3723 3845/3370/3727 3842/3371/3728
f 3851/3373/3730 3853/3376/3733 3852/3374/3731
f 3853/3376/3733 3865/3381/3738 3862/3377/3734
f 3855/3378/3735 3857/4220/4728 3856/3379/3736
f 3851/3373/3730 3864/3387/3744 3865/3381/3738
f 3850/3375/3732 3852/3374/3731 3862/3377/3734
f 3859/3383/3740 3858/3386/3743 3854/3380/3737
f 3860/3384/3741 3857/4220/4728 3855/3378/3735
f 3858/3386/3743 3861/3385/3742 3855/3378/3735
f 3863/3382/3739 3862/3377/3734 3858/3386/3743
f 3864/3387/3744 3860/3384/3741 3861/3385/3742
f 3865/3381/3738 3861/3385/3742 3858/3386/3743
f 3876/3388/3745 3870/3410/3763 3892/3389/3746
f 3872/3391/3748 3894/3406/3761 3893/3392/3749
f 3892/3389/3746 3870/3410/3763 3874/3393/3750
f 3868/3394/3751 3876/3388/3745 3891/3390/3747
f 3885/3396/3518 3884/3414/3518 3869/3397/3753
f 3887/3399/3518 3885/3396/3518 3877/3398/3754
f 3887/3399/3518 3871/3400/3755 3875/3401/3756
f 3881/3403/3758 3889/3402/3757 3875/3401/3756
f 3880/3405/3760 3895/3745/4729 3894/3406/3761
f 3880/3407/3760 3872/3391/3748 3874/3393/3750
f 3886/3409/3521 3888/3408/3762 3874/3393/3750
f 3886/3409/3521 3870/3410/3763 3876/3388/3745
f 3883/3411/3521 3876/3388/3745 3868/3394/3751
f 3891/3390/3747 3877/3398/3754 3869/3397/3753
f 3892/3389/3746 3871/3400/3755 3877/3398/3754
f 3875/3401/3756 3871/3400/3755 3892/3389/3746
f 3873/3404/3759 3875/3401/3756 3893/3392/3749
f 3894/3406/3761 3895/3745/4729 3881/3413/3758
f 3884/3414/3518 3900/3746/4730 3899/3415/3764
f 3897/3416/3765 3866/3420/3769 3878/3417/3766
f 3897/3416/3765 3896/3418/3767 3882/3412/3521
f 3899/3415/3764 3900/3746/4730 3879/3421/3770
f 3890/3395/3752 3898/3419/3768 3897/3416/3765
f 3899/3415/3764 3898/3419/3768 3890/3395/3752
f 3911/3423/3772 3910/3433/3781 3904/3424/3773
f 3903/3425/3774 3904/3424/3773 3902/3426/3775
f 3906/3428/3777 3905/4221/3778 3901/3427/3776
f 3903/3425/3774 3901/3427/3776 3905/3429/3778
f 3904/3424/3773 3908/3434/3782 3906/3431/3777
f 3911/3423/3772 3903/3425/3774 3907/3430/3779
f 3910/3433/3781 3909/3435/3783 3908/3434/3782
f 3909/3435/3783 3910/3433/3781 3867/3422/3771
f 3866/3420/3769 3867/3422/3771 3910/3433/3781
f 3912/3432/3780 3878/3417/3766 3866/3420/3769
f 3935/3436/3784 3977/3455/3803 3976/3437/3785
f 3925/3438/3786 3976/3437/3785 3975/3439/3787
f 3924/3440/3788 3975/3439/3787 3974/3441/3789
f 3921/3442/3790 3974/3441/3789 3973/3443/3791
f 3918/3445/3793 3920/3444/3792 3973/3443/3791
f 3933/3447/3795 3918/3445/3793 3972/3446/3794
f 3926/3449/3797 3925/3438/3786 3924/3440/3788
f 3927/3450/3798 3924/3440/3788 3921/3442/3790
f 3932/3452/3800 3933/3447/3795 3971/3448/3796
f 3934/3454/3802 3978/3502/3844 3977/3455/3803
f 3943/3456/3804 3933/3447/3795 3932/3452/3800
f 3934/3454/3802 3935/3436/3784 3938/3458/3806
f 3945/3460/3808 3944/3506/3847 3955/3461/3809
f 3925/3438/3786 3926/3449/3797 3938/3458/3806
f 3942/3457/3805 3949/3477/3825 3952/3463/3811
f 3953/3465/3813 3944/3506/3847 3939/3459/3807
f 3926/3449/3797 3917/3471/3819 3936/3467/3815
f 3936/3467/3815 3937/3466/3814 3939/3459/3807
f 3923/3468/3816 3922/3451/3799 3921/3442/3790
f 3943/3456/3804 3919/3469/3817 3918/3445/3793
f 3919/3469/3817 3923/3468/3816 3920/3444/3792
f 3914/3470/3818 3915/3473/3821 3922/3451/3799
f 3917/3471/3819 3926/3449/3797 3927/3450/3798
f 3916/3472/3820 3927/3450/3798 3922/3451/3799
f 3919/3469/3817 3943/3456/3804 3941/3474/3822
f 3913/3475/3823 3914/3470/3818 3923/3468/3816
f 3942/3457/3805 3940/3464/3812 3941/3474/3822
f 3955/3461/3809 3944/3506/3847 3953/3465/3813
f 3955/3461/3809 3954/3476/3824 3952/3463/3811
f 3941/3474/3822 3940/3464/3812 3952/3463/3811
f 3953/3465/3813 3937/3466/3814 3936/3467/3815
f 3954/3476/3824 3936/3467/3815 3917/3471/3819
f 3913/3475/3823 3941/3474/3822 3954/3476/3824
f 3915/3473/3821 3914/3470/3818 3954/3476/3824
f 3964/3478/3826 3958/3492/3837 3956/3479/3827
f 3964/3481/3826 3965/4222/3828 3957/3482/3829
f 3947/3484/3831 3932/3452/3800 3970/3453/3801
f 3930/3490/3836 3948/3487/3833 3947/3486/3831
f 3955/3461/3809 3949/3477/3825 3948/3487/3833
f 3958/3492/3837 3960/3501/3843 3961/3493/3838
f 3962/3494/3839 3963/3511/3841 3959/3483/3830
f 3966/3495/3840 3960/3513/3843 3958/3496/3837
f 3966/3495/3840 3964/3497/3826 3959/3498/3830
f 3968/3500/3842 3961/3493/3838 3960/3501/3843
f 3969/3485/3832 3968/3500/3842 3950/3488/3834
f 3978/3502/3844 3934/3454/3802 3946/3503/3845
f 3946/3505/3845 3945/3460/3808 3931/3462/3810
f 3979/3504/3846 3946/3503/3845 3951/3508/3849
f 3950/3510/3834 3951/3512/3849 3928/3507/3848
f 3930/3490/3836 3929/3491/3835 3928/3507/3848
f 3963/3511/3841 3962/3494/3839 3967/3509/3850
f 3999/3515/1 4000/3519/3852 3984/3516/3851
f 3981/3518/1 3985/3521/3853 4000/3519/3852
f 4004/3520/1 4003/3526/3857 3985/3521/3853
f 4006/3522/3854 4005/3546/3874 3989/3523/3855
f 4011/3525/1 4010/3532/3863 4003/3526/3857
f 3980/3524/3856 3990/4223/1 3991/3527/3858
f 3983/3528/3859 4007/3543/3872 4006/3522/3854
f 4001/3529/3860 4000/3519/3852 3985/3521/3853
f 3988/3530/3861 3985/3521/3853 4003/3526/3857
f 4002/3531/3862 4003/3526/3857 4010/3532/3863
f 3991/3527/3858 3990/4223/1 3996/3534/1
f 3982/3517/1 3984/3516/3851 3994/3536/3866
f 3997/3535/3865 3996/3534/1 3993/3537/1
f 3998/3538/3867 3997/3535/3865 3994/3536/3866
f 3983/3528/3859 3991/3527/3858 3992/3540/3869
f 4000/3519/3852 4001/3529/3860 3987/3542/3871
f 3992/3540/3869 3991/3527/3858 3997/3535/3865
f 3995/3539/3868 3994/3536/3866 3984/3516/3851
f 3986/3541/3870 4008/3544/3873 4007/3543/3872
f 4002/3531/3862 4009/3533/3864 4008/3544/3873
f 3998/3538/3867 3995/3539/3868 4012/3545/1
f 4002/3531/3862 3986/3541/3870 4012/3545/1
f 4012/3545/1 3987/3542/3871 4001/3529/3860
f 4005/3546/3874 4014/4224/3875 4013/3547/3875
f 4019/3548/3876 4035/3551/3877 4034/3549/1
f 4035/3551/3877 4020/3553/3878 4016/3552/1
f 4020/3553/3878 4038/3557/3880 4039/3554/1
f 4024/3555/3855 4005/3546/3874 4006/3522/3854
f 4038/3557/3880 4010/3532/3863 4011/3525/1
f 4026/3558/3881 4025/3564/1 4015/3556/3879
f 4018/3559/3882 4015/3556/3879 4006/3522/3854
f 4020/3553/3878 4035/3551/3877 4036/3560/3883
f 4023/3561/3884 4037/3562/3885 4038/3557/3880
f 4037/3562/3885 4009/3533/3864 4010/3532/3863
f 4026/3558/3881 4032/3567/3887 4031/3563/1
f 4029/3565/3886 4019/3548/3876 4017/3550/1
f 4032/3567/3887 4029/3565/3886 4028/3566/1
f 4033/3568/3888 4030/3572/3892 4029/3565/3886
f 4027/3569/3889 4026/3558/3881 4018/3559/3882
f 4022/3571/3891 4036/3560/3883 4035/3551/3877
f 4027/3569/3889 4033/3568/3888 4032/3567/3887
f 4019/3548/3876 4029/3565/3886 4030/3572/3892
f 4021/3570/3890 4018/3559/3882 4007/3543/3872
f 4008/3544/3873 4009/3533/3864 4037/3562/3885
f 4033/3568/3888 4027/3569/3889 4040/3573/1
f 4040/3573/1 4021/3570/3890 4037/3562/3885
f 4036/3560/3883 4022/3571/3891 4040/3573/1
f 4041/3574/3875 4014/4224/3875 4005/3546/3874
f 4043/3575/3893 4053/3603/3919 4099/3576/3894
f 4047/3578/3896 4058/3620/3936 4057/3579/3897
f 4098/3577/3895 4097/3619/3935 4059/3581/3899
f 4049/3580/3898 4061/4225/4731 4060/3582/3900
f 4060/3582/3900 4061/4225/4731 4091/3583/3901
f 4078/3585/3903 4077/3588/3906 4084/3586/3904
f 4077/3588/3906 4081/3605/3921 4085/3589/3907
f 4059/3581/3899 4097/3619/3935 4096/3590/3908
f 4089/3591/3909 4096/3590/3908 4095/3592/3910
f 4094/3594/3912 4042/3596/3914 4066/3593/3911
f 4093/3595/3913 4044/3676/3991 4042/3596/3914
f 4085/3589/3907 4081/3605/3921 4064/3597/3915
f 4080/3599/3917 4079/3604/3920 4077/3600/3906
f 4052/3602/3918 4070/3607/3923 4053/3603/3919
f 4079/3604/3920 4082/3608/3924 4081/3605/3921
f 4071/3606/3922 4052/3602/3918 4043/3575/3893
f 4079/3604/3920 4080/3599/3917 4070/3607/3923
f 4082/3608/3924 4071/3606/3922 4064/3597/3915
f 4056/3609/3925 4055/3616/3932 4090/3584/3902
f 4073/3610/3926 4065/3613/3929 4050/3611/3927
f 4048/3615/3931 4046/3618/3934 4055/3616/3932
f 4045/3617/3933 4093/3595/3913 4094/3594/3912
f 4046/3618/3934 4094/3594/3912 4095/3592/3910
f 4055/3616/3932 4095/3592/3910 4096/3590/3908
f 4097/3619/3935 4060/3582/3900 4090/3584/3902
f 4060/3582/3900 4097/3619/3935 4098/3577/3895
f 4058/3620/3936 4047/3578/3896 4098/3577/3895
f 4088/3621/3937 4089/3591/3909 4066/3593/3911
f 4071/3606/3922 4059/3581/3899 4089/3591/3909
f 4072/3598/3916 4064/3597/3915 4087/3623/3939
f 4076/3624/3940 4065/3613/3929 4086/3614/3930
f 4087/3623/3939 4088/3621/3937 4075/3622/3938
f 4088/3621/3937 4087/3623/3939 4064/3597/3915
f 4148/3625/3941 4111/3649/3964 4101/3626/3942
f 4115/3628/3944 4116/3661/3976 4105/3629/3945
f 4147/3627/3943 4101/3626/3942 4117/3631/3947
f 4107/3630/3946 4105/3629/3945 4118/3633/3949
f 4140/3635/3951 4119/3634/3950 4118/3633/3949
f 4131/3637/3953 4083/3587/3905 4084/3586/3904
f 4085/3589/3907 4134/3644/3960 4130/3638/3954
f 4145/3639/3955 4146/3632/3948 4117/3631/3947
f 4144/3641/3957 4145/3639/3955 4138/3640/3956
f 4085/3589/3907 4072/3598/3916 4120/3643/3959
f 4133/3645/3961 4131/4226/3953 4130/3646/3954
f 4110/3648/3963 4101/3626/3942 4111/3649/3964
f 4132/3647/3962 4130/3646/3954 4134/3644/3960
f 4127/3652/3967 4117/3631/3947 4101/3626/3942
f 4132/3647/3962 4110/3648/3963 4126/3650/3965
f 4120/3643/3959 4127/3652/3967 4135/3651/3966
f 4114/3653/3968 4140/3635/3951 4139/3636/3952
f 4106/3656/3971 4114/3653/3968 4113/3654/3969
f 4103/3658/3973 4104/3657/3972 4143/3659/3974
f 4144/3641/3957 4143/3659/3974 4104/3657/3972
f 4145/3639/3955 4144/3641/3957 4113/3654/3969
f 4139/3636/3952 4118/3633/3949 4146/3632/3948
f 4147/3627/3943 4146/3632/3948 4118/3633/3949
f 4116/3661/3976 4148/3625/3941 4147/3627/3943
f 4137/3662/3977 4128/3665/3980 4122/3642/3958
f 4138/3640/3956 4117/3631/3947 4127/3652/3967
f 4072/3598/3916 4086/3614/3930 4136/3663/3978
f 4129/3664/3979 4136/3663/3978 4086/3614/3930
f 4136/3663/3978 4129/3664/3979 4128/3665/3980
f 4137/3662/3977 4127/3652/3967 4120/3643/3959
f 4143/3659/3974 4144/3641/3957 4122/3642/3958
f 4142/3660/3975 4143/3659/3974 4100/3666/3981
f 4102/3667/3982 4100/3666/3981 4125/3668/3983
f 4109/3670/3985 4112/3669/3984 4141/3671/3986
f 4074/3673/3988 4063/3679/1 4109/3670/3985
f 4073/3610/3926 4062/3612/3928 4108/3674/3989
f 4108/3674/3989 4123/3672/3987 4141/3671/3986
f 4062/3612/3928 4074/3673/3988 4123/3672/3987
f 4128/3665/3980 4125/3668/3983 4100/3666/3981
f 4121/3655/3970 4108/3674/3989 4124/3675/3990
f 4125/3668/3983 4128/3665/3980 4129/3664/3979
f 4112/3669/3984 4125/3668/3983 4124/3675/3990
f 4044/3676/3991 4054/3681/3995 4069/3677/3992
f 4074/3673/3988 4067/3682/3996 4051/3678/3993
f 4051/3678/3993 4067/3682/3996 4092/3680/3994
f 4050/3611/3927 4068/3683/3997 4092/3680/3994
f 4062/3612/3928 4050/3611/3927 4067/3682/3996
f 4068/3683/3997 4069/3677/3992 4054/3681/3995
f 4075/3622/3938 4066/3593/3911 4042/3596/3914
f 4065/3613/3929 4076/3624/3940 4068/3683/3997
f 4069/3677/3992 4068/3683/3997 4076/3624/3940
f 4155/3684/3998 4150/3703/4016 4163/3685/3999
f 4160/3687/4001 4161/3690/4004 4149/3688/4002
f 4161/3690/4004 4160/3687/4001 4162/3686/4000
f 4153/3691/4005 4156/3694/4008 4154/3689/4003
f 4153/3691/4005 4152/3697/4011 4164/3692/4006
f 4158/3695/4009 4157/3693/4007 4164/3692/4006
f 4152/3697/4011 4159/3700/4014 4165/3696/4010
f 4171/3698/4012 4170/3699/4013 4152/3697/4011
f 4170/3699/4013 4172/3714/4028 4159/3700/4014
f 4173/3701/4015 4171/3698/4012 4153/3691/4005
f 4174/3702/2746 4175/3705/4018 4163/3685/3999
f 4176/3704/4017 4173/3701/4015 4149/3688/4002
f 4175/3705/4018 4176/3704/4017 4161/3690/4004
f 4167/3711/4025 4166/4227/4732 4178/3710/4023
f 4165/3696/4010 4159/3700/4014 4169/3713/4027
f 3762/3706/4019 4158/3695/4009 4165/3696/4010
f 4172/3714/4028 4177/3715/4029 4169/3713/4027
f 4177/3715/4029 4167/3711/4025 4151/3712/4026
f 4168/3708/4021 4169/3713/4027 4151/3712/4026
f 4155/3684/3998 4191/3720/4034 4192/3716/4030
f 4189/3717/4031 4183/3722/4036 4179/3718/4032
f 4190/3719/4033 4192/3716/4030 4191/3720/4034
f 4182/3721/4035 4179/3718/4032 4183/3722/4036
f 4194/3724/4038 4181/3727/4041 4182/3721/4035
f 4187/3726/4040 4195/3728/4042 4194/3724/4038
f 4181/3727/4041 4194/3724/4038 4195/3728/4042
f 4181/3727/4041 4201/3731/4045 4202/3730/4044
f 4188/3729/4043 4203/3743/4057 4201/3731/4045
f 4182/3721/4035 4202/3730/4044 4204/3732/4046
f 4192/3716/4030 4205/3734/4048 4174/3702/2746
f 4179/3718/4032 4204/3732/4046 4206/3733/4047
f 4190/3719/4033 4206/3733/4047 4205/3734/4048
f 4208/3739/4053 4197/4228/4733 4198/3740/4054
f 4200/3742/4056 4188/3729/4043 4195/3728/4042
f 4193/3735/4049 4199/3737/4051 4195/3728/4042
f 4203/3743/4057 4188/3729/4043 4200/3742/4056
f 4207/3744/4058 4200/3742/4056 4180/3741/4055
f 4180/3741/4055 4200/3742/4056 4199/3737/4051
f 4219/3388/4059 4234/3390/4066 4235/3389/4060
f 4236/3392/4062 4237/3406/4072 4215/3391/4063
f 4217/3393/4064 4213/3410/4061 4235/3389/4060
f 4211/3394/4065 4233/3395/4086 4234/3390/4066
f 4228/3396/3521 4220/3398/4068 4212/3397/4067
f 4230/3399/3521 4214/3400/4075 4220/3398/4068
f 4218/3401/4069 4214/3400/4075 4230/3399/3521
f 4224/3403/4071 4216/3404/4076 4218/3401/4069
f 4237/3406/4072 4238/3745/4077 4223/3405/4073
f 4217/3393/4064 4215/3391/4063 4223/3407/4073
f 4229/3409/3518 4213/3410/4061 4217/3393/4064
f 4219/3388/4059 4213/3410/4061 4229/3409/3518
f 4211/3394/4065 4219/3388/4059 4226/3411/3518
f 4234/3390/4066 4233/3395/4086 4212/3397/4067
f 4235/3389/4060 4234/3390/4066 4220/3398/4068
f 4218/3401/4069 4236/3392/4062 4235/3389/4060
f 4236/3392/4062 4218/3401/4069 4216/3404/4076
f 4237/3406/4072 4216/3404/4076 4224/3413/4071
f 4242/3415/4078 4243/3746/4084 4227/3414/3521
f 4240/3416/4079 4239/3418/4734 4221/3417/4080
f 4225/3412/3518 4239/3418/4734 4240/3416/4079
f 4242/3415/4078 4210/3422/4085 4222/3421/4083
f 4240/3416/4079 4241/3419/4082 4233/3395/4086
f 4233/3395/4086 4241/3419/4082 4242/3415/4078
f 4247/3424/4087 4253/3433/4097 4254/3423/4088
f 4245/3426/4090 4247/3424/4087 4246/3425/4089
f 4244/3427/4091 4248/4221/4093 4249/3428/4092
f 4248/3429/4093 4244/3427/4091 4246/3425/4089
f 4249/3431/4092 4251/3434/4096 4247/3424/4087
f 4250/3430/4094 4246/3425/4089 4254/3423/4088
f 4251/3434/4096 4252/3435/4098 4253/3433/4097
f 4210/3422/4085 4253/3433/4097 4252/3435/4098
f 4253/3433/4097 4210/3422/4085 4209/3420/4081
f 4209/3420/4081 4221/3417/4080 4255/3432/4095
f 4256/3747/4099 4278/3770/4122 4345/3748/4100
f 4257/3750/4102 4347/3793/4144 4346/3751/4103
f 4316/3753/4105 4281/3755/4107 4257/3750/4102
f 4316/3753/4105 4324/3765/4117 4305/3754/4106
f 4336/3756/4108 4335/3812/4163 4267/3757/4109
f 4284/3759/4111 4286/3763/4115 4268/3760/4112
f 4307/3762/4114 4306/3764/4116 4286/3763/4115
f 4283/3752/4104 4268/3760/4112 4286/3763/4115
f 4316/3753/4105 4286/3763/4115 4306/3764/4116
f 4271/3766/4118 4272/3791/4142 4264/3758/4110
f 4304/3767/4119 4325/3771/4123 4317/3768/4120
f 4317/3768/4120 4278/3770/4122 4256/3747/4099
f 4278/3770/4122 4317/3768/4120 4284/3759/4111
f 4307/3762/4114 4284/3759/4111 4317/3768/4120
f 4256/3747/4099 4344/3749/4101 4343/3772/4124
f 4342/3773/4125 4304/3767/4119 4288/3769/4121
f 4339/3774/4126 4258/3787/4139 4260/3775/4127
f 4319/3777/4129 4333/3781/4133 4308/3778/4130
f 4291/3780/4132 4315/3783/4135 4333/3781/4133
f 4292/3782/4134 4314/3813/4164 4315/3783/4135
f 4313/3784/4136 4314/3813/4164 4292/3782/4134
f 4338/3786/4138 4293/3829/4178 4258/3787/4139
f 4262/3789/4140 4293/3829/4178 4338/3786/4138
f 4264/3758/4110 4262/3789/4140 4337/3790/4141
f 4272/3791/4142 4273/3830/4179 4262/3789/4140
f 4257/3750/4102 4281/3755/4107 4348/3792/4143
f 4281/3755/4107 4305/3754/4106 4349/3794/4145
f 4259/3795/4146 4287/3799/4150 4353/3796/4147
f 4263/3798/4149 4334/3800/4151 4353/3796/4147
f 4267/3757/4109 4335/3812/4163 4334/3800/4151
f 4274/3801/4152 4341/3802/4153 4340/3776/4128
f 4304/3767/4119 4342/3773/4125 4341/3802/4153
f 4276/3803/4154 4302/3838/4187 4324/3765/4117
f 4276/3803/4154 4306/3764/4116 4307/3762/4114
f 4279/3805/4156 4328/3818/4168 4318/3806/4157
f 4280/3808/4159 4330/3819/4169 4320/3809/4160
f 4312/3811/4162 4334/3800/4151 4335/3812/4163
f 4314/3813/4164 4313/3784/4136 4335/3812/4163
f 4315/3783/4135 4314/3813/4164 4336/3756/4108
f 4315/3783/4135 4337/3790/4141 4338/3786/4138
f 4333/3781/4133 4338/3786/4138 4339/3788/4126
f 4308/3814/4130 4339/3774/4126 4340/3776/4128
f 4309/3815/4165 4340/3776/4128 4341/3802/4153
f 4310/3816/4166 4341/3802/4153 4342/3773/4125
f 4326/3817/4167 4342/3773/4125 4343/3772/4124
f 4279/3805/4156 4327/3807/4158 4343/3772/4124
f 4328/3818/4168 4279/3805/4156 4344/3749/4101
f 4347/3793/4144 4280/3808/4159 4329/3810/4161
f 4280/3808/4159 4347/3793/4144 4348/3792/4143
f 4331/3820/4170 4330/3819/4169 4348/3792/4143
f 4301/3821/4171 4331/3820/4170 4349/3794/4145
f 4295/3823/4173 4301/3821/4171 4350/3822/4172
f 4311/3825/4175 4295/3823/4173 4351/3824/4174
f 4332/3827/4176 4311/3845/4175 4352/3797/4148
f 4312/3811/4162 4332/3827/4176 4353/3796/4147
f 4258/3787/4139 4273/3830/4179 4289/3828/4177
f 4293/3829/4178 4262/3789/4140 4273/3830/4179
f 4277/3804/4155 4303/3832/4181 4289/3828/4177
f 4303/3832/4181 4274/3801/4152 4260/3775/4127
f 4325/3771/4123 4303/3832/4181 4277/3804/4155
f 4325/3771/4123 4304/3767/4119 4274/3801/4152
f 4273/3830/4179 4272/3791/4142 4266/3831/4180
f 4272/3791/4142 4271/3766/4118 4269/3833/4182
f 4270/3834/4183 4282/3835/4184 4269/3833/4182
f 4263/3798/4149 4270/3834/4183 4271/3766/4118
f 4287/3799/4150 4259/3795/4146 4270/3834/4183
f 4259/3795/4146 4261/3836/4185 4282/3835/4184
f 4352/3826/4148 4351/3824/4174 4261/3836/4185
f 4351/3824/4174 4350/3822/4172 4275/3837/4186
f 4276/3803/4154 4269/3833/4182 4282/3835/4184
f 4302/3838/4187 4282/3835/4184 4261/3836/4185
f 4277/3804/4155 4266/3831/4180 4269/3833/4182
f 4350/3822/4172 4349/3794/4145 4305/3754/4106
f 4324/3765/4117 4302/3838/4187 4275/3837/4186
f 4294/3839/4131 4308/3814/4130 4309/3815/4165
f 4356/3841/4189 4319/3777/4129 4294/3842/4131
f 4357/3844/4191 4291/3780/4132 4319/3777/4129
f 4311/3845/4175 4332/3827/4176 4321/3846/4192
f 4332/3827/4176 4312/3811/4162 4296/3848/4194
f 4285/3785/4137 4296/3848/4194 4312/3811/4162
f 4357/3844/4191 4358/3849/4195 4292/3782/4134
f 4358/3849/4195 4359/3866/4207 4285/3785/4137
f 4285/3785/4137 4359/3866/4207 4361/3850/4196
f 4364/3851/4197 4363/3867/4208 4298/3852/4193
f 4361/3850/4196 4364/3851/4197 4321/3846/4192
f 4295/3823/4173 4311/3825/4175 4298/3853/4193
f 4322/3855/4199 4326/3817/4167 4327/3807/4158
f 4290/3840/4188 4309/3815/4165 4310/3816/4166
f 4299/3856/4200 4310/3816/4166 4326/3817/4167
f 4323/3857/4201 4320/3809/4160 4330/3819/4169
f 4300/3858/4202 4323/3857/4201 4331/3820/4170
f 4301/3821/4171 4295/3823/4173 4297/3854/4198
f 4360/3860/4203 4370/3881/4216 4371/3862/4204
f 4355/3843/4190 4294/3842/4131 4290/3863/4188
f 4376/3865/4206 4356/3841/4189 4355/3843/4190
f 4361/3850/4196 4359/3866/4207 4376/3865/4206
f 4376/3865/4206 4358/3849/4195 4357/3844/4191
f 4363/3867/4208 4362/3869/4209 4297/3868/4198
f 4363/3867/4208 4364/3851/4197 4376/3865/4206
f 4354/3864/4205 4290/3863/4188 4299/3870/4200
f 4362/3869/4209 4366/3876/4213 4300/3872/4202
f 4354/3864/4205 4365/3871/4210 4378/3873/4211
f 4369/3874/4212 4360/3860/4203 4320/3859/4160
f 4366/3876/4213 4369/3874/4212 4323/3875/4201
f 4372/3880/4215 4373/3883/4218 4368/3878/4214
f 4370/3881/4216 4374/3887/4221 4375/3882/4217
f 4375/3882/4217 4374/3887/4221 4373/3883/4218
f 4318/3879/4157 4368/3878/4214 4367/3884/4219
f 4322/3885/4199 4367/3884/4219 4365/3871/4210
f 4365/3871/4210 4367/3884/4219 4377/3886/4220
f 4377/3886/4220 4368/3878/4214 4373/3883/4218
f 4370/3881/4216 4360/3860/4203 4377/3886/4220
f 4366/3876/4213 4362/3869/4209 4376/3865/4206
f 4369/3874/4212 4366/3876/4213 4378/3873/4211
f 4423/3888/4222 4399/3908/4242 4379/3889/4223
f 4437/3891/4225 4426/3895/4229 4452/3892/4226
f 4381/3894/4228 4400/3977/4302 4452/3892/4226
f 4453/3896/4230 4427/3986/4735 4382/3897/4231
f 4428/3899/4233 4454/3901/4235 4401/3898/4232
f 4428/3899/4233 4431/3909/4243 4455/3900/4234
f 4435/3902/4236 4434/3914/4248 4429/3903/4237
f 4461/3905/4239 4435/3902/4236 4430/3904/4238
f 4430/3904/4238 4438/3893/4227 4462/3907/4241
f 4399/3908/4242 4455/3900/4234 4431/3909/4243
f 4429/3903/4237 4434/3914/4248 4433/3910/4244
f 4433/3910/4244 4434/3914/4248 4380/3912/4246
f 4435/3902/4236 4383/3915/4249 4380/3912/4246
f 4461/3905/4239 4403/3982/4305 4383/3915/4249
f 4429/3903/4237 4432/3911/4245 4436/3916/4250
f 4429/3903/4237 4437/3891/4225 4438/3893/4227
f 4411/3917/4251 4425/3941/4272 4394/3918/4252
f 4450/3923/4257 4395/3950/4280 4387/3922/4256
f 4391/3924/4258 4445/3945/4275 4440/3925/4259
f 4451/3932/4264 4385/3926/4260 4397/3931/4262
f 4442/3934/4266 4449/3935/4267 4451/3932/4264
f 4449/3935/4267 4442/3934/4266 4396/3936/4268
f 4448/3937/4269 4392/3948/4278 4389/3938/4270
f 4432/3911/4245 4433/3910/4244 4448/3937/4269
f 4379/3889/4223 4394/3918/4252 4425/3941/4272
f 4381/3894/4228 4426/3895/4229 4444/3942/4273
f 4439/3944/4255 4388/3985/4254 4390/3943/4274
f 4436/3916/4250 4450/3951/4257 4439/3944/4255
f 4437/3891/4225 4436/3916/4250 4444/3942/4273
f 4382/3897/4231 4427/3986/4735 4445/3945/4275
f 4428/3899/4233 4382/3897/4231 4391/3924/4258
f 4447/3947/4277 4431/3909/4243 4428/3899/4233
f 4431/3909/4243 4447/3947/4277 4394/3918/4252
f 4447/3947/4277 4449/3935/4267 4386/3919/4253
f 4384/3913/4247 4393/3949/4279 4448/3937/4269
f 4443/3939/4271 4389/3938/4270 4395/3950/4280
f 4432/3911/4245 4443/3940/4271 4450/3951/4257
f 4449/3935/4267 4447/3947/4277 4446/3946/4276
f 4446/3946/4276 4391/3924/4258 4385/3926/4260
f 4396/3936/4268 4412/3953/4282 4411/3917/4251
f 4396/3936/4268 4442/3934/4266 4413/3952/4281
f 4441/3954/4265 4414/3955/4283 4413/3952/4281
f 4397/3928/4262 4415/3927/4261 4414/3955/4283
f 4410/3958/4286 4464/3984/4304 4419/3963/4289
f 4422/3964/4290 4407/3970/4296 4399/3908/4242
f 4458/3961/4287 4453/3896/4230 4401/3898/4232
f 4454/3901/4235 4459/3966/4292 4405/3962/4288
f 4454/3901/4235 4455/3900/4234 4460/3965/4291
f 4420/3967/4293 4463/3980/4303 4409/3968/4294
f 4422/3964/4290 4421/3969/4295 4409/3968/4294
f 4402/3971/4297 4406/3983/4306 4461/3905/4239
f 4456/3972/4240 4462/3979/4241 4408/3973/4298
f 4400/3977/4302 4404/4229/4301 4457/3978/4300
f 4457/3978/4300 4462/3907/4241 4438/3893/4227
f 4398/3974/4299 4408/3973/4298 4462/3979/4241
f 4459/3966/4292 4464/3981/4304 4410/3960/4286
f 4459/3966/4292 4460/3965/4291 4463/3980/4303
f 4409/3968/4294 4463/3980/4303 4460/3965/4291
f 4455/3900/4234 4399/3908/4242 4407/3970/4296
f 4420/3967/4293 4419/3963/4289 4464/3984/4304
f 4413/3952/4281 4389/3938/4270 4392/3948/4278
f 4414/3955/4283 4395/3950/4280 4389/3938/4270
f 4415/3927/4261 4387/3922/4256 4395/3950/4280
f 4418/3956/4284 4419/3963/4289 4408/3973/4298
f 4419/3963/4289 4420/3967/4293 4402/3971/4297
f 4420/3967/4293 4421/3969/4295 4406/3983/4306
f 4424/3890/4224 4425/3941/4272 4384/3913/4247
f 4425/3941/4272 4411/3917/4251 4393/3949/4279
f 4411/3917/4251 4412/3953/4282 4392/3948/4278
f 4387/3922/4256 4415/3927/4261 4416/3929/4263
f 4417/3957/4285 4418/3956/4284 4398/3974/4299
f 4406/3983/4306 4421/3969/4295 4422/3964/4290
f 4403/3982/4305 4422/3964/4290 4423/3888/4222
f 4383/3915/4249 4423/3888/4222 4424/3890/4224
f 4465/3747/4307 4553/3749/4332 4554/3748/4308
f 4466/3750/4310 4492/3752/4314 4555/3751/4311
f 4466/3750/4310 4490/3755/4352 4525/3753/4313
f 4525/3753/4313 4490/3755/4352 4514/3754/4315
f 4476/3757/4317 4544/3812/4370 4545/3756/4318
f 4477/3760/4320 4495/3763/4323 4493/3759/4321
f 4495/3763/4323 4515/3764/4325 4516/3762/4324
f 4495/3763/4323 4477/3760/4320 4492/3752/4314
f 4515/3764/4325 4495/3763/4323 4525/3753/4313
f 4473/3758/4319 4481/3791/4349 4480/3766/4326
f 4513/3767/4327 4497/3769/4330 4526/3768/4328
f 4465/3747/4307 4487/3770/4309 4526/3768/4328
f 4493/3759/4321 4526/3768/4328 4487/3770/4309
f 4526/3768/4328 4493/3759/4321 4516/3762/4324
f 4465/3747/4307 4497/3769/4330 4552/3772/4331
f 4497/3769/4330 4513/3767/4327 4551/3773/4333
f 4548/3774/4334 4549/3776/4360 4469/3775/4335
f 4528/3777/4337 4503/3779/4395 4517/3778/4338
f 4500/3780/4340 4528/3777/4337 4542/3781/4339
f 4501/3782/4342 4500/3780/4340 4524/3783/4341
f 4501/3782/4342 4523/3813/4343 4522/3784/4344
f 4467/3787/4336 4502/3829/4386 4547/3786/4346
f 4547/3786/4346 4502/3829/4386 4471/3789/4347
f 4473/3758/4319 4545/3756/4318 4546/3790/4348
f 4481/3791/4349 4473/3758/4319 4471/3789/4347
f 4466/3750/4310 4556/3793/4312 4557/3792/4351
f 4490/3755/4352 4557/3792/4351 4558/3794/4353
f 4468/3795/4354 4561/3797/4384 4562/3796/4355
f 4472/3798/4357 4496/3799/4356 4562/3796/4355
f 4543/3800/4358 4544/3812/4370 4476/3757/4317
f 4483/3801/4359 4469/3775/4335 4549/3776/4360
f 4550/3802/4361 4551/3773/4333 4513/3767/4327
f 4485/3803/4362 4515/3764/4325 4533/3765/4316
f 4485/3803/4362 4486/3804/4387 4516/3762/4324
f 4488/3805/4364 4536/3807/4375 4527/3806/4365
f 4489/3808/4367 4538/3810/4376 4529/3809/4368
f 4544/3812/4370 4543/3800/4358 4521/3811/4371
f 4523/3813/4343 4545/3756/4318 4544/3812/4370
f 4524/3783/4341 4546/3790/4348 4545/3756/4318
f 4547/3786/4346 4546/3790/4348 4524/3783/4341
f 4548/3788/4334 4547/3786/4346 4542/3781/4339
f 4549/3776/4360 4548/3774/4334 4517/3814/4338
f 4550/3802/4361 4549/3776/4360 4518/3815/4372
f 4551/3773/4333 4550/3802/4361 4519/3816/4373
f 4552/3772/4331 4551/3773/4333 4535/3817/4374
f 4552/3772/4331 4536/3807/4375 4488/3805/4364
f 4537/3818/4366 4554/3748/4308 4553/3749/4332
f 4556/3793/4312 4555/3751/4311 4538/3810/4376
f 4557/3792/4351 4556/3793/4312 4489/3808/4367
f 4540/3820/4377 4558/3794/4353 4557/3792/4351
f 4558/3794/4353 4540/3820/4377 4510/3821/4378
f 4559/3822/4379 4510/3821/4378 4504/3823/4380
f 4520/3825/4382 4561/3826/4384 4560/3824/4381
f 4541/3827/4383 4562/3796/4355 4561/3797/4384
f 4521/3811/4371 4543/3800/4358 4562/3796/4355
f 4467/3787/4336 4469/3775/4335 4498/3828/4385
f 4502/3829/4386 4467/3787/4336 4482/3830/4350
f 4486/3804/4387 4475/3831/4389 4498/3828/4385
f 4469/3775/4335 4483/3801/4359 4512/3832/4388
f 4534/3771/4329 4516/3762/4324 4486/3804/4387
f 4483/3801/4359 4513/3767/4327 4534/3771/4329
f 4482/3830/4350 4498/3828/4385 4475/3831/4389
f 4481/3791/4349 4475/3831/4389 4478/3833/4390
f 4479/3834/4391 4480/3766/4326 4478/3833/4390
f 4472/3798/4357 4476/3757/4317 4480/3766/4326
f 4479/3834/4391 4468/3795/4354 4496/3799/4356
f 4491/3835/4392 4470/3836/4393 4468/3795/4354
f 4470/3836/4393 4560/3824/4381 4561/3826/4384
f 4484/3837/4394 4559/3822/4379 4560/3824/4381
f 4485/3803/4362 4511/3838/4363 4491/3835/4392
f 4470/3836/4393 4491/3835/4392 4511/3838/4363
f 4478/3833/4390 4475/3831/4389 4486/3804/4387
f 4559/3822/4379 4484/3837/4394 4514/3754/4315
f 4484/3837/4394 4511/3838/4363 4533/3765/4316
f 4503/3839/4395 4499/3840/4407 4518/3815/4372
f 4503/3842/4395 4528/3777/4337 4565/3841/4396
f 4528/3777/4337 4500/3780/4340 4566/3844/4398
f 4530/3846/4399 4541/3827/4383 4520/3845/4382
f 4505/3848/4401 4521/3811/4371 4541/3827/4383
f 4494/3785/4345 4522/3784/4344 4521/3811/4371
f 4566/3844/4398 4500/3780/4340 4501/3782/4342
f 4494/3785/4345 4568/3866/4404 4567/3849/4402
f 4494/3785/4345 4505/3848/4401 4570/3850/4403
f 4507/3852/4400 4572/3867/4417 4573/3851/4405
f 4530/3846/4399 4573/3851/4405 4570/3850/4403
f 4504/3823/4380 4506/3854/4411 4507/3853/4400
f 4531/3855/4406 4527/3806/4365 4536/3807/4375
f 4519/3816/4373 4518/3815/4372 4499/3840/4407
f 4508/3856/4408 4531/3855/4406 4535/3817/4374
f 4532/3857/4409 4540/3820/4377 4539/3819/4369
f 4509/3858/4410 4510/3821/4378 4540/3820/4377
f 4506/3854/4411 4504/3823/4380 4510/3821/4378
f 4569/3860/4412 4538/3861/4376 4580/3862/4413
f 4499/3863/4407 4503/3842/4395 4564/3843/4397
f 4585/3865/4416 4563/3864/4415 4564/3843/4397
f 4570/3850/4403 4573/3851/4405 4585/3865/4416
f 4585/3865/4416 4565/3841/4396 4566/3844/4398
f 4506/3868/4411 4571/3869/4419 4572/3867/4417
f 4572/3867/4417 4571/3869/4419 4585/3865/4416
f 4508/3870/4408 4499/3863/4407 4563/3864/4415
f 4509/3872/4410 4575/3876/4422 4571/3869/4419
f 4587/3873/4420 4574/3871/4418 4563/3864/4415
f 4578/3874/4421 4532/3875/4409 4529/3859/4368
f 4575/3876/4422 4509/3872/4410 4532/3875/4409
f 4581/3880/4424 4537/3877/4366 4577/3878/4423
f 4579/3881/4414 4580/3862/4413 4584/3882/4217
f 4584/3882/4217 4581/3880/4424 4582/3883/4425
f 4527/3879/4365 4531/3885/4406 4576/3884/4427
f 4531/3885/4406 4508/3870/4408 4574/3871/4418
f 4586/3886/4428 4576/3884/4427 4574/3871/4418
f 4582/3883/4425 4577/3878/4423 4586/3886/4428
f 4586/3886/4428 4569/3860/4412 4579/3881/4414
f 4585/3865/4416 4571/3869/4419 4575/3876/4422
f 4587/3873/4420 4575/3876/4422 4578/3874/4421
f 4588/3889/4429 4608/3908/4450 4632/3888/4430
f 4661/3892/4432 4635/3895/4481 4646/3891/4433
f 4590/3894/4435 4635/3895/4481 4661/3892/4432
f 4591/3897/4437 4636/3986/4483 4662/3896/4438
f 4637/3899/4440 4591/3897/4437 4610/3898/4439
f 4637/3899/4440 4663/3901/4441 4664/3900/4442
f 4638/3903/4444 4643/3914/4452 4644/3902/4445
f 4639/3904/4446 4644/3902/4445 4670/3905/4447
f 4639/3904/4446 4665/3906/4448 4671/3907/4449
f 4640/3909/4443 4664/3900/4442 4608/3908/4450
f 4638/3903/4444 4641/3911/4456 4642/3910/4451
f 4642/3910/4451 4593/3913/4488 4589/3912/4453
f 4589/3912/4453 4592/3915/4454 4644/3902/4445
f 4592/3915/4454 4612/3982/4513 4670/3905/4447
f 4638/3903/4444 4646/3891/4433 4645/3916/4455
f 4647/3893/4434 4646/3891/4433 4638/3903/4444
f 4603/3918/4457 4634/3941/4479 4620/3917/4458
f 4596/3922/4461 4604/3950/4489 4659/3923/4463
f 4600/3924/4464 4594/3926/4470 4649/3925/4465
f 4606/3931/4469 4594/3926/4470 4660/3932/4471
f 4660/3932/4471 4658/3935/4475 4651/3934/4473
f 4605/3936/4474 4651/3934/4473 4658/3935/4475
f 4598/3938/4476 4601/3948/4486 4657/3937/4477
f 4641/3911/4456 4652/3940/4478 4657/3937/4477
f 4634/3941/4479 4603/3918/4457 4588/3889/4429
f 4590/3894/4435 4599/3943/4482 4653/3942/4480
f 4648/3944/4462 4653/3942/4480 4599/3943/4482
f 4645/3916/4455 4653/3942/4480 4648/3944/4462
f 4653/3942/4480 4645/3916/4455 4646/3891/4433
f 4591/3897/4437 4600/3924/4464 4654/3945/4466
f 4637/3899/4440 4655/3946/4485 4600/3924/4464
f 4637/3899/4440 4640/3909/4443 4656/3947/4484
f 4603/3918/4457 4656/3947/4484 4640/3909/4443
f 4656/3947/4484 4603/3918/4457 4595/3919/4459
f 4657/3937/4477 4602/3949/4487 4593/3913/4488
f 4652/3939/4478 4659/3923/4463 4604/3950/4489
f 4641/3911/4456 4645/3916/4455 4659/3951/4463
f 4658/3935/4475 4660/3932/4471 4655/3946/4485
f 4655/3946/4485 4660/3932/4471 4594/3926/4470
f 4620/3917/4458 4621/3953/4514 4605/3936/4474
f 4605/3936/4474 4621/3953/4514 4622/3952/4490
f 4622/3952/4490 4623/3955/4491 4650/3954/4472
f 4623/3955/4491 4624/3927/4467 4606/3928/4469
f 4619/3958/4493 4627/3956/4492 4628/3963/4497
f 4608/3908/4450 4616/3970/4512 4631/3964/4499
f 4610/3898/4439 4662/3896/4438 4667/3961/4495
f 4663/3901/4441 4610/3898/4439 4614/3962/4496
f 4663/3901/4441 4668/3966/4500 4669/3965/4501
f 4629/3967/4502 4630/3969/4505 4618/3968/4503
f 4631/3964/4499 4616/3970/4512 4618/3968/4503
f 4611/3971/4506 4665/3972/4448 4670/3905/4447
f 4665/3972/4448 4611/3971/4506 4617/3973/4508
f 4666/3978/4511 4613/4229/4510 4609/3977/4436
f 4666/3978/4511 4661/3892/4432 4647/3893/4434
f 4607/3974/4509 4666/3975/4511 4671/3979/4449
f 4668/3966/4500 4614/3962/4496 4619/3960/4493
f 4668/3966/4500 4673/3981/4498 4672/3980/4504
f 4669/3965/4501 4672/3980/4504 4618/3968/4503
f 4664/3900/4442 4669/3965/4501 4616/3970/4512
f 4629/3967/4502 4672/3980/4504 4673/3984/4498
f 4601/3948/4486 4598/3938/4476 4622/3952/4490
f 4598/3938/4476 4604/3950/4489 4623/3955/4491
f 4604/3950/4489 4596/3922/4461 4624/3927/4467
f 4627/3956/4492 4607/3974/4509 4617/3973/4508
f 4628/3963/4497 4617/3973/4508 4611/3971/4506
f 4629/3967/4502 4611/3971/4506 4615/3983/4507
f 4593/3913/4488 4634/3941/4479 4633/3890/4431
f 4602/3949/4487 4620/3917/4458 4634/3941/4479
f 4601/3948/4486 4621/3953/4514 4620/3917/4458
f 4596/3922/4461 4597/3920/4460 4625/3929/4468
f 4607/3974/4509 4627/3956/4492 4626/3957/4494
f 4615/3983/4507 4612/3982/4513 4631/3964/4499
f 4612/3982/4513 4592/3915/4454 4632/3888/4430
f 4592/3915/4454 4589/3912/4453 4633/3890/4431
f 4685/3987/4515 4674/4003/4531 4675/3988/4516
f 4686/3990/4518 4685/3987/4515 4690/3989/4517
f 4687/3992/4520 4686/3990/4518 4691/3991/4519
f 4687/3992/4520 4692/3993/4521 4693/3994/4522
f 4694/3996/4524 4710/4001/4529 4709/3997/4525
f 4706/3998/4526 4689/4016/4544 4695/3999/4527
f 4695/3999/4527 4689/4016/4544 4709/3997/4525
f 4685/3987/4515 4696/4004/4532 4676/4002/4530
f 4686/3990/4518 4697/4005/4533 4696/4004/4532
f 4687/3992/4520 4698/4009/4537 4697/4005/4533
f 4677/4006/4534 4676/4002/4530 4696/4004/4532
f 4711/4007/4535 4696/4004/4532 4697/4005/4533
f 4712/4008/4536 4697/4005/4533 4698/4009/4537
f 4698/4009/4537 4687/3992/4520 4688/3995/4523
f 4699/4011/4539 4688/3995/4523 4709/3997/4525
f 4698/4009/4537 4699/4011/4539 4714/4013/4541
f 4699/4011/4539 4708/4012/4540 4715/4014/4542
f 4708/4012/4540 4700/4017/4545 4717/4015/4543
f 4708/4012/4540 4709/3997/4525 4689/4016/4544
f 4740/4018/4546 4739/4022/4550 4729/4019/4547
f 4724/4021/4549 4729/4019/4547 4739/4022/4550
f 4725/4024/4552 4732/4026/4554 4729/4019/4547
f 4722/4020/4548 4731/4037/4565 4741/4025/4553
f 4722/4020/4548 4729/4019/4547 4732/4026/4554
f 4745/4028/4556 4726/4032/4560 4733/4029/4557
f 4727/4031/4559 4728/4052/4581 4733/4029/4557
f 4733/4029/4557 4728/4052/4581 4743/4033/4561
f 4742/4034/4562 4723/4038/4566 4678/4035/4563
f 4742/4034/4562 4741/4025/4553 4731/4037/4565
f 4727/4031/4559 4735/4039/4567 4732/4026/4554
f 4735/4039/4567 4730/4040/4568 4719/4027/4555
f 4723/4038/4566 4731/4037/4565 4730/4040/4568
f 4719/4027/4555 4730/4040/4568 4731/4037/4565
f 4735/4039/4567 4727/4031/4559 4726/4032/4560
f 4720/4041/4569 4730/4040/4568 4735/4039/4567
f 4746/4044/4572 4736/4042/4570 4726/4032/4560
f 4734/4043/4571 4736/4042/4570 4746/4044/4572
f 4679/4046/4574 4734/4043/4571 4747/4045/4573
f 4734/4043/4571 4679/4046/4574 4682/4048/4576
f 4682/4048/4576 4678/4035/4563 4723/4038/4566
f 4702/4049/4577 4706/4112/4526 4705/4050/4528
f 3771/3312/4579 4702/4049/4577 4703/4051/4578
f 4728/4052/4581 4727/4031/4559 4725/4024/4552
f 4721/4054/4583 4724/4021/4549 4738/4023/4551
f 4718/4053/4582 4725/4024/4552 4724/4021/4549
f 4743/4033/4561 4728/4052/4581 4718/4053/4582
f 4737/4055/4584 4684/4056/4586 3774/3316/3673
f 4718/4053/4582 4721/4054/4583 3774/3316/3673
f 4684/4056/4586 4748/4117/4670 3773/3317/3674
f 4675/3988/4516 4674/4003/4531 4751/3987/4587
f 4756/3989/4588 4751/3987/4587 4752/3990/4589
f 4757/3991/4590 4752/3990/4589 4753/3992/4591
f 4753/3992/4591 4754/3995/4594 4759/3994/4593
f 4760/3996/4595 4754/3995/4594 4775/3997/4596
f 4761/3999/4598 4755/4016/4614 4772/3998/4599
f 4775/3997/4596 4755/4016/4614 4761/3999/4598
f 4751/3987/4587 4674/4003/4531 4676/4002/4530
f 4752/3990/4589 4751/3987/4587 4762/4004/4601
f 4753/3992/4591 4752/3990/4589 4763/4005/4602
f 4677/4006/4534 4777/4007/4604 4762/4004/4601
f 4777/4007/4604 4778/4008/4605 4763/4005/4602
f 4778/4008/4605 4779/4010/4608 4764/4009/4603
f 4764/4009/4603 4765/4011/4606 4754/3995/4594
f 4765/4011/4606 4774/4012/4613 4775/3997/4596
f 4780/4013/4607 4765/4011/4606 4764/4009/4603
f 4781/4014/4609 4774/4012/4613 4765/4011/4606
f 4772/3998/4599 4755/4016/4614 4766/4017/4610
f 4783/4015/4612 4782/4110/4672 4773/4057/4611
f 4783/4015/4612 4766/4017/4610 4774/4012/4613
f 4774/4012/4613 4766/4017/4610 4755/4016/4614
f 4795/4058/4615 4805/4062/4619 4806/4059/4616
f 4790/4061/4618 4804/4092/4644 4805/4062/4619
f 4791/4063/4620 4790/4061/4618 4795/4058/4615
f 4788/4060/4617 4806/4059/4616 4807/4065/4622
f 4788/4060/4617 4785/4077/4633 4798/4064/4621
f 4811/4067/4624 4810/4230/4736 4799/4068/4625
f 4793/4070/4627 4792/4069/4626 4799/4068/4625
f 4799/4068/4625 4810/4230/4736 4809/4072/4629
f 4808/4073/4630 4680/4231/4564 4678/4074/4563
f 4808/4073/4630 4789/4075/4631 4797/4066/4623
f 4793/4070/4627 4791/4063/4620 4798/4064/4621
f 4801/4076/4632 4798/4064/4621 4785/4077/4633
f 4789/4075/4631 4786/4080/4636 4796/4078/4634
f 4785/4077/4633 4788/4060/4617 4797/4066/4623
f 4801/4076/4632 4802/4079/4635 4792/4069/4626
f 4786/4080/4636 4802/4079/4635 4801/4076/4632
f 4812/4082/4638 4811/4067/4624 4792/4069/4626
f 4800/4081/4637 4813/4084/4639 4812/4082/4638
f 4679/4083/4574 4681/4232/4575 4813/4084/4639
f 4682/4085/4576 4679/4083/4574 4800/4081/4637
f 4682/4085/4576 4786/4080/4636 4789/4075/4631
f 4768/4086/4640 4769/4090/4642 4771/4087/4600
f 4816/4089/4641 4815/4106/4737 4769/4090/4642
f 4794/4071/4628 4784/4093/4645 4791/4063/4620
f 4787/4091/4643 4803/4095/4647 4804/4092/4644
f 4784/4093/4645 4787/4091/4643 4790/4061/4618
f 4809/4072/4629 4196/4096/4738 4784/4093/4645
f 4818/4094/4646 4750/4097/4649 4803/4095/4647
f 4818/4094/4646 4787/4091/4643 4784/4093/4645
f 4750/4097/4649 4818/4094/4646 4819/4098/4650
f 4825/4100/4652 4826/4103/4655 4193/4101/4653
f 4826/4103/4655 4825/4100/4652 4822/4104/4656
f 4823/4105/4657 4822/4104/4656 4815/4106/4658
f 4826/4103/4655 4827/4107/4661 4196/4096/4660
f 3766/3315/3672 3772/4109/4663 3771/3312/3669
f 4706/3998/4526 4707/4057/4664 4700/4017/4545
f 4717/4015/4543 4700/4017/4545 4707/4057/4664
f 4702/4049/4577 4701/4114/4666 4707/4111/4664
f 4716/4113/4665 4707/4111/4664 4701/4114/4666
f 3772/4109/4668 4701/4114/4666 4702/4049/4577
f 3777/3318/3675 3773/3317/3674 4748/4117/4670
f 3772/4109/4668 3776/4108/4662 4704/4115/4667
f 4768/4086/4640 4772/4088/4599 4773/4118/4611
f 4782/4120/4672 4770/4125/4677 4767/4119/4671
f 4817/4121/4673 4816/4089/4641 4768/4086/4640
f 4814/4099/4651 4819/4098/4650 4821/4122/4674
f 4824/4126/4678 4823/4105/4657 4816/4089/4659
f 4824/4126/4678 4827/4107/4661 4826/4103/4655
f 4819/4098/4650 4827/4107/4661 4824/4126/4678
f 4770/4125/4677 4820/4123/4675 4817/4121/4673
